DFT_ID,Alloy,Ti,Zr,Hf,V,Nb,Ta,Mo,W,Re
DFT_0001,W91Re9,0,0,0,0,0,0,0,91,9
DFT_0002,W95Re5,0,0,0,0,0,0,0,95,5
DFT_0003,Mo92Re8,0,0,0,0,0,0,92,0,8
DFT_0004,Ta50W50,0,0,0,0,0,50,0,50,0
DFT_0005,Ta60W40,0,0,0,0,0,60,0,40,0
DFT_0006,Ta70W30,0,0,0,0,0,70,0,30,0
DFT_0007,Ta80W20,0,0,0,0,0,80,0,20,0
DFT_0008,Ta90W7Re3,0,0,0,0,0,90,0,7,3
DFT_0009,Ta90W10,0,0,0,0,0,90,0,10,0
DFT_0010,Nb5Ta45Mo5W45,0,0,0,0,5,45,5,45,0
DFT_0011,Nb22Ta34Mo22W22,0,0,0,0,22,34,22,22,0
DFT_0012,Nb24Ta28Mo24W24,0,0,0,0,24,28,24,24,0
DFT_0013,Nb25Ta25Mo25W25,0,0,0,0,25,25,25,25,0
DFT_0014,Nb26Ta23Mo26W25,0,0,0,0,26,23,26,25,0
DFT_0015,Nb27Ta19Mo27W27,0,0,0,0,27,19,27,27,0
DFT_0016,Nb29Ta14Mo29W28,0,0,0,0,29,14,29,28,0
DFT_0017,Nb32Ta6Mo31W31,0,0,0,0,32,6,31,31,0
DFT_0018,Nb35Ta5Mo25W35,0,0,0,0,35,5,25,35,0
DFT_0019,Nb35Ta35Mo5W25,0,0,0,0,35,35,5,25,0
DFT_0020,Nb50Mo25W25,0,0,0,0,50,0,25,25,0
DFT_0021,Nb66Mo17W17,0,0,0,0,66,0,17,17,0
DFT_0022,Nb66Mo18W16,0,0,0,0,66,0,18,16,0
DFT_0023,Nb67Mo16W17,0,0,0,0,67,0,16,17,0
DFT_0024,Nb67Mo17W16,0,0,0,0,67,0,17,16,0
DFT_0025,Nb68Mo16W16,0,0,0,0,68,0,16,16,0
DFT_0026,Nb89Ta6W5,0,0,0,0,89,6,0,5,0
DFT_0027,V10Nb10Ta35Mo10W35,0,0,0,10,10,35,10,35,0
DFT_0028,V11Nb45Ta44,0,0,0,11,45,44,0,0,0
DFT_0029,V18Nb41Ta41,0,0,0,18,41,41,0,0,0
DFT_0030,V20Nb20Ta20Mo20W20,0,0,0,20,20,20,20,20,0
DFT_0031,V21Nb39Ta40,0,0,0,21,39,40,0,0,0
DFT_0032,V25Nb25Ta25W25,0,0,0,25,25,25,0,25,0
DFT_0033,V25Nb25Ta25Mo25,0,0,0,25,25,25,25,0,0
DFT_0034,V33Nb34Ta33,0,0,0,33,34,33,0,0,0
DFT_0035,Hf1Ta81W16Re2,0,0,1,0,0,81,0,16,2
DFT_0036,Hf1Ta82W15Re2,0,0,1,0,0,82,0,15,2
DFT_0037,Hf1Ta84W14Re1,0,0,1,0,0,84,0,14,1
DFT_0038,Hf1Ta88W9Re2,0,0,1,0,0,88,0,9,2
DFT_0039,Hf1Ta88W10Re1,0,0,1,0,0,88,0,10,1
DFT_0040,Hf1Ta88W11,0,0,1,0,0,88,0,11,0
DFT_0041,Hf1Ta89W8Re2,0,0,1,0,0,89,0,8,2
DFT_0042,Hf1Ta89W9Re1,0,0,1,0,0,89,0,9,1
DFT_0043,Hf1Ta90W7Re2,0,0,1,0,0,90,0,7,2
DFT_0044,Hf1Ta90W8Re1,0,0,1,0,0,90,0,8,1
DFT_0045,Hf1Ta90W9,0,0,1,0,0,90,0,9,0
DFT_0046,Hf1Ta91W6Re2,0,0,1,0,0,91,0,6,2
DFT_0047,Hf1Ta91W7Re1,0,0,1,0,0,91,0,7,1
DFT_0048,Hf1Ta91W8,0,0,1,0,0,91,0,8,0
DFT_0049,Hf1V17Nb41Ta41,0,0,1,17,41,41,0,0,0
DFT_0050,Hf2Ta88W10,0,0,2,0,0,88,0,10,0
DFT_0051,Hf2Ta90W7Re1,0,0,2,0,0,90,0,7,1
DFT_0052,Hf2Ta90W8,0,0,2,0,0,90,0,8,0
DFT_0053,Hf2Ta91W7,0,0,2,0,0,91,0,7,0
DFT_0054,Hf3Ta87W10,0,0,3,0,0,87,0,10,0
DFT_0055,Hf3Ta89W8,0,0,3,0,0,89,0,8,0
DFT_0056,Hf3V15Nb40Ta40Mo2,0,0,3,15,40,40,2,0,0
DFT_0057,Hf3V15Nb41Ta41,0,0,3,15,41,41,0,0,0
DFT_0058,Hf4V19Nb38Ta39,0,0,4,19,38,39,0,0,0
DFT_0059,Hf7Nb23Ta23Mo23W24,0,0,7,0,23,23,23,24,0
DFT_0060,Hf7Nb30Ta31W32,0,0,7,0,30,31,0,32,0
DFT_0061,Hf7Nb31Ta31W31,0,0,7,0,31,31,0,31,0
DFT_0062,Hf7Nb32Ta30W31,0,0,7,0,32,30,0,31,0
DFT_0063,Hf8Nb30Ta31W31,0,0,8,0,30,31,0,31,0
DFT_0064,Hf8Nb31Ta30W31,0,0,8,0,31,30,0,31,0
DFT_0065,Hf8Nb31Ta31W30,0,0,8,0,31,31,0,30,0
DFT_0066,Hf10Nb44Ta44W2,0,0,10,0,44,44,0,2,0
DFT_0067,Hf15Nb21Ta21Mo22W21,0,0,15,0,21,21,22,21,0
DFT_0068,Hf19Nb75W6,0,0,19,0,75,0,0,6,0
DFT_0069,Hf20Nb20Ta20Mo20W20,0,0,20,0,20,20,20,20,0
DFT_0070,Hf51Ta19Mo30,0,0,51,0,0,19,30,0,0
DFT_0071,Hf58Ta21Mo21,0,0,58,0,0,21,21,0,0
DFT_0072,Hf61Ta23Mo16,0,0,61,0,0,23,16,0,0
DFT_0073,Hf69Ta26Mo5,0,0,69,0,0,26,5,0,0
DFT_0074,Zr1Ta89W9Re1,0,1,0,0,0,89,0,9,1
DFT_0075,Zr1Ta91W7Re1,0,1,0,0,0,91,0,7,1
DFT_0076,Zr1Ta91W8,0,1,0,0,0,91,0,8,0
DFT_0077,Zr1Ta91Mo1W7,0,1,0,0,0,91,1,7,0
DFT_0078,Zr1Ta91Mo2W4Re2,0,1,0,0,0,91,2,4,2
DFT_0079,Zr1Ta93W5Re1,0,1,0,0,0,93,0,5,1
DFT_0080,Zr1Nb75Ta18W6,0,1,0,0,75,18,0,6,0
DFT_0081,Zr1Nb88Mo4W7,0,1,0,0,88,0,4,7,0
DFT_0082,Zr1Nb89Ta4Mo2W4,0,1,0,0,89,4,2,4,0
DFT_0083,Zr1Nb90Mo4W5,0,1,0,0,90,0,4,5,0
DFT_0084,Zr1Nb94W5,0,1,0,0,94,0,0,5,0
DFT_0085,Zr1Nb94Mo2W3,0,1,0,0,94,0,2,3,0
DFT_0086,Zr1Nb95Mo2W2,0,1,0,0,95,0,2,2,0
DFT_0087,Zr1Nb96W3,0,1,0,0,96,0,0,3,0
DFT_0088,Zr1Nb96Mo2W1,0,1,0,0,96,0,2,1,0
DFT_0089,Zr1Hf1Ta90W7Re1,0,1,1,0,0,90,0,7,1
DFT_0090,Zr1Hf1Ta91Mo1W5Re1,0,1,1,0,0,91,1,5,1
DFT_0091,Zr1Hf1Ta91Mo1W6,0,1,1,0,0,91,1,6,0
DFT_0092,Zr2Nb86Ta5Mo2W5,0,2,0,0,86,5,2,5,0
DFT_0093,Zr2Nb87Ta5Mo2W4,0,2,0,0,87,5,2,4,0
DFT_0094,Zr2Nb92Mo2W4,0,2,0,0,92,0,2,4,0
DFT_0095,Zr3Nb24Ta24Mo24W25,0,3,0,0,24,24,24,25,0
DFT_0096,Zr3Nb86Ta5Mo2W4,0,3,0,0,86,5,2,4,0
DFT_0097,Zr3Nb92W5,0,3,0,0,92,0,0,5,0
DFT_0098,Zr5Nb95,0,5,0,0,95,0,0,0,0
DFT_0099,Zr11Nb22Ta22Mo23W22,0,11,0,0,22,22,23,22,0
DFT_0100,Zr20Nb20Ta20Mo20W20,0,20,0,0,20,20,20,20,0
DFT_0101,Zr34Nb33Ta33,0,34,0,0,33,33,0,0,0
DFT_0102,Ti1Zr1Mo98,1,1,0,0,0,0,98,0,0
DFT_0103,Ti2Zr1Hf5Nb92,2,1,5,0,92,0,0,0,0
DFT_0104,Ti2Zr1Hf6Nb91,2,1,6,0,91,0,0,0,0
DFT_0105,Ti3V15Nb39Ta40Mo3,3,0,0,15,39,40,3,0,0
DFT_0106,Ti3V15Nb40Ta40Mo2,3,0,0,15,40,40,2,0,0
DFT_0107,Ti3V15Nb41Ta41,3,0,0,15,41,41,0,0,0
DFT_0108,Ti6Nb24Ta23Mo24W23,6,0,0,0,24,23,24,23,0
DFT_0109,Ti8V25Nb33Ta34,8,0,0,25,33,34,0,0,0
DFT_0110,Ti10Hf10V10Nb45Ta25,10,0,10,10,45,25,0,0,0
DFT_0111,Ti10Zr1Nb76Mo5W8,10,1,0,0,76,0,5,8,0
DFT_0112,Ti11Nb22Ta22Mo23W22,11,0,0,0,22,22,23,22,0
DFT_0113,Ti11Hf11V8Nb35Ta35,11,0,11,8,35,35,0,0,0
DFT_0114,Ti13Hf15Nb43Ta27Re2,13,0,15,0,43,27,0,0,2
DFT_0115,Ti14V29Nb29Ta28,14,0,0,29,29,28,0,0,0
DFT_0116,Ti14Zr14Hf15Nb14Ta14Mo15W14,14,14,15,0,14,14,15,14,0
DFT_0117,Ti15Hf5Nb55Ta25,15,0,5,0,55,25,0,0,0
DFT_0118,Ti15Hf15Nb45Ta25,15,0,15,0,45,25,0,0,0
DFT_0119,Ti15Zr5Hf15Nb40Ta25,15,5,15,0,40,25,0,0,0
DFT_0120,Ti15Zr45Nb30Ta10,15,45,0,0,30,10,0,0,0
DFT_0121,Ti16Nb21Ta21Mo21W21,16,0,0,0,21,21,21,21,0
DFT_0122,Ti16Zr16Hf17Nb17Ta17W17,16,16,17,0,17,17,0,17,0
DFT_0123,Ti16Zr17Hf17Nb17Ta17Mo16,16,17,17,0,17,17,16,0,0
DFT_0124,Ti17V17Nb17Ta16Mo17W16,17,0,0,17,17,16,17,16,0
DFT_0125,Ti18Nb73Mo9,18,0,0,0,73,0,9,0,0
DFT_0126,Ti18V5Nb71W6,18,0,0,5,71,0,0,6,0
DFT_0127,Ti18Zr5Nb77,18,5,0,0,77,0,0,0,0
DFT_0128,Ti20Nb20Ta20Mo20W20,20,0,0,0,20,20,20,20,0
DFT_0129,Ti20V20Nb20Ta20W20,20,0,0,20,20,20,0,20,0
DFT_0130,Ti20Hf20Nb20Ta20Mo20,20,0,20,0,20,20,20,0,0
DFT_0131,Ti20Zr20Hf20Ta20Mo20,20,20,20,0,0,20,20,0,0
DFT_0132,Ti20Zr20Hf20Nb20Ta20,20,20,20,0,20,20,0,0,0
DFT_0133,Ti25V25Nb25Mo25,25,0,0,25,25,0,25,0,0
DFT_0134,Ti25Hf25Nb25Ta25,25,0,25,0,25,25,0,0,0
DFT_0135,Ti25Hf25V25Nb25,25,0,25,25,25,0,0,0,0
DFT_0136,Ti25Zr25Nb25Ta25,25,25,0,0,25,25,0,0,0
DFT_0137,Ti25Zr25V25Nb25,25,25,0,25,25,0,0,0,0
DFT_0138,Ti25Zr25Hf25Ta25,25,25,25,0,0,25,0,0,0
DFT_0139,Ti25Zr25Hf25Nb12Ta13,25,25,25,0,12,13,0,0,0
DFT_0140,Ti25Zr25Hf25Nb25,25,25,25,0,25,0,0,0,0
DFT_0141,Ti28Zr28Hf28Ta16,28,28,28,0,0,16,0,0,0
DFT_0142,Ti28Zr29Hf29Ta14,28,29,29,0,0,14,0,0,0
DFT_0143,Ti29Zr28Hf29Nb14,29,28,29,0,14,0,0,0,0
DFT_0144,Ti30Zr29Hf29Ta12,30,29,29,0,0,12,0,0,0
DFT_0145,Ti31Zr32Nb31Ta3Mo3,31,32,0,0,31,3,3,0,0
DFT_0146,Ti33V34Nb33,33,0,0,34,33,0,0,0,0
DFT_0147,Ti33Zr33V17Nb17,33,33,0,17,17,0,0,0,0
DFT_0148,Ti34V22Nb22Ta22,34,0,0,22,22,22,0,0,0
DFT_0149,Ti34Zr33Nb33,34,33,0,0,33,0,0,0,0
DFT_0150,Ti35Zr27Hf27Nb5Ta6,35,27,27,0,5,6,0,0,0
DFT_0151,Ti35Zr35Nb20Mo10,35,35,0,0,20,0,10,0,0
DFT_0152,Ti37Hf23V15Nb22W3,37,0,23,15,22,0,0,3,0
DFT_0153,Ti38Hf24V15Nb23,38,0,24,15,23,0,0,0,0
DFT_0154,Ti41Hf16V27Nb16,41,0,16,27,16,0,0,0,0
DFT_0155,Ti42Hf21V16Nb21,42,0,21,16,21,0,0,0,0
DFT_0156,Ti43Zr14V28Nb14Mo1,43,14,0,28,14,0,1,0,0
DFT_0157,Ti43Zr14V29Nb14,43,14,0,29,14,0,0,0,0
DFT_0158,Ti43Zr42Nb5Ta5Mo5,43,42,0,0,5,5,5,0,0
DFT_0159,Ti44Zr14V28Nb14,44,14,0,28,14,0,0,0,0
DFT_0160,Ti44Zr30Nb26,44,30,0,0,26,0,0,0,0
DFT_0161,Ti45Zr45Nb5Mo5,45,45,0,0,5,0,5,0,0
DFT_0162,Ti45Zr45Nb5Ta5,45,45,0,0,5,5,0,0,0
DFT_0163,Ti49Zr32Nb13Ta6,49,32,0,0,13,6,0,0,0
DFT_0164,Ti56Zr30Nb14,56,30,0,0,14,0,0,0,0
DFT_0165,Ta90W2Re8,0,0,0,0,0,90,0,2,8
DFT_0166,Nb5Ta45Mo8W42,0,0,0,0,5,45,8,42,0
DFT_0167,Nb22Ta34Mo24W20,0,0,0,0,22,34,24,20,0
DFT_0168,Nb24Ta28Mo21W27,0,0,0,0,24,28,21,27,0
DFT_0169,Nb26Ta23Mo28W23,0,0,0,0,26,23,28,23,0
DFT_0170,Nb27Ta19Mo31W23,0,0,0,0,27,19,31,23,0
DFT_0171,Nb28Ta25Mo25W22,0,0,0,0,28,25,25,22,0
DFT_0172,Nb29Ta14Mo24W33,0,0,0,0,29,14,24,33,0
DFT_0173,Nb32Ta6Mo34W28,0,0,0,0,32,6,34,28,0
DFT_0174,Nb35Ta5Mo20W40,0,0,0,0,35,5,20,40,0
DFT_0175,Nb35Ta35Mo1W29,0,0,0,0,35,35,1,29,0
DFT_0176,Nb50Mo23W27,0,0,0,0,50,0,23,27,0
DFT_0177,Nb61Mo17W22,0,0,0,0,61,0,17,22,0
DFT_0178,Nb66Mo23W11,0,0,0,0,66,0,23,11,0
DFT_0179,Nb67Mo12W21,0,0,0,0,67,0,12,21,0
DFT_0180,Nb69Mo17W14,0,0,0,0,69,0,17,14,0
DFT_0181,Nb72Mo12W16,0,0,0,0,72,0,12,16,0
DFT_0182,Nb91Ta6W3,0,0,0,0,91,6,0,3,0
DFT_0183,V8Nb10Ta35Mo10W37,0,0,0,8,10,35,10,37,0
DFT_0184,V8Nb45Ta47,0,0,0,8,45,47,0,0,0
DFT_0185,V14Nb45Ta41,0,0,0,14,45,41,0,0,0
DFT_0186,V17Nb20Ta20Mo20W23,0,0,0,17,20,20,20,23,0
DFT_0187,V20Nb25Ta25Mo30,0,0,0,20,25,25,30,0,0
DFT_0188,V21Nb25Ta25W29,0,0,0,21,25,25,0,29,0
DFT_0189,V24Nb39Ta37,0,0,0,24,39,37,0,0,0
DFT_0190,V28Nb34Ta38,0,0,0,28,34,38,0,0,0
DFT_0191,Hf1Ta79W16Re4,0,0,1,0,0,79,0,16,4
DFT_0192,Hf1Ta84W15,0,0,1,0,0,84,0,15,0
DFT_0193,Hf1Ta85W9Re5,0,0,1,0,0,85,0,9,5
DFT_0194,Hf1Ta86W6Re7,0,0,1,0,0,86,0,6,7
DFT_0195,Hf1Ta88W7Re4,0,0,1,0,0,88,0,7,4
DFT_0196,Hf1Ta93W6,0,0,1,0,0,93,0,6,0
DFT_0197,Hf1V14Nb41Ta44,0,0,1,14,41,44,0,0,0
DFT_0198,Hf2Ta90W3Re5,0,0,2,0,0,90,0,3,5
DFT_0199,Hf2Ta95W3,0,0,2,0,0,95,0,3,0
DFT_0200,Hf2V19Nb38Ta41,0,0,2,19,38,41,0,0,0
DFT_0201,Hf3Ta82W13Re2,0,0,3,0,0,82,0,13,2
DFT_0202,Hf3Ta90W5Re2,0,0,3,0,0,90,0,5,2
DFT_0203,Hf3Nb30Ta31W36,0,0,3,0,30,31,0,36,0
DFT_0204,Hf3Nb31Ta35W31,0,0,3,0,31,35,0,31,0
DFT_0205,Hf4Ta81W14Re1,0,0,4,0,0,81,0,14,1
DFT_0206,Hf4Ta86W9Re1,0,0,4,0,0,86,0,9,1
DFT_0207,Hf4Ta88W7Re1,0,0,4,0,0,88,0,7,1
DFT_0208,Hf4Ta88W8,0,0,4,0,0,88,0,8,0
DFT_0209,Hf4Ta91W5,0,0,4,0,0,91,0,5,0
DFT_0210,Hf5Ta85W8Re2,0,0,5,0,0,85,0,8,2
DFT_0211,Hf5Ta90W4Re1,0,0,5,0,0,90,0,4,1
DFT_0212,Hf5Nb32Ta30W33,0,0,5,0,32,30,0,33,0
DFT_0213,Hf6Ta84W10,0,0,6,0,0,84,0,10,0
DFT_0214,Hf6V15Nb41Ta38,0,0,6,15,41,38,0,0,0
DFT_0215,Hf7Ta89W4,0,0,7,0,0,89,0,4,0
DFT_0216,Hf7Nb44Ta44W5,0,0,7,0,44,44,0,5,0
DFT_0217,Hf8Ta82W10,0,0,8,0,0,82,0,10,0
DFT_0218,Hf8Nb31Ta27W34,0,0,8,0,31,27,0,34,0
DFT_0219,Hf8V10Nb40Ta40Mo2,0,0,8,10,40,40,2,0,0
DFT_0220,Hf10Nb21Ta21Mo27W21,0,0,10,0,21,21,27,21,0
DFT_0221,Hf10Nb23Ta23Mo20W24,0,0,10,0,23,23,20,24,0
DFT_0222,Hf10Nb31Ta31W28,0,0,10,0,31,31,0,28,0
DFT_0223,Hf11Nb27Ta31W31,0,0,11,0,27,31,0,31,0
DFT_0224,Hf17Nb75W8,0,0,17,0,75,0,0,8,0
DFT_0225,Hf23Nb20Ta20Mo17W20,0,0,23,0,20,20,17,20,0
DFT_0226,Hf53Ta19Mo28,0,0,53,0,0,19,28,0,0
DFT_0227,Hf55Ta21Mo24,0,0,55,0,0,21,24,0,0
DFT_0228,Hf66Ta23Mo11,0,0,66,0,0,23,11,0,0
DFT_0229,Hf72Ta26Mo2,0,0,72,0,0,26,2,0,0
DFT_0230,Zr1Ta87Mo2W4Re6,0,1,0,0,0,87,2,4,6
DFT_0231,Zr1Ta91W4Re4,0,1,0,0,0,91,0,4,4
DFT_0232,Zr1Ta93W3Re3,0,1,0,0,0,93,0,3,3
DFT_0233,Zr1Nb84Mo8W7,0,1,0,0,84,0,8,7,0
DFT_0234,Zr1Nb85Mo4W10,0,1,0,0,85,0,4,10,0
DFT_0235,Zr1Nb85Ta4Mo6W4,0,1,0,0,85,4,6,4,0
DFT_0236,Zr1Nb89Mo7W3,0,1,0,0,89,0,7,3,0
DFT_0237,Zr1Nb91W8,0,1,0,0,91,0,0,8,0
DFT_0238,Zr1Nb92Mo6W1,0,1,0,0,92,0,6,1,0
DFT_0239,Zr1Hf1Ta88W7Re3,0,1,1,0,0,88,0,7,3
DFT_0240,Zr1Hf1Ta91Mo6W1,0,1,1,0,0,91,6,1,0
DFT_0241,Zr2Nb87Ta5Mo4W2,0,2,0,0,87,5,4,2,0
DFT_0242,Zr3Nb75Ta16W6,0,3,0,0,75,16,0,6,0
DFT_0243,Zr3Nb96W1,0,3,0,0,96,0,0,1,0
DFT_0244,Zr3Hf1Ta89Mo1W5Re1,0,3,1,0,0,89,1,5,1
DFT_0245,Zr4Nb84Ta5Mo2W5,0,4,0,0,84,5,2,5,0
DFT_0246,Zr5Ta87Mo1W7,0,5,0,0,0,87,1,7,0
DFT_0247,Zr5Nb90W5,0,5,0,0,90,0,0,5,0
DFT_0248,Zr5Nb92Mo2W1,0,5,0,0,92,0,2,1,0
DFT_0249,Zr6Ta84W9Re1,0,6,0,0,0,84,0,9,1
DFT_0250,Zr6Ta91W3,0,6,0,0,0,91,0,3,0
DFT_0251,Zr6Nb24Ta24Mo24W22,0,6,0,0,24,24,24,22,0
DFT_0252,Zr6Nb90Mo2W2,0,6,0,0,90,0,2,2,0
DFT_0253,Zr7Nb22Ta22Mo23W26,0,7,0,0,22,22,23,26,0
DFT_0254,Zr7Nb86Ta1Mo2W4,0,7,0,0,86,1,2,4,0
DFT_0255,Zr16Nb20Ta20Mo20W24,0,16,0,0,20,20,20,24,0
DFT_0256,Zr29Nb33Ta38,0,29,0,0,33,38,0,0,0
DFT_0257,Ti1Zr3Mo96,1,3,0,0,0,0,96,0,0
DFT_0258,Ti2Zr6Hf6Nb86,2,6,6,0,86,0,0,0,0
DFT_0259,Ti3V10Nb39Ta40Mo8,3,0,0,10,39,40,8,0,0
DFT_0260,Ti4Nb24Ta23Mo24W25,4,0,0,0,24,23,24,25,0
DFT_0261,Ti5Zr1Hf2Nb92,5,1,2,0,92,0,0,0,0
DFT_0262,Ti6V12Nb41Ta41,6,0,0,12,41,41,0,0,0
DFT_0263,Ti8V15Nb40Ta35Mo2,8,0,0,15,40,35,2,0,0
DFT_0264,Ti8Zr3Nb76Mo5W8,8,3,0,0,76,0,5,8,0
DFT_0265,Ti10Hf10Nb55Ta25,10,0,10,0,55,25,0,0,0
DFT_0266,Ti11V22Nb33Ta34,11,0,0,22,33,34,0,0,0
DFT_0267,Ti13Nb22Ta22Mo23W20,13,0,0,0,22,22,23,20,0
DFT_0268,Ti13Hf15Nb43Ta22Re7,13,0,15,0,43,22,0,0,7
DFT_0269,Ti14Nb21Ta21Mo21W23,14,0,0,0,21,21,21,23,0
DFT_0270,Ti14Hf10V6Nb45Ta25,14,0,10,6,45,25,0,0,0
DFT_0271,Ti14Zr14Hf11Nb14Ta14Mo19W14,14,14,11,0,14,14,19,14,0
DFT_0272,Ti15Hf11V4Nb35Ta35,15,0,11,4,35,35,0,0,0
DFT_0273,Ti16Zr16Hf22Nb17Ta17W12,16,16,22,0,17,17,0,12,0
DFT_0274,Ti16Zr17Hf21Nb17Ta17Mo12,16,17,21,0,17,17,12,0,0
DFT_0275,Ti17V14Nb17Ta16Mo17W19,17,0,0,14,17,16,17,19,0
DFT_0276,Ti17V26Nb29Ta28,17,0,0,26,29,28,0,0,0
DFT_0277,Ti17Zr43Nb30Ta10,17,43,0,0,30,10,0,0,0
DFT_0278,Ti19Hf11Nb45Ta25,19,0,11,0,45,25,0,0,0
DFT_0279,Ti19Zr5Hf11Nb40Ta25,19,5,11,0,40,25,0,0,0
DFT_0280,Ti20Nb73Mo7,20,0,0,0,73,0,7,0,0
DFT_0281,Ti20V16Nb20Ta20W24,20,0,0,16,20,20,0,24,0
DFT_0282,Ti20Hf18Nb20Ta20Mo22,20,0,18,0,20,20,22,0,0
DFT_0283,Ti20Zr3Nb77,20,3,0,0,77,0,0,0,0
DFT_0284,Ti20Zr17Hf23Nb20Ta20,20,17,23,0,20,20,0,0,0
DFT_0285,Ti20Zr20Hf24Ta20Mo16,20,20,24,0,0,20,16,0,0
DFT_0286,Ti22V1Nb71W6,22,0,0,1,71,0,0,6,0
DFT_0287,Ti25Nb20Ta20Mo20W15,25,0,0,0,20,20,20,15,0
DFT_0288,Ti25V20Nb25Mo30,25,0,0,20,25,0,30,0,0
DFT_0289,Ti25Hf27V23Nb25,25,0,27,23,25,0,0,0,0
DFT_0290,Ti25Zr20Hf30Ta25,25,20,30,0,0,25,0,0,0
DFT_0291,Ti25Zr20Hf30Nb25,25,20,30,0,25,0,0,0,0
DFT_0292,Ti25Zr23Hf27Nb12Ta13,25,23,27,0,12,13,0,0,0
DFT_0293,Ti26Zr32Nb31Ta3Mo8,26,32,0,0,31,3,8,0,0
DFT_0294,Ti27Hf23Nb25Ta25,27,0,23,0,25,25,0,0,0
DFT_0295,Ti28Zr22Nb25Ta25,28,22,0,0,25,25,0,0,0
DFT_0296,Ti28Zr27Hf31Ta14,28,27,31,0,0,14,0,0,0
DFT_0297,Ti28Zr32Hf24Ta16,28,32,24,0,0,16,0,0,0
DFT_0298,Ti29Zr25V21Nb25,29,25,0,21,25,0,0,0,0
DFT_0299,Ti29Zr25Hf32Nb14,29,25,32,0,14,0,0,0,0
DFT_0300,Ti30Zr24Hf34Ta12,30,24,34,0,0,12,0,0,0
DFT_0301,Ti35Zr32Hf22Nb5Ta6,35,32,22,0,5,6,0,0,0
DFT_0302,Ti35Zr40Nb20Mo5,35,40,0,0,20,0,5,0,0
DFT_0303,Ti36Zr31Nb33,36,31,0,0,33,0,0,0,0
DFT_0304,Ti37V19Nb22Ta22,37,0,0,19,22,22,0,0,0
DFT_0305,Ti37V30Nb33,37,0,0,30,33,0,0,0,0
DFT_0306,Ti37Hf23V11Nb22W7,37,0,23,11,22,0,0,7,0
DFT_0307,Ti38Hf21V20Nb21,38,0,21,20,21,0,0,0,0
DFT_0308,Ti38Zr33V12Nb17,38,33,0,12,17,0,0,0,0
DFT_0309,Ti41Hf14V29Nb16,41,0,14,29,16,0,0,0,0
DFT_0310,Ti41Hf24V12Nb23,41,0,24,12,23,0,0,0,0
DFT_0311,Ti41Zr45Nb5Mo9,41,45,0,0,5,0,9,0,0
DFT_0312,Ti43Zr10V33Nb14,43,10,0,33,14,0,0,0,0
DFT_0313,Ti43Zr12V28Nb14Mo3,43,12,0,28,14,0,3,0,0
DFT_0314,Ti43Zr37Nb5Ta5Mo10,43,37,0,0,5,5,10,0,0
DFT_0315,Ti48Zr42Nb5Ta5,48,42,0,0,5,5,0,0,0
DFT_0316,Ti49Zr14V23Nb14,49,14,0,23,14,0,0,0,0
DFT_0317,Ti49Zr25Nb26,49,25,0,0,26,0,0,0,0
DFT_0318,Ti53Zr28Nb13Ta6,53,28,0,0,13,6,0,0,0
DFT_0319,Ti59Zr27Nb14,59,27,0,0,14,0,0,0,0
DFT_0320,Nb45Ta25Mo5W25,0,0,0,0,45,25,5,25,0
DFT_0321,V10Nb15Ta30Mo15W30,0,0,0,10,15,30,15,30,0
DFT_0322,V10Nb15Ta50W25,0,0,0,10,15,50,0,25,0
DFT_0323,V10Nb45Mo20W25,0,0,0,10,45,0,20,25,0
DFT_0324,V20Nb25Ta15Mo30W10,0,0,0,20,25,15,30,10,0
DFT_0325,V30Nb35Ta5W30,0,0,0,30,35,5,0,30,0
DFT_0326,V35Ta5Mo30W30,0,0,0,35,0,5,30,30,0
DFT_0327,V35Nb25Mo20W20,0,0,0,35,25,0,20,20,0
DFT_0328,V40Ta25Mo20W15,0,0,0,40,0,25,20,15,0
DFT_0329,V40Nb20Ta15Mo15W10,0,0,0,40,20,15,15,10,0
DFT_0330,Hf5V20Ta30Mo15W30,0,0,5,20,0,30,15,30,0
DFT_0331,Hf10Nb20Ta35Mo20W15,0,0,10,0,20,35,20,15,0
DFT_0332,Hf20V15Nb5Ta15Mo30W15,0,0,20,15,5,15,30,15,0
DFT_0333,Hf35V25Ta25W15,0,0,35,25,0,25,0,15,0
DFT_0334,Hf40V10Mo30W20,0,0,40,10,0,0,30,20,0
DFT_0335,Zr5V30Nb35Mo30,0,5,0,30,35,0,30,0,0
DFT_0336,Zr5Hf20Nb25Mo20W30,0,5,20,0,25,0,20,30,0
DFT_0337,Zr10Ta30Mo30W30,0,10,0,0,0,30,30,30,0
DFT_0338,Zr10Nb35Ta20Mo5W30,0,10,0,0,35,20,5,30,0
DFT_0339,Zr10V15Nb40Mo15W20,0,10,0,15,40,0,15,20,0
DFT_0340,Zr10V20Ta10Mo30W30,0,10,0,20,0,10,30,30,0
DFT_0341,Zr10V30Ta15Mo15W30,0,10,0,30,0,15,15,30,0
DFT_0342,Zr10V40Nb15Mo15W20,0,10,0,40,15,0,15,20,0
DFT_0343,Zr10Hf20V35Nb15Mo20,0,10,20,35,15,0,20,0,0
DFT_0344,Zr15Nb20Ta20Mo30W15,0,15,0,0,20,20,30,15,0
DFT_0345,Zr15Hf20V15Ta20Mo15W15,0,15,20,15,0,20,15,15,0
DFT_0346,Zr15Hf20V25Nb20Ta20,0,15,20,25,20,20,0,0,0
DFT_0347,Zr20V35Ta15W30,0,20,0,35,0,15,0,30,0
DFT_0348,Zr20V40Nb20Ta20,0,20,0,40,20,20,0,0,0
DFT_0349,Zr20Hf40V5Nb15Ta20,0,20,40,5,15,20,0,0,0
DFT_0350,Zr25V15Ta15Mo15W30,0,25,0,15,0,15,15,30,0
DFT_0351,Zr25Hf25V25Nb15W10,0,25,25,25,15,0,0,10,0
DFT_0352,Zr30V20Nb10Mo20W20,0,30,0,20,10,0,20,20,0
DFT_0353,Zr30Hf20Ta5Mo30W15,0,30,20,0,0,5,30,15,0
DFT_0354,Zr30Hf40V20Nb10,0,30,40,20,10,0,0,0,0
DFT_0355,Zr35V25Nb20Ta20,0,35,0,25,20,20,0,0,0
DFT_0356,Zr40Hf10V20Mo15W15,0,40,10,20,0,0,15,15,0
DFT_0357,Ti5Zr15Hf40V15Ta25,5,15,40,15,0,25,0,0,0
DFT_0358,Ti10Zr10Ta30Mo30W20,10,10,0,0,0,30,30,20,0
DFT_0359,Ti10Zr25V25Ta25W15,10,25,0,25,0,25,0,15,0
DFT_0360,Ti10Zr40Hf10Nb20Ta20,10,40,10,0,20,20,0,0,0
DFT_0361,Ti10Zr40Hf25V5Ta10Mo10,10,40,25,5,0,10,10,0,0
DFT_0362,Ti10Zr40Hf40V10,10,40,40,10,0,0,0,0,0
DFT_0363,Ti15Ta40Mo30W15,15,0,0,0,0,40,30,15,0
DFT_0364,Ti15Nb15Ta25Mo25W20,15,0,0,0,15,25,25,20,0
DFT_0365,Ti15V15Nb15Ta15Mo20W20,15,0,0,15,15,15,20,20,0
DFT_0366,Ti15Hf10V10Nb15Mo30W20,15,0,10,10,15,0,30,20,0
DFT_0367,Ti15Zr5Nb20Mo30W30,15,5,0,0,20,0,30,30,0
DFT_0368,Ti15Zr5V25Ta10Mo30W15,15,5,0,25,0,10,30,15,0
DFT_0369,Ti15Zr10Hf20V20Mo15W20,15,10,20,20,0,0,15,20,0
DFT_0370,Ti15Zr15Hf40V10Ta10W10,15,15,40,10,0,10,0,10,0
DFT_0371,Ti15Zr20Hf25V10Nb10Ta20,15,20,25,10,10,20,0,0,0
DFT_0372,Ti15Zr40Hf15Ta20W10,15,40,15,0,0,20,0,10,0
DFT_0373,Ti15Zr40Hf40Nb5,15,40,40,0,5,0,0,0,0
DFT_0374,Ti20Hf40Nb10Ta30,20,0,40,0,10,30,0,0,0
DFT_0375,Ti20Zr15Hf20V30Mo15,20,15,20,30,0,0,15,0,0
DFT_0376,Ti20Zr20Hf40Ta10Mo10,20,20,40,0,0,10,10,0,0
DFT_0377,Ti20Zr25Hf15V20Nb20,20,25,15,20,20,0,0,0,0
DFT_0378,Ti20Zr35Hf15V5Nb25,20,35,15,5,25,0,0,0,0
DFT_0379,Ti25Ta15Mo30W30,25,0,0,0,0,15,30,30,0
DFT_0380,Ti25Zr10Hf30Nb35,25,10,30,0,35,0,0,0,0
DFT_0381,Ti25Zr15Hf30Nb15Ta15,25,15,30,0,15,15,0,0,0
DFT_0382,Ti25Zr30Hf15V25W5,25,30,15,25,0,0,0,5,0
DFT_0383,Ti25Zr40V10Mo15W10,25,40,0,10,0,0,15,10,0
DFT_0384,Ti25Zr40Hf25Nb10,25,40,25,0,10,0,0,0,0
DFT_0385,Ti30Zr15Hf25V5Ta15W10,30,15,25,5,0,15,0,10,0
DFT_0386,Ti30Zr40V20Mo10,30,40,0,20,0,0,10,0,0
DFT_0387,Ti30Zr40Hf5Ta15W10,30,40,5,0,0,15,0,10,0
DFT_0388,Ti35Zr15Hf25V15W10,35,15,25,15,0,0,0,10,0
DFT_0389,Ti35Zr35Hf10Mo10W10,35,35,10,0,0,0,10,10,0
DFT_0390,Ti40Hf20V10Nb15Ta15,40,0,20,10,15,15,0,0,0
DFT_0391,Ti40Zr10Hf40W10,40,10,40,0,0,0,0,10,0
DFT_0392,Ti40Zr15Hf15Nb15Ta15,40,15,15,0,15,15,0,0,0
DFT_0393,Ti40Zr20Nb35Ta5,40,20,0,0,35,5,0,0,0
DFT_0394,Ti40Zr20V35W5,40,20,0,35,0,0,0,5,0
DFT_0395,Ti40Zr20Hf10Ta20W10,40,20,10,0,0,20,0,10,0
DFT_0396,Ti40Zr25Ta30Mo5,40,25,0,0,0,30,5,0,0
DFT_0397,Ti40Zr25V20Nb15,40,25,0,20,15,0,0,0,0
DFT_0398,Ti40Zr25Hf25V10,40,25,25,10,0,0,0,0,0
DFT_0399,Ti40Zr40V5Mo15,40,40,0,5,0,0,15,0,0
DFT_0400,Nb5Ta35Mo30W30,0,0,0,0,5,35,30,30,0
DFT_0401,Nb20Ta50Mo15W15,0,0,0,0,20,50,15,15,0
DFT_0402,Nb30Ta35Mo30W5,0,0,0,0,30,35,30,5,0
DFT_0403,Nb35Ta20Mo20W25,0,0,0,0,35,20,20,25,0
DFT_0404,Nb50Ta10Mo30W10,0,0,0,0,50,10,30,10,0
DFT_0405,Nb50Ta30Mo10W10,0,0,0,0,50,30,10,10,0
DFT_0406,V5Nb5Ta30Mo30W30,0,0,0,5,5,30,30,30,0
DFT_0407,V5Nb25Ta25Mo30W15,0,0,0,5,25,25,30,15,0
DFT_0408,V5Nb30Ta35W30,0,0,0,5,30,35,0,30,0
DFT_0409,V5Nb30Ta40Mo15W10,0,0,0,5,30,40,15,10,0
DFT_0410,V15Ta50Mo10W25,0,0,0,15,0,50,10,25,0
DFT_0411,V15Nb10Ta45Mo30,0,0,0,15,10,45,30,0,0
DFT_0412,V15Nb50Ta20Mo5W10,0,0,0,15,50,20,5,10,0
DFT_0413,V20Nb15Ta50W15,0,0,0,20,15,50,0,15,0
DFT_0414,V20Nb25Mo25W30,0,0,0,20,25,0,25,30,0
DFT_0415,V20Nb40Ta25W15,0,0,0,20,40,25,0,15,0
DFT_0416,V20Nb45Ta5Mo30,0,0,0,20,45,5,30,0,0
DFT_0417,V20Nb50Mo15W15,0,0,0,20,50,0,15,15,0
DFT_0418,V25Ta30Mo30W15,0,0,0,25,0,30,30,15,0
DFT_0419,V25Nb5Ta20Mo30W20,0,0,0,25,5,20,30,20,0
DFT_0420,V25Nb5Ta40Mo25W5,0,0,0,25,5,40,25,5,0
DFT_0421,V25Nb20Ta25Mo15W15,0,0,0,25,20,25,15,15,0
DFT_0422,V25Nb25Ta5Mo15W30,0,0,0,25,25,5,15,30,0
DFT_0423,V25Nb50Ta15Mo10,0,0,0,25,50,15,10,0,0
DFT_0424,V30Nb20Ta20W30,0,0,0,30,20,20,0,30,0
DFT_0425,V30Nb20Ta30Mo20,0,0,0,30,20,30,20,0,0
DFT_0426,V35Ta20Mo15W30,0,0,0,35,0,20,15,30,0
DFT_0427,V35Nb45Ta5Mo5W10,0,0,0,35,45,5,5,10,0
DFT_0428,V40Ta40Mo5W15,0,0,0,40,0,40,5,15,0
DFT_0429,V40Nb20Mo30W10,0,0,0,40,20,0,30,10,0
DFT_0430,V40Nb35Mo5W20,0,0,0,40,35,0,5,20,0
DFT_0431,Hf5Nb5Ta50Mo25W15,0,0,5,0,5,50,25,15,0
DFT_0432,Hf5V10Nb40Mo30W15,0,0,5,10,40,0,30,15,0
DFT_0433,Hf5V15Nb25Ta20Mo5W30,0,0,5,15,25,20,5,30,0
DFT_0434,Hf5V25Nb15Ta45W10,0,0,5,25,15,45,0,10,0
DFT_0435,Hf5V25Nb25Ta20Mo25,0,0,5,25,25,20,25,0,0
DFT_0436,Hf10Ta40Mo20W30,0,0,10,0,0,40,20,30,0
DFT_0437,Hf10Nb40Ta10Mo15W25,0,0,10,0,40,10,15,25,0
DFT_0438,Hf10Nb40Ta20Mo30,0,0,10,0,40,20,30,0,0
DFT_0439,Hf10V10Ta30Mo30W20,0,0,10,10,0,30,30,20,0
DFT_0440,Hf10V10Nb20Mo30W30,0,0,10,10,20,0,30,30,0
DFT_0441,Hf10V20Nb35Mo5W30,0,0,10,20,35,0,5,30,0
DFT_0442,Hf10V25Ta35W30,0,0,10,25,0,35,0,30,0
DFT_0443,Hf10V35Ta25Mo20W10,0,0,10,35,0,25,20,10,0
DFT_0444,Hf10V35Ta50Mo5,0,0,10,35,0,50,5,0,0
DFT_0445,Hf10V40Ta5Mo20W25,0,0,10,40,0,5,20,25,0
DFT_0446,Hf10V40Nb10Mo30W10,0,0,10,40,10,0,30,10,0
DFT_0447,Hf15Nb25Ta20Mo30W10,0,0,15,0,25,20,30,10,0
DFT_0448,Hf15Nb25Ta25Mo5W30,0,0,15,0,25,25,5,30,0
DFT_0449,Hf15Nb25Ta45W15,0,0,15,0,25,45,0,15,0
DFT_0450,Hf15Nb35Mo30W20,0,0,15,0,35,0,30,20,0
DFT_0451,Hf15Nb35Ta30Mo10W10,0,0,15,0,35,30,10,10,0
DFT_0452,Hf15Nb50Ta15W20,0,0,15,0,50,15,0,20,0
DFT_0453,Hf15Nb50Ta25Mo10,0,0,15,0,50,25,10,0,0
DFT_0454,Hf15V5Ta50Mo30,0,0,15,5,0,50,30,0,0
DFT_0455,Hf15V5Nb5Ta25Mo20W30,0,0,15,5,5,25,20,30,0
DFT_0456,Hf15V5Nb50Ta10W20,0,0,15,5,50,10,0,20,0
DFT_0457,Hf15V10Nb15Ta45Mo15,0,0,15,10,15,45,15,0,0
DFT_0458,Hf15V10Nb45Ta15Mo15,0,0,15,10,45,15,15,0,0
DFT_0459,Hf15V15Ta35Mo30W5,0,0,15,15,0,35,30,5,0
DFT_0460,Hf15V20Ta15Mo20W30,0,0,15,20,0,15,20,30,0
DFT_0461,Hf15V20Nb15Ta20W30,0,0,15,20,15,20,0,30,0
DFT_0462,Hf15V20Nb25Mo20W20,0,0,15,20,25,0,20,20,0
DFT_0463,Hf15V20Nb45W20,0,0,15,20,45,0,0,20,0
DFT_0464,Hf15V25Nb40Mo5W15,0,0,15,25,40,0,5,15,0
DFT_0465,Hf15V30Nb30Mo25,0,0,15,30,30,0,25,0,0
DFT_0466,Hf15V35Mo20W30,0,0,15,35,0,0,20,30,0
DFT_0467,Hf15V35Nb25Ta20W5,0,0,15,35,25,20,0,5,0
DFT_0468,Hf15V40Ta25Mo20,0,0,15,40,0,25,20,0,0
DFT_0469,Hf15V40Ta30W15,0,0,15,40,0,30,0,15,0
DFT_0470,Hf15V40Ta35Mo5W5,0,0,15,40,0,35,5,5,0
DFT_0471,Hf15V40Nb30W15,0,0,15,40,30,0,0,15,0
DFT_0472,Hf20Ta30Mo30W20,0,0,20,0,0,30,30,20,0
DFT_0473,Hf20Ta50Mo15W15,0,0,20,0,0,50,15,15,0
DFT_0474,Hf20V15Ta35Mo10W20,0,0,20,15,0,35,10,20,0
DFT_0475,Hf20V20Nb35Ta25,0,0,20,20,35,25,0,0,0
DFT_0476,Hf20V40Nb20Ta20,0,0,20,40,20,20,0,0,0
DFT_0477,Hf25Nb25Ta25Mo25,0,0,25,0,25,25,25,0,0
DFT_0478,Hf25Nb50Mo15W10,0,0,25,0,50,0,15,10,0
DFT_0479,Hf25V15Ta30Mo30,0,0,25,15,0,30,30,0,0
DFT_0480,Hf25V15Ta50W10,0,0,25,15,0,50,0,10,0
DFT_0481,Hf25V15Nb20Ta20Mo20,0,0,25,15,20,20,20,0,0
DFT_0482,Hf25V15Nb25Ta20W15,0,0,25,15,25,20,0,15,0
DFT_0483,Hf25V20Nb25W30,0,0,25,20,25,0,0,30,0
DFT_0484,Hf25V30Mo30W15,0,0,25,30,0,0,30,15,0
DFT_0485,Hf25V30Ta15Mo10W20,0,0,25,30,0,15,10,20,0
DFT_0486,Hf25V30Nb5Ta5Mo15W20,0,0,25,30,5,5,15,20,0
DFT_0487,Hf25V35Ta10W30,0,0,25,35,0,10,0,30,0
DFT_0488,Hf25V40Nb15Mo10W10,0,0,25,40,15,0,10,10,0
DFT_0489,Hf30Ta25Mo15W30,0,0,30,0,0,25,15,30,0
DFT_0490,Hf30Nb15Ta15Mo20W20,0,0,30,0,15,15,20,20,0
DFT_0491,Hf30Nb35Ta5W30,0,0,30,0,35,5,0,30,0
DFT_0492,Hf30Nb35Ta5Mo5W25,0,0,30,0,35,5,5,25,0
DFT_0493,Hf30V5Nb5Mo30W30,0,0,30,5,5,0,30,30,0
DFT_0494,Hf30V15Nb30Mo15W10,0,0,30,15,30,0,15,10,0
DFT_0495,Hf35Ta5Mo30W30,0,0,35,0,0,5,30,30,0
DFT_0496,Hf35Nb5Ta30Mo25W5,0,0,35,0,5,30,25,5,0
DFT_0497,Hf35Nb25Mo20W20,0,0,35,0,25,0,20,20,0
DFT_0498,Hf35V5Ta45Mo10W5,0,0,35,5,0,45,10,5,0
DFT_0499,Hf35V10Nb45Mo10,0,0,35,10,45,0,10,0,0
DFT_0500,Hf35V20Nb15Ta20Mo5W5,0,0,35,20,15,20,5,5,0
DFT_0501,Hf35V25Nb5Ta5Mo30,0,0,35,25,5,5,30,0,0
DFT_0502,Hf35V25Nb20Mo20,0,0,35,25,20,0,20,0,0
DFT_0503,Hf35V25Nb30W10,0,0,35,25,30,0,0,10,0
DFT_0504,Hf35V40Ta10W15,0,0,35,40,0,10,0,15,0
DFT_0505,Hf40Ta30Mo20W10,0,0,40,0,0,30,20,10,0
DFT_0506,Hf40Nb25Ta25W10,0,0,40,0,25,25,0,10,0
DFT_0507,Hf40V5Nb5Ta30W20,0,0,40,5,5,30,0,20,0
DFT_0508,Hf40V5Nb15Mo30W10,0,0,40,5,15,0,30,10,0
DFT_0509,Hf40V5Nb25Mo30,0,0,40,5,25,0,30,0,0
DFT_0510,Hf40V10Ta20Mo15W15,0,0,40,10,0,20,15,15,0
DFT_0511,Hf40V10Ta25W25,0,0,40,10,0,25,0,25,0
DFT_0512,Hf40V10Nb10Mo10W30,0,0,40,10,10,0,10,30,0
DFT_0513,Hf40V20Mo15W25,0,0,40,20,0,0,15,25,0
DFT_0514,Hf40V20Ta20Mo20,0,0,40,20,0,20,20,0,0
DFT_0515,Hf40V20Nb20Ta20,0,0,40,20,20,20,0,0,0
DFT_0516,Zr5Ta50Mo30W15,0,5,0,0,0,50,30,15,0
DFT_0517,Zr5V15Nb50W30,0,5,0,15,50,0,0,30,0
DFT_0518,Zr5V25Nb20Mo30W20,0,5,0,25,20,0,30,20,0
DFT_0519,Zr5V40Mo30W25,0,5,0,40,0,0,30,25,0
DFT_0520,Zr5V40Ta25Mo30,0,5,0,40,0,25,30,0,0
DFT_0521,Zr5V40Nb5Ta20W30,0,5,0,40,5,20,0,30,0
DFT_0522,Zr5Hf5V40Nb25W25,0,5,5,40,25,0,0,25,0
DFT_0523,Zr5Hf10V30Nb50Mo5,0,5,10,30,50,0,5,0,0
DFT_0524,Zr5Hf10V35Nb30Mo20,0,5,10,35,30,0,20,0,0
DFT_0525,Zr5Hf15Nb5Ta50W25,0,5,15,0,5,50,0,25,0
DFT_0526,Zr5Hf15V30Nb30Ta5W15,0,5,15,30,30,5,0,15,0
DFT_0527,Zr5Hf20Ta45W30,0,5,20,0,0,45,0,30,0
DFT_0528,Zr5Hf20V20Ta50W5,0,5,20,20,0,50,0,5,0
DFT_0529,Zr5Hf25Nb15Ta50W5,0,5,25,0,15,50,0,5,0
DFT_0530,Zr5Hf25Nb20Ta50,0,5,25,0,20,50,0,0,0
DFT_0531,Zr5Hf25Nb25Ta10Mo30W5,0,5,25,0,25,10,30,5,0
DFT_0532,Zr5Hf25V5Ta35Mo15W15,0,5,25,5,0,35,15,15,0
DFT_0533,Zr5Hf25V5Nb5Mo30W30,0,5,25,5,5,0,30,30,0
DFT_0534,Zr5Hf30Nb30Ta25Mo10,0,5,30,0,30,25,10,0,0
DFT_0535,Zr5Hf30V40Ta20Mo5,0,5,30,40,0,20,5,0,0
DFT_0536,Zr5Hf40Nb40W15,0,5,40,0,40,0,0,15,0
DFT_0537,Zr5Hf40V5Nb5Ta15W30,0,5,40,5,5,15,0,30,0
DFT_0538,Zr5Hf40V40Mo15,0,5,40,40,0,0,15,0,0
DFT_0539,Zr10Nb20Ta25Mo20W25,0,10,0,0,20,25,20,25,0
DFT_0540,Zr10Nb20Ta50Mo20,0,10,0,0,20,50,20,0,0
DFT_0541,Zr10V15Nb25Ta50,0,10,0,15,25,50,0,0,0
DFT_0542,Zr10V15Nb30Ta25W20,0,10,0,15,30,25,0,20,0
DFT_0543,Zr10V20Nb40Ta25Mo5,0,10,0,20,40,25,5,0,0
DFT_0544,Zr10V25Nb5Ta25Mo20W15,0,10,0,25,5,25,20,15,0
DFT_0545,Zr10V40Nb35Ta5W10,0,10,0,40,35,5,0,10,0
DFT_0546,Zr10Hf5V5Nb5Ta50W25,0,10,5,5,5,50,0,25,0
DFT_0547,Zr10Hf5V25Nb5Ta50Mo5,0,10,5,25,5,50,5,0,0
DFT_0548,Zr10Hf5V40Nb45,0,10,5,40,45,0,0,0,0
DFT_0549,Zr10Hf15V25Ta30Mo20,0,10,15,25,0,30,20,0,0
DFT_0550,Zr10Hf15V40Mo15W20,0,10,15,40,0,0,15,20,0
DFT_0551,Zr10Hf30V25Nb5W30,0,10,30,25,5,0,0,30,0
DFT_0552,Zr10Hf40Nb20Ta15W15,0,10,40,0,20,15,0,15,0
DFT_0553,Zr15Nb5Ta45Mo15W20,0,15,0,0,5,45,15,20,0
DFT_0554,Zr15Nb40Mo15W30,0,15,0,0,40,0,15,30,0
DFT_0555,Zr15Nb40Ta10Mo30W5,0,15,0,0,40,10,30,5,0
DFT_0556,Zr15Nb50Mo25W10,0,15,0,0,50,0,25,10,0
DFT_0557,Zr15V5Nb30Ta20Mo15W15,0,15,0,5,30,20,15,15,0
DFT_0558,Zr15V15Ta30Mo10W30,0,15,0,15,0,30,10,30,0
DFT_0559,Zr15V20Ta20Mo30W15,0,15,0,20,0,20,30,15,0
DFT_0560,Zr15V20Ta45Mo15W5,0,15,0,20,0,45,15,5,0
DFT_0561,Zr15V20Nb20Mo15W30,0,15,0,20,20,0,15,30,0
DFT_0562,Zr15V20Nb25Mo30W10,0,15,0,20,25,0,30,10,0
DFT_0563,Zr15V20Nb45Ta20,0,15,0,20,45,20,0,0,0
DFT_0564,Zr15V20Nb50Mo15,0,15,0,20,50,0,15,0,0
DFT_0565,Zr15V30Nb20Ta35,0,15,0,30,20,35,0,0,0
DFT_0566,Zr15V40Mo30W15,0,15,0,40,0,0,30,15,0
DFT_0567,Zr15V40Ta20Mo10W15,0,15,0,40,0,20,10,15,0
DFT_0568,Zr15V40Nb15W30,0,15,0,40,15,0,0,30,0
DFT_0569,Zr15Hf5Nb45Mo5W30,0,15,5,0,45,0,5,30,0
DFT_0570,Zr15Hf5V25Nb5Mo20W30,0,15,5,25,5,0,20,30,0
DFT_0571,Zr15Hf10V40Mo30W5,0,15,10,40,0,0,30,5,0
DFT_0572,Zr15Hf15Ta30Mo25W15,0,15,15,0,0,30,25,15,0
DFT_0573,Zr15Hf15Nb40Ta20W10,0,15,15,0,40,20,0,10,0
DFT_0574,Zr15Hf15V10Nb50W10,0,15,15,10,50,0,0,10,0
DFT_0575,Zr15Hf15V15Nb25Mo30,0,15,15,15,25,0,30,0,0
DFT_0576,Zr15Hf15V20Mo25W25,0,15,15,20,0,0,25,25,0
DFT_0577,Zr15Hf15V20Ta10Mo30W10,0,15,15,20,0,10,30,10,0
DFT_0578,Zr15Hf15V20Ta25W25,0,15,15,20,0,25,0,25,0
DFT_0579,Zr15Hf25Ta20Mo10W30,0,15,25,0,0,20,10,30,0
DFT_0580,Zr15Hf25Nb40Ta20,0,15,25,0,40,20,0,0,0
DFT_0581,Zr15Hf25V15Ta45,0,15,25,15,0,45,0,0,0
DFT_0582,Zr15Hf25V40Nb20,0,15,25,40,20,0,0,0,0
DFT_0583,Zr15Hf30V20Nb25Mo10,0,15,30,20,25,0,10,0,0
DFT_0584,Zr15Hf35V20Mo30,0,15,35,20,0,0,30,0,0
DFT_0585,Zr15Hf40Nb15W30,0,15,40,0,15,0,0,30,0
DFT_0586,Zr15Hf40V15Nb30,0,15,40,15,30,0,0,0,0
DFT_0587,Zr20Ta30Mo20W30,0,20,0,0,0,30,20,30,0
DFT_0588,Zr20Ta40Mo30W10,0,20,0,0,0,40,30,10,0
DFT_0589,Zr20Ta50Mo10W20,0,20,0,0,0,50,10,20,0
DFT_0590,Zr20Nb25Ta40Mo5W10,0,20,0,0,25,40,5,10,0
DFT_0591,Zr20Nb30Ta25Mo25,0,20,0,0,30,25,25,0,0
DFT_0592,Zr20Nb30Ta30W20,0,20,0,0,30,30,0,20,0
DFT_0593,Zr20Nb50Ta10Mo10W10,0,20,0,0,50,10,10,10,0
DFT_0594,Zr20V10Nb15Ta25Mo30,0,20,0,10,15,25,30,0,0
DFT_0595,Zr20V20Ta40Mo20,0,20,0,20,0,40,20,0,0
DFT_0596,Zr20V20Ta50W10,0,20,0,20,0,50,0,10,0
DFT_0597,Zr20V20Nb30Mo30,0,20,0,20,30,0,30,0,0
DFT_0598,Zr20V25Mo25W30,0,20,0,25,0,0,25,30,0
DFT_0599,Zr20V25Nb20Ta20Mo15,0,20,0,25,20,20,15,0,0
DFT_0600,Zr20V25Nb30Mo10W15,0,20,0,25,30,0,10,15,0
DFT_0601,Zr20V35Nb30Mo15,0,20,0,35,30,0,15,0,0
DFT_0602,Zr20V40Nb10Mo30,0,20,0,40,10,0,30,0,0
DFT_0603,Zr20Hf5Ta15Mo30W30,0,20,5,0,0,15,30,30,0
DFT_0604,Zr20Hf5V5Nb35Ta5W30,0,20,5,5,35,5,0,30,0
DFT_0605,Zr20Hf10V40Ta15Mo15,0,20,10,40,0,15,15,0,0
DFT_0606,Zr20Hf15V5Nb20Mo20W20,0,20,15,5,20,0,20,20,0
DFT_0607,Zr20Hf15V35W30,0,20,15,35,0,0,0,30,0
DFT_0608,Zr20Hf20Ta45Mo15,0,20,20,0,0,45,15,0,0
DFT_0609,Zr20Hf20Nb15Ta30W15,0,20,20,0,15,30,0,15,0
DFT_0610,Zr20Hf20Nb20Ta10W30,0,20,20,0,20,10,0,30,0
DFT_0611,Zr20Hf20Nb40Ta5Mo15,0,20,20,0,40,5,15,0,0
DFT_0612,Zr20Hf20Nb45Mo15,0,20,20,0,45,0,15,0,0
DFT_0613,Zr20Hf20V15Nb25W20,0,20,20,15,25,0,0,20,0
DFT_0614,Zr20Hf20V25Ta25W10,0,20,20,25,0,25,0,10,0
DFT_0615,Zr20Hf20V40Ta20,0,20,20,40,0,20,0,0,0
DFT_0616,Zr20Hf25Nb15Mo20W20,0,20,25,0,15,0,20,20,0
DFT_0617,Zr20Hf25V30Mo15W10,0,20,25,30,0,0,15,10,0
DFT_0618,Zr20Hf30V40Nb5Ta5,0,20,30,40,5,5,0,0,0
DFT_0619,Zr20Hf35Ta20Mo15W10,0,20,35,0,0,20,15,10,0
DFT_0620,Zr20Hf35V25W20,0,20,35,25,0,0,0,20,0
DFT_0621,Zr20Hf40Mo20W20,0,20,40,0,0,0,20,20,0
DFT_0622,Zr20Hf40Ta25Mo15,0,20,40,0,0,25,15,0,0
DFT_0623,Zr20Hf40Nb25Mo15,0,20,40,0,25,0,15,0,0
DFT_0624,Zr20Hf40V5Mo30W5,0,20,40,5,0,0,30,5,0
DFT_0625,Zr20Hf40V5Ta5W30,0,20,40,5,0,5,0,30,0
DFT_0626,Zr20Hf40V20Ta10W10,0,20,40,20,0,10,0,10,0
DFT_0627,Zr25Nb20Ta15Mo10W30,0,25,0,0,20,15,10,30,0
DFT_0628,Zr25Nb50Ta20W5,0,25,0,0,50,20,0,5,0
DFT_0629,Zr25V5Nb50W20,0,25,0,5,50,0,0,20,0
DFT_0630,Zr25V10Nb10Mo30W25,0,25,0,10,10,0,30,25,0
DFT_0631,Zr25V20Ta30W25,0,25,0,20,0,30,0,25,0
DFT_0632,Zr25V20Nb15Ta10W30,0,25,0,20,15,10,0,30,0
DFT_0633,Zr25V20Nb45Ta5Mo5,0,25,0,20,45,5,5,0,0
DFT_0634,Zr25V25Ta20Mo30,0,25,0,25,0,20,30,0,0
DFT_0635,Zr25V25Nb5Ta15Mo30,0,25,0,25,5,15,30,0,0
DFT_0636,Zr25V40Mo15W20,0,25,0,40,0,0,15,20,0
DFT_0637,Zr25V40Ta30W5,0,25,0,40,0,30,0,5,0
DFT_0638,Zr25V40Nb5Ta5Mo5W20,0,25,0,40,5,5,5,20,0
DFT_0639,Zr25Hf10V35Nb5W25,0,25,10,35,5,0,0,25,0
DFT_0640,Zr25Hf15Nb5Ta45Mo10,0,25,15,0,5,45,10,0,0
DFT_0641,Zr25Hf15Nb30W30,0,25,15,0,30,0,0,30,0
DFT_0642,Zr25Hf15V10Nb35Ta15,0,25,15,10,35,15,0,0,0
DFT_0643,Zr25Hf25Ta35W15,0,25,25,0,0,35,0,15,0
DFT_0644,Zr25Hf25Nb20Mo30,0,25,25,0,20,0,30,0,0
DFT_0645,Zr25Hf25V15Ta15Mo20,0,25,25,15,0,15,20,0,0
DFT_0646,Zr25Hf35Nb25W15,0,25,35,0,25,0,0,15,0
DFT_0647,Zr25Hf35Nb25Mo5W10,0,25,35,0,25,0,5,10,0
DFT_0648,Zr30Nb15Ta15Mo25W15,0,30,0,0,15,15,25,15,0
DFT_0649,Zr30Nb20Mo30W20,0,30,0,0,20,0,30,20,0
DFT_0650,Zr30V5Ta40Mo10W15,0,30,0,5,0,40,10,15,0
DFT_0651,Zr30V5Nb5Ta25Mo30W5,0,30,0,5,5,25,30,5,0
DFT_0652,Zr30V5Nb35Ta5Mo25,0,30,0,5,35,5,25,0,0
DFT_0653,Zr30V15Nb20Ta25W10,0,30,0,15,20,25,0,10,0
DFT_0654,Zr30V20Ta20Mo15W15,0,30,0,20,0,20,15,15,0
DFT_0655,Zr30V25Nb30W15,0,30,0,25,30,0,0,15,0
DFT_0656,Zr30V40Nb15Mo10W5,0,30,0,40,15,0,10,5,0
DFT_0657,Zr30Hf5V5Nb10Ta30W20,0,30,5,5,10,30,0,20,0
DFT_0658,Zr30Hf10V20Nb20Mo20,0,30,10,20,20,0,20,0,0
DFT_0659,Zr30Hf15V15Mo10W30,0,30,15,15,0,0,10,30,0
DFT_0660,Zr30Hf20Ta20Mo30,0,30,20,0,0,20,30,0,0
DFT_0661,Zr30Hf20V15Nb10Ta25,0,30,20,15,10,25,0,0,0
DFT_0662,Zr30Hf20V20Nb30,0,30,20,20,30,0,0,0,0
DFT_0663,Zr30Hf25V10Nb25Ta5W5,0,30,25,10,25,5,0,5,0
DFT_0664,Zr30Hf25V20Ta25,0,30,25,20,0,25,0,0,0
DFT_0665,Zr30Hf30Nb5Ta5Mo25W5,0,30,30,0,5,5,25,5,0
DFT_0666,Zr30Hf30V10Ta5Mo5W20,0,30,30,10,0,5,5,20,0
DFT_0667,Zr30Hf40Ta15W15,0,30,40,0,0,15,0,15,0
DFT_0668,Zr30Hf40V15Mo15,0,30,40,15,0,0,15,0,0
DFT_0669,Zr35Ta50Mo5W10,0,35,0,0,0,50,5,10,0
DFT_0670,Zr35Nb50Mo10W5,0,35,0,0,50,0,10,5,0
DFT_0671,Zr35V5Ta25Mo5W30,0,35,0,5,0,25,5,30,0
DFT_0672,Zr35V10Nb30Ta25,0,35,0,10,30,25,0,0,0
DFT_0673,Zr35V15Nb25Ta5Mo5W15,0,35,0,15,25,5,5,15,0
DFT_0674,Zr35Hf5Nb30Ta5W25,0,35,5,0,30,5,0,25,0
DFT_0675,Zr35Hf10Nb20Ta20Mo15,0,35,10,0,20,20,15,0,0
DFT_0676,Zr35Hf10Nb40Mo5W10,0,35,10,0,40,0,5,10,0
DFT_0677,Zr35Hf10V15Mo30W10,0,35,10,15,0,0,30,10,0
DFT_0678,Zr35Hf15Mo20W30,0,35,15,0,0,0,20,30,0
DFT_0679,Zr35Hf15Ta15Mo15W20,0,35,15,0,0,15,15,20,0
DFT_0680,Zr35Hf15V5Ta35W10,0,35,15,5,0,35,0,10,0
DFT_0681,Zr35Hf15V5Ta45,0,35,15,5,0,45,0,0,0
DFT_0682,Zr35Hf20V25Mo20,0,35,20,25,0,0,20,0,0
DFT_0683,Zr35Hf25Ta10W30,0,35,25,0,0,10,0,30,0
DFT_0684,Zr35Hf25Nb15Ta25,0,35,25,0,15,25,0,0,0
DFT_0685,Zr35Hf40V5Nb5W15,0,35,40,5,5,0,0,15,0
DFT_0686,Zr40Ta25Mo20W15,0,40,0,0,0,25,20,15,0
DFT_0687,Zr40Nb15Ta15W30,0,40,0,0,15,15,0,30,0
DFT_0688,Zr40Nb15Ta15Mo30,0,40,0,0,15,15,30,0,0
DFT_0689,Zr40V5Ta5Mo20W30,0,40,0,5,0,5,20,30,0
DFT_0690,Zr40V5Nb5Ta5Mo15W30,0,40,0,5,5,5,15,30,0
DFT_0691,Zr40V5Nb10Ta15Mo30,0,40,0,5,10,15,30,0,0
DFT_0692,Zr40V5Nb20Mo15W20,0,40,0,5,20,0,15,20,0
DFT_0693,Zr40V10Nb30Mo20,0,40,0,10,30,0,20,0,0
DFT_0694,Zr40V15Ta35W10,0,40,0,15,0,35,0,10,0
DFT_0695,Zr40V20Mo30W10,0,40,0,20,0,0,30,10,0
DFT_0696,Zr40V20Ta25Mo15,0,40,0,20,0,25,15,0,0
DFT_0697,Zr40V20Nb5Ta20Mo15,0,40,0,20,5,20,15,0,0
DFT_0698,Zr40V25Mo5W30,0,40,0,25,0,0,5,30,0
DFT_0699,Zr40V40Mo10W10,0,40,0,40,0,0,10,10,0
DFT_0700,Zr40Hf5V15Ta20W20,0,40,5,15,0,20,0,20,0
DFT_0701,Zr40Hf5V20Nb25W10,0,40,5,20,25,0,0,10,0
DFT_0702,Zr40Hf20Nb15Ta15W10,0,40,20,0,15,15,0,10,0
DFT_0703,Zr40Hf20V15W25,0,40,20,15,0,0,0,25,0
DFT_0704,Zr40Hf20V30W10,0,40,20,30,0,0,0,10,0
DFT_0705,Zr40Hf25Nb5Ta5Mo25,0,40,25,0,5,5,25,0,0
DFT_0706,Zr40Hf25Nb20Mo15,0,40,25,0,20,0,15,0,0
DFT_0707,Zr40Hf25V10Mo10W15,0,40,25,10,0,0,10,15,0
DFT_0708,Zr40Hf25V25Mo5W5,0,40,25,25,0,0,5,5,0
DFT_0709,Zr40Hf30Mo15W15,0,40,30,0,0,0,15,15,0
DFT_0710,Zr40Hf40Ta10Mo10,0,40,40,0,0,10,10,0,0
DFT_0711,Zr40Hf40Nb10Ta5Mo5,0,40,40,0,10,5,5,0,0
DFT_0712,Zr40Hf40V10W10,0,40,40,10,0,0,0,10,0
DFT_0713,Ti5Nb5Ta50Mo10W30,5,0,0,0,5,50,10,30,0
DFT_0714,Ti5Nb30Ta5Mo30W30,5,0,0,0,30,5,30,30,0
DFT_0715,Ti5Nb45Ta15Mo20W15,5,0,0,0,45,15,20,15,0
DFT_0716,Ti5V5Nb5Ta25Mo30W30,5,0,0,5,5,25,30,30,0
DFT_0717,Ti5V5Nb30Ta40Mo10W10,5,0,0,5,30,40,10,10,0
DFT_0718,Ti5V5Nb50Ta10W30,5,0,0,5,50,10,0,30,0
DFT_0719,Ti5V5Nb50Ta10Mo30,5,0,0,5,50,10,30,0,0
DFT_0720,Ti5V20Ta45Mo10W20,5,0,0,20,0,45,10,20,0
DFT_0721,Ti5V20Nb15Ta30W30,5,0,0,20,15,30,0,30,0
DFT_0722,Ti5V40Nb5Ta10Mo30W10,5,0,0,40,5,10,30,10,0
DFT_0723,Ti5V40Nb5Ta40Mo10,5,0,0,40,5,40,10,0,0
DFT_0724,Ti5V40Nb10Mo30W15,5,0,0,40,10,0,30,15,0
DFT_0725,Ti5V40Nb20Ta20W15,5,0,0,40,20,20,0,15,0
DFT_0726,Ti5V40Nb30Mo20W5,5,0,0,40,30,0,20,5,0
DFT_0727,Ti5V40Nb30Ta25,5,0,0,40,30,25,0,0,0
DFT_0728,Ti5V40Nb35Ta10Mo5W5,5,0,0,40,35,10,5,5,0
DFT_0729,Ti5Hf5V20Nb25Ta30Mo15,5,0,5,20,25,30,15,0,0
DFT_0730,Ti5Hf5V40Nb5Ta15W30,5,0,5,40,5,15,0,30,0
DFT_0731,Ti5Hf10V5Nb5Ta45Mo30,5,0,10,5,5,45,30,0,0
DFT_0732,Ti5Hf15V30Nb5Ta30W15,5,0,15,30,5,30,0,15,0
DFT_0733,Ti5Hf25V5Nb35Mo30,5,0,25,5,35,0,30,0,0
DFT_0734,Ti5Hf25V20Nb40Ta10,5,0,25,20,40,10,0,0,0
DFT_0735,Ti5Hf25V40Mo30,5,0,25,40,0,0,30,0,0
DFT_0736,Ti5Hf30Nb50Mo10W5,5,0,30,0,50,0,10,5,0
DFT_0737,Ti5Hf30V5Nb35Mo5W20,5,0,30,5,35,0,5,20,0
DFT_0738,Ti5Hf30V30Ta35,5,0,30,30,0,35,0,0,0
DFT_0739,Ti5Hf40Ta40W15,5,0,40,0,0,40,0,15,0
DFT_0740,Ti5Hf40V15Nb25W15,5,0,40,15,25,0,0,15,0
DFT_0741,Ti5Hf40V20Ta25Mo10,5,0,40,20,0,25,10,0,0
DFT_0742,Ti5Hf40V25Mo15W15,5,0,40,25,0,0,15,15,0
DFT_0743,Ti5Hf40V40Nb5W10,5,0,40,40,5,0,0,10,0
DFT_0744,Ti5Zr5V10Nb45Ta5Mo30,5,5,0,10,45,5,30,0,0
DFT_0745,Ti5Zr5V15Nb25Mo25W25,5,5,0,15,25,0,25,25,0
DFT_0746,Ti5Zr5Hf10Nb50Ta30,5,5,10,0,50,30,0,0,0
DFT_0747,Ti5Zr5Hf10V5Nb50Ta25,5,5,10,5,50,25,0,0,0
DFT_0748,Ti5Zr5Hf20Nb25Ta30W15,5,5,20,0,25,30,0,15,0
DFT_0749,Ti5Zr5Hf20V15Nb40Mo15,5,5,20,15,40,0,15,0,0
DFT_0750,Ti5Zr5Hf25V40Nb25,5,5,25,40,25,0,0,0,0
DFT_0751,Ti5Zr5Hf40Nb10Ta20Mo20,5,5,40,0,10,20,20,0,0
DFT_0752,Ti5Zr5Hf40V10Nb35Ta5,5,5,40,10,35,5,0,0,0
DFT_0753,Ti5Zr5Hf40V15Ta5Mo30,5,5,40,15,0,5,30,0,0
DFT_0754,Ti5Zr5Hf40V35Nb5W10,5,5,40,35,5,0,0,10,0
DFT_0755,Ti5Zr10V5Ta50Mo30,5,10,0,5,0,50,30,0,0
DFT_0756,Ti5Zr10V15Nb50Mo20,5,10,0,15,50,0,20,0,0
DFT_0757,Ti5Zr10V35Nb15Ta35,5,10,0,35,15,35,0,0,0
DFT_0758,Ti5Zr10Hf40Ta45,5,10,40,0,0,45,0,0,0
DFT_0759,Ti5Zr10Hf40Nb5Ta40,5,10,40,0,5,40,0,0,0
DFT_0760,Ti5Zr10Hf40V5Mo20W20,5,10,40,5,0,0,20,20,0
DFT_0761,Ti5Zr15Nb15Ta35W30,5,15,0,0,15,35,0,30,0
DFT_0762,Ti5Zr15Nb30Mo25W25,5,15,0,0,30,0,25,25,0
DFT_0763,Ti5Zr15Nb30Ta30Mo20,5,15,0,0,30,30,20,0,0
DFT_0764,Ti5Zr15Hf5V40Nb5Mo30,5,15,5,40,5,0,30,0,0
DFT_0765,Ti5Zr15Hf5V40Nb35,5,15,5,40,35,0,0,0,0
DFT_0766,Ti5Zr15Hf10V40Ta30,5,15,10,40,0,30,0,0,0
DFT_0767,Ti5Zr15Hf15V20Ta15W30,5,15,15,20,0,15,0,30,0
DFT_0768,Ti5Zr15Hf40Nb15Ta10W15,5,15,40,0,15,10,0,15,0
DFT_0769,Ti5Zr20V5Nb50Mo10W10,5,20,0,5,50,0,10,10,0
DFT_0770,Ti5Zr20Hf5Nb20Ta40Mo10,5,20,5,0,20,40,10,0,0
DFT_0771,Ti5Zr20Hf5V30Nb35Mo5,5,20,5,30,35,0,5,0,0
DFT_0772,Ti5Zr20Hf20V30Mo15W10,5,20,20,30,0,0,15,10,0
DFT_0773,Ti5Zr25V20Nb5Ta45,5,25,0,20,5,45,0,0,0
DFT_0774,Ti5Zr25Hf5V5Nb30Mo30,5,25,5,5,30,0,30,0,0
DFT_0775,Ti5Zr25Hf15Ta25Mo30,5,25,15,0,0,25,30,0,0
DFT_0776,Ti5Zr30Nb20Ta45,5,30,0,0,20,45,0,0,0
DFT_0777,Ti5Zr30Nb35Ta25W5,5,30,0,0,35,25,0,5,0
DFT_0778,Ti5Zr30V25Nb5Ta20Mo15,5,30,0,25,5,20,15,0,0
DFT_0779,Ti5Zr30V40Nb25,5,30,0,40,25,0,0,0,0
DFT_0780,Ti5Zr30Hf15V30Nb20,5,30,15,30,20,0,0,0,0
DFT_0781,Ti5Zr30Hf30Ta30Mo5,5,30,30,0,0,30,5,0,0
DFT_0782,Ti5Zr30Hf30Nb35,5,30,30,0,35,0,0,0,0
DFT_0783,Ti5Zr30Hf40V10Mo15,5,30,40,10,0,0,15,0,0
DFT_0784,Ti5Zr30Hf40V10Ta15,5,30,40,10,0,15,0,0,0
DFT_0785,Ti5Zr35Hf5V30Mo25,5,35,5,30,0,0,25,0,0
DFT_0786,Ti5Zr35Hf10V30Ta20,5,35,10,30,0,20,0,0,0
DFT_0787,Ti5Zr35Hf40Nb5Ta10W5,5,35,40,0,5,10,0,5,0
DFT_0788,Ti5Zr40V5Ta35Mo15,5,40,0,5,0,35,15,0,0
DFT_0789,Ti5Zr40Hf10V5Ta35Mo5,5,40,10,5,0,35,5,0,0
DFT_0790,Ti5Zr40Hf10V35Nb5Mo5,5,40,10,35,5,0,5,0,0
DFT_0791,Ti5Zr40Hf10V40Mo5,5,40,10,40,0,0,5,0,0
DFT_0792,Ti5Zr40Hf20Nb5W30,5,40,20,0,5,0,0,30,0
DFT_0793,Ti5Zr40Hf20Nb25Mo10,5,40,20,0,25,0,10,0,0
DFT_0794,Ti5Zr40Hf25Mo30,5,40,25,0,0,0,30,0,0
DFT_0795,Ti5Zr40Hf25V15Nb15,5,40,25,15,15,0,0,0,0
DFT_0796,Ti10Nb35Ta50W5,10,0,0,0,35,50,0,5,0
DFT_0797,Ti10Nb50Mo10W30,10,0,0,0,50,0,10,30,0
DFT_0798,Ti10Nb50Ta25Mo10W5,10,0,0,0,50,25,10,5,0
DFT_0799,Ti10V5Nb20Ta35Mo30,10,0,0,5,20,35,30,0,0
DFT_0800,Ti10V5Nb35Ta45Mo5,10,0,0,5,35,45,5,0,0
DFT_0801,Ti10V5Nb50Ta5Mo5W25,10,0,0,5,50,5,5,25,0
DFT_0802,Ti10V15Nb35Ta25Mo15,10,0,0,15,35,25,15,0,0
DFT_0803,Ti10V15Nb40Ta35,10,0,0,15,40,35,0,0,0
DFT_0804,Ti10V35Nb25Ta20Mo10,10,0,0,35,25,20,10,0,0
DFT_0805,Ti10V40Nb10Mo10W30,10,0,0,40,10,0,10,30,0
DFT_0806,Ti10Hf5Nb20Ta50W15,10,0,5,0,20,50,0,15,0
DFT_0807,Ti10Hf10Nb50Mo15W15,10,0,10,0,50,0,15,15,0
DFT_0808,Ti10Hf10V40Ta20W20,10,0,10,40,0,20,0,20,0
DFT_0809,Ti10Hf15Ta25Mo20W30,10,0,15,0,0,25,20,30,0
DFT_0810,Ti10Hf20V5Nb5Ta50Mo10,10,0,20,5,5,50,10,0,0
DFT_0811,Ti10Hf20V15Nb20Ta35,10,0,20,15,20,35,0,0,0
DFT_0812,Ti10Hf25Nb20Ta30W15,10,0,25,0,20,30,0,15,0
DFT_0813,Ti10Hf40V10Nb20Ta20,10,0,40,10,20,20,0,0,0
DFT_0814,Ti10Hf40V15Ta10W25,10,0,40,15,0,10,0,25,0
DFT_0815,Ti10Zr5V15Nb50W20,10,5,0,15,50,0,0,20,0
DFT_0816,Ti10Zr5V40Ta15Mo30,10,5,0,40,0,15,30,0,0
DFT_0817,Ti10Zr5V40Nb5Ta25Mo15,10,5,0,40,5,25,15,0,0
DFT_0818,Ti10Zr5Hf15V40Nb5Ta25,10,5,15,40,5,25,0,0,0
DFT_0819,Ti10Zr5Hf40Nb25Mo20,10,5,40,0,25,0,20,0,0
DFT_0820,Ti10Zr5Hf40Nb45,10,5,40,0,45,0,0,0,0
DFT_0821,Ti10Zr5Hf40V5Ta35W5,10,5,40,5,0,35,0,5,0
DFT_0822,Ti10Zr5Hf40V5Nb40,10,5,40,5,40,0,0,0,0
DFT_0823,Ti10Zr10V10Nb20Ta50,10,10,0,10,20,50,0,0,0
DFT_0824,Ti10Zr15V40Nb5W30,10,15,0,40,5,0,0,30,0
DFT_0825,Ti10Zr15Hf20V40W15,10,15,20,40,0,0,0,15,0
DFT_0826,Ti10Zr15Hf40V15Nb20,10,15,40,15,20,0,0,0,0
DFT_0827,Ti10Zr20V25Mo30W15,10,20,0,25,0,0,30,15,0
DFT_0828,Ti10Zr20V35Nb20W15,10,20,0,35,20,0,0,15,0
DFT_0829,Ti10Zr20Hf25Nb25Ta20,10,20,25,0,25,20,0,0,0
DFT_0830,Ti10Zr25Nb35Mo30,10,25,0,0,35,0,30,0,0
DFT_0831,Ti10Zr25Hf35V30,10,25,35,30,0,0,0,0,0
DFT_0832,Ti10Zr40Ta5Mo30W15,10,40,0,0,0,5,30,15,0
DFT_0833,Ti10Zr40Ta35Mo15,10,40,0,0,0,35,15,0,0
DFT_0834,Ti10Zr40V10Nb10W30,10,40,0,10,10,0,0,30,0
DFT_0835,Ti10Zr40V15Nb5Ta30,10,40,0,15,5,30,0,0,0
DFT_0836,Ti10Zr40V30Ta5W15,10,40,0,30,0,5,0,15,0
DFT_0837,Ti10Zr40V30Ta20,10,40,0,30,0,20,0,0,0
DFT_0838,Ti10Zr40Hf5Nb5Ta40,10,40,5,0,5,40,0,0,0
DFT_0839,Ti10Zr40Hf5Nb35Ta5Mo5,10,40,5,0,35,5,5,0,0
DFT_0840,Ti10Zr40Hf5Nb45,10,40,5,0,45,0,0,0,0
DFT_0841,Ti10Zr40Hf5V5Nb40,10,40,5,5,40,0,0,0,0
DFT_0842,Ti15Nb5Ta50Mo15W15,15,0,0,0,5,50,15,15,0
DFT_0843,Ti15Nb20Ta25Mo10W30,15,0,0,0,20,25,10,30,0
DFT_0844,Ti15Nb50Ta10Mo25,15,0,0,0,50,10,25,0,0
DFT_0845,Ti15V5Nb35Mo15W30,15,0,0,5,35,0,15,30,0
DFT_0846,Ti15V10Ta25Mo20W30,15,0,0,10,0,25,20,30,0
DFT_0847,Ti15V20Ta45Mo20,15,0,0,20,0,45,20,0,0
DFT_0848,Ti15V20Nb25Ta10W30,15,0,0,20,25,10,0,30,0
DFT_0849,Ti15V20Nb30Mo20W15,15,0,0,20,30,0,20,15,0
DFT_0850,Ti15V30Ta20Mo15W20,15,0,0,30,0,20,15,20,0
DFT_0851,Ti15V40Nb25Mo20,15,0,0,40,25,0,20,0,0
DFT_0852,Ti15V40Nb40W5,15,0,0,40,40,0,0,5,0
DFT_0853,Ti15Hf5V20Mo30W30,15,0,5,20,0,0,30,30,0
DFT_0854,Ti15Hf10Ta40Mo25W10,15,0,10,0,0,40,25,10,0
DFT_0855,Ti15Hf10Nb35Ta20W20,15,0,10,0,35,20,0,20,0
DFT_0856,Ti15Hf10V20Nb15Ta10Mo30,15,0,10,20,15,10,30,0,0
DFT_0857,Ti15Hf15Nb40Mo30,15,0,15,0,40,0,30,0,0
DFT_0858,Ti15Hf15V15Nb40Mo15,15,0,15,15,40,0,15,0,0
DFT_0859,Ti15Hf15V20Nb20W30,15,0,15,20,20,0,0,30,0
DFT_0860,Ti15Hf15V30Nb10Mo30,15,0,15,30,10,0,30,0,0
DFT_0861,Ti15Hf20Nb50W15,15,0,20,0,50,0,0,15,0
DFT_0862,Ti15Hf20V5Nb45Ta15,15,0,20,5,45,15,0,0,0
DFT_0863,Ti15Hf20V20Mo30W15,15,0,20,20,0,0,30,15,0
DFT_0864,Ti15Hf20V20Nb45,15,0,20,20,45,0,0,0,0
DFT_0865,Ti15Hf20V25Nb25W15,15,0,20,25,25,0,0,15,0
DFT_0866,Ti15Hf20V40Ta10Mo15,15,0,20,40,0,10,15,0,0
DFT_0867,Ti15Hf25Ta15Mo30W15,15,0,25,0,0,15,30,15,0
DFT_0868,Ti15Hf25Nb25Mo20W15,15,0,25,0,25,0,20,15,0
DFT_0869,Ti15Hf25V15Ta15Mo30,15,0,25,15,0,15,30,0,0
DFT_0870,Ti15Hf25V20Ta25W15,15,0,25,20,0,25,0,15,0
DFT_0871,Ti15Hf25V30Nb10Ta20,15,0,25,30,10,20,0,0,0
DFT_0872,Ti15Hf35V20W30,15,0,35,20,0,0,0,30,0
DFT_0873,Ti15Hf35V40Ta10,15,0,35,40,0,10,0,0,0
DFT_0874,Ti15Hf40Mo15W30,15,0,40,0,0,0,15,30,0
DFT_0875,Ti15Zr5Ta50W30,15,5,0,0,0,50,0,30,0
DFT_0876,Ti15Zr5Nb20Ta20Mo30W10,15,5,0,0,20,20,30,10,0
DFT_0877,Ti15Zr5Hf40V25Mo15,15,5,40,25,0,0,15,0,0
DFT_0878,Ti15Zr10Ta45Mo30,15,10,0,0,0,45,30,0,0
DFT_0879,Ti15Zr10V25Ta35W15,15,10,0,25,0,35,0,15,0
DFT_0880,Ti15Zr10Hf25Mo20W30,15,10,25,0,0,0,20,30,0
DFT_0881,Ti15Zr15Ta50Mo5W15,15,15,0,0,0,50,5,15,0
DFT_0882,Ti15Zr15Nb5Ta20Mo15W30,15,15,0,0,5,20,15,30,0
DFT_0883,Ti15Zr15V25Mo15W30,15,15,0,25,0,0,15,30,0
DFT_0884,Ti15Zr20Ta35W30,15,20,0,0,0,35,0,30,0
DFT_0885,Ti15Zr20Nb30Mo20W15,15,20,0,0,30,0,20,15,0
DFT_0886,Ti15Zr20Nb35Ta10W20,15,20,0,0,35,10,0,20,0
DFT_0887,Ti15Zr20V15Ta50,15,20,0,15,0,50,0,0,0
DFT_0888,Ti15Zr20V15Nb50,15,20,0,15,50,0,0,0,0
DFT_0889,Ti15Zr20V25Nb20Ta20,15,20,0,25,20,20,0,0,0
DFT_0890,Ti15Zr20Hf15Nb20Mo30,15,20,15,0,20,0,30,0,0
DFT_0891,Ti15Zr20Hf20V10Nb35,15,20,20,10,35,0,0,0,0
DFT_0892,Ti15Zr20Hf20V15Mo30,15,20,20,15,0,0,30,0,0
DFT_0893,Ti15Zr20Hf40Mo25,15,20,40,0,0,0,25,0,0
DFT_0894,Ti15Zr20Hf40Ta25,15,20,40,0,0,25,0,0,0
DFT_0895,Ti15Zr25Hf10Ta20W30,15,25,10,0,0,20,0,30,0
DFT_0896,Ti15Zr25Hf30Ta15W15,15,25,30,0,0,15,0,15,0
DFT_0897,Ti15Zr25Hf30V15Ta5Mo10,15,25,30,15,0,5,10,0,0
DFT_0898,Ti15Zr30V20Nb30Mo5,15,30,0,20,30,0,5,0,0
DFT_0899,Ti15Zr35Nb5Ta15Mo15W15,15,35,0,0,5,15,15,15,0
DFT_0900,Ti15Zr35V15Mo15W20,15,35,0,15,0,0,15,20,0
DFT_0901,Ti15Zr35Hf15V20Mo15,15,35,15,20,0,0,15,0,0
DFT_0902,Ti15Zr40Ta25W20,15,40,0,0,0,25,0,20,0
DFT_0903,Ti15Zr40Nb10Ta20W15,15,40,0,0,10,20,0,15,0
DFT_0904,Ti15Zr40Nb20Mo15W10,15,40,0,0,20,0,15,10,0
DFT_0905,Ti15Zr40Nb25W20,15,40,0,0,25,0,0,20,0
DFT_0906,Ti15Zr40Hf5V5Nb5Mo30,15,40,5,5,5,0,30,0,0
DFT_0907,Ti15Zr40Hf5V40,15,40,5,40,0,0,0,0,0
DFT_0908,Ti20Ta30Mo20W30,20,0,0,0,0,30,20,30,0
DFT_0909,Ti20Ta50Mo20W10,20,0,0,0,0,50,20,10,0
DFT_0910,Ti20Nb35Mo30W15,20,0,0,0,35,0,30,15,0
DFT_0911,Ti20Nb45Ta20W15,20,0,0,0,45,20,0,15,0
DFT_0912,Ti20V5Nb5Ta40Mo5W25,20,0,0,5,5,40,5,25,0
DFT_0913,Ti20V5Nb30Ta15Mo30,20,0,0,5,30,15,30,0,0
DFT_0914,Ti20V10Ta25Mo30W15,20,0,0,10,0,25,30,15,0
DFT_0915,Ti20V10Nb50Ta5Mo15,20,0,0,10,50,5,15,0,0
DFT_0916,Ti20V15Ta45Mo15W5,20,0,0,15,0,45,15,5,0
DFT_0917,Ti20V20Mo30W30,20,0,0,20,0,0,30,30,0
DFT_0918,Ti20V20Ta50W10,20,0,0,20,0,50,0,10,0
DFT_0919,Ti20V20Nb10Ta20Mo30,20,0,0,20,10,20,30,0,0
DFT_0920,Ti20V20Nb25Ta25W10,20,0,0,20,25,25,0,10,0
DFT_0921,Ti20V20Nb50Mo10,20,0,0,20,50,0,10,0,0
DFT_0922,Ti20V25Ta25W30,20,0,0,25,0,25,0,30,0
DFT_0923,Ti20V25Nb5Ta5Mo15W30,20,0,0,25,5,5,15,30,0
DFT_0924,Ti20V25Nb5Ta35Mo5W10,20,0,0,25,5,35,5,10,0
DFT_0925,Ti20V30Ta20Mo30,20,0,0,30,0,20,30,0,0
DFT_0926,Ti20V40Mo20W20,20,0,0,40,0,0,20,20,0
DFT_0927,Ti20V40Nb5Mo20W15,20,0,0,40,5,0,20,15,0
DFT_0928,Ti20Hf5V25Nb45Ta5,20,0,5,25,45,5,0,0,0
DFT_0929,Ti20Hf10Nb20Ta40Mo10,20,0,10,0,20,40,10,0,0
DFT_0930,Ti20Hf15Nb15Mo20W30,20,0,15,0,15,0,20,30,0
DFT_0931,Ti20Hf15V5Ta30Mo30,20,0,15,5,0,30,30,0,0
DFT_0932,Ti20Hf15V35W30,20,0,15,35,0,0,0,30,0
DFT_0933,Ti20Hf15V40Ta25,20,0,15,40,0,25,0,0,0
DFT_0934,Ti20Hf15V40Nb5W20,20,0,15,40,5,0,0,20,0
DFT_0935,Ti20Hf20Mo30W30,20,0,20,0,0,0,30,30,0
DFT_0936,Ti20Hf20Ta40Mo10W10,20,0,20,0,0,40,10,10,0
DFT_0937,Ti20Hf20Ta45Mo15,20,0,20,0,0,45,15,0,0
DFT_0938,Ti20Hf20Nb25Ta15Mo20,20,0,20,0,25,15,20,0,0
DFT_0939,Ti20Hf25Nb5Ta20W30,20,0,25,0,5,20,0,30,0
DFT_0940,Ti20Hf25Nb25Ta30,20,0,25,0,25,30,0,0,0
DFT_0941,Ti20Hf30Nb20Mo30,20,0,30,0,20,0,30,0,0
DFT_0942,Ti20Hf40Nb5Mo15W20,20,0,40,0,5,0,15,20,0
DFT_0943,Ti20Hf40Nb5Ta20W15,20,0,40,0,5,20,0,15,0
DFT_0944,Ti20Hf40Nb25W15,20,0,40,0,25,0,0,15,0
DFT_0945,Ti20Hf40V15Ta25,20,0,40,15,0,25,0,0,0
DFT_0946,Ti20Hf40V20Nb20,20,0,40,20,20,0,0,0,0
DFT_0947,Ti20Zr5V20Nb45Ta5Mo5,20,5,0,20,45,5,5,0,0
DFT_0948,Ti20Zr5V40Nb25W10,20,5,0,40,25,0,0,10,0
DFT_0949,Ti20Zr5Hf25Nb30W20,20,5,25,0,30,0,0,20,0
DFT_0950,Ti20Zr5Hf35Ta20Mo20,20,5,35,0,0,20,20,0,0
DFT_0951,Ti20Zr10Nb20Ta50,20,10,0,0,20,50,0,0,0
DFT_0952,Ti20Zr10V25Ta15W30,20,10,0,25,0,15,0,30,0
DFT_0953,Ti20Zr10V35Ta20Mo15,20,10,0,35,0,20,15,0,0
DFT_0954,Ti20Zr10V40Mo15W15,20,10,0,40,0,0,15,15,0
DFT_0955,Ti20Zr10Hf10V5Ta35W20,20,10,10,5,0,35,0,20,0
DFT_0956,Ti20Zr10Hf30Mo30W10,20,10,30,0,0,0,30,10,0
DFT_0957,Ti20Zr10Hf30V20W20,20,10,30,20,0,0,0,20,0
DFT_0958,Ti20Zr15Ta25Mo20W20,20,15,0,0,0,25,20,20,0
DFT_0959,Ti20Zr15Nb35W30,20,15,0,0,35,0,0,30,0
DFT_0960,Ti20Zr15Nb40Ta25,20,15,0,0,40,25,0,0,0
DFT_0961,Ti20Zr15Nb50Mo15,20,15,0,0,50,0,15,0,0
DFT_0962,Ti20Zr15V15Nb30Mo20,20,15,0,15,30,0,20,0,0
DFT_0963,Ti20Zr15Hf10Nb45Mo10,20,15,10,0,45,0,10,0,0
DFT_0964,Ti20Zr15Hf10V20Ta35,20,15,10,20,0,35,0,0,0
DFT_0965,Ti20Zr15Hf15Nb5Ta45,20,15,15,0,5,45,0,0,0
DFT_0966,Ti20Zr15Hf15V40Nb10,20,15,15,40,10,0,0,0,0
DFT_0967,Ti20Zr15Hf30Nb5W30,20,15,30,0,5,0,0,30,0
DFT_0968,Ti20Zr15Hf40Nb15W10,20,15,40,0,15,0,0,10,0
DFT_0969,Ti20Zr20Nb15Ta20Mo25,20,20,0,0,15,20,25,0,0
DFT_0970,Ti20Zr20V5Ta40Mo15,20,20,0,5,0,40,15,0,0
DFT_0971,Ti20Zr20V15Ta15Mo30,20,20,0,15,0,15,30,0,0
DFT_0972,Ti20Zr20V15Nb30W15,20,20,0,15,30,0,0,15,0
DFT_0973,Ti20Zr20V30Nb10Mo20,20,20,0,30,10,0,20,0,0
DFT_0974,Ti20Zr20V40W20,20,20,0,40,0,0,0,20,0
DFT_0975,Ti20Zr20Hf5V5Mo30W20,20,20,5,5,0,0,30,20,0
DFT_0976,Ti20Zr20Hf10V20W30,20,20,10,20,0,0,0,30,0
DFT_0977,Ti20Zr20Hf15Ta45,20,20,15,0,0,45,0,0,0
DFT_0978,Ti20Zr20Hf30V20Ta10,20,20,30,20,0,10,0,0,0
DFT_0979,Ti20Zr25Hf15Nb20W20,20,25,15,0,20,0,0,20,0
DFT_0980,Ti20Zr25Hf20Mo15W20,20,25,20,0,0,0,15,20,0
DFT_0981,Ti20Zr25Hf25Nb15Mo15,20,25,25,0,15,0,15,0,0
DFT_0982,Ti20Zr25Hf40W15,20,25,40,0,0,0,0,15,0
DFT_0983,Ti20Zr25Hf40Nb15,20,25,40,0,15,0,0,0,0
DFT_0984,Ti20Zr30Ta20Mo15W15,20,30,0,0,0,20,15,15,0
DFT_0985,Ti20Zr30V20W30,20,30,0,20,0,0,0,30,0
DFT_0986,Ti20Zr30Hf20V15W15,20,30,20,15,0,0,0,15,0
DFT_0987,Ti20Zr35Hf15V10Ta20,20,35,15,10,0,20,0,0,0
DFT_0988,Ti20Zr40Mo20W20,20,40,0,0,0,0,20,20,0
DFT_0989,Ti20Zr40V10Ta30,20,40,0,10,0,30,0,0,0
DFT_0990,Ti20Zr40V15Nb25,20,40,0,15,25,0,0,0,0
DFT_0991,Ti20Zr40V20Nb10Ta10,20,40,0,20,10,10,0,0,0
DFT_0992,Ti20Zr40Hf5Ta20Mo15,20,40,5,0,0,20,15,0,0
DFT_0993,Ti20Zr40Hf5V5Mo30,20,40,5,5,0,0,30,0,0
DFT_0994,Ti20Zr40Hf5V10Nb5W20,20,40,5,10,5,0,0,20,0
DFT_0995,Ti20Zr40Hf20W20,20,40,20,0,0,0,0,20,0
DFT_0996,Ti20Zr40Hf20Ta20,20,40,20,0,0,20,0,0,0
DFT_0997,Ti20Zr40Hf20Nb10W10,20,40,20,0,10,0,0,10,0
DFT_0998,Ti20Zr40Hf25V15,20,40,25,15,0,0,0,0,0
DFT_0999,Ti25Nb20Ta5Mo30W20,25,0,0,0,20,5,30,20,0
DFT_1000,Ti25Nb30Ta20Mo15W10,25,0,0,0,30,20,15,10,0
DFT_1001,Ti25Nb30Ta25Mo20,25,0,0,0,30,25,20,0,0
DFT_1002,Ti25V20Nb10Mo15W30,25,0,0,20,10,0,15,30,0
DFT_1003,Ti25V20Nb35W20,25,0,0,20,35,0,0,20,0
DFT_1004,Ti25V30Nb20Ta5Mo20,25,0,0,30,20,5,20,0,0
DFT_1005,Ti25Hf5Nb25Ta25Mo10W10,25,0,5,0,25,25,10,10,0
DFT_1006,Ti25Hf5Nb50Ta10W10,25,0,5,0,50,10,0,10,0
DFT_1007,Ti25Hf5V15Nb30Ta5W20,25,0,5,15,30,5,0,20,0
DFT_1008,Ti25Hf5V20Nb5Ta45,25,0,5,20,5,45,0,0,0
DFT_1009,Ti25Hf5V35Nb10Ta25,25,0,5,35,10,25,0,0,0
DFT_1010,Ti25Hf10V40Nb25,25,0,10,40,25,0,0,0,0
DFT_1011,Ti25Hf15V5Nb10Mo15W30,25,0,15,5,10,0,15,30,0
DFT_1012,Ti25Hf25Ta30W20,25,0,25,0,0,30,0,20,0
DFT_1013,Ti25Hf25Nb20W30,25,0,25,0,20,0,0,30,0
DFT_1014,Ti25Hf25V20Nb25Mo5,25,0,25,20,25,0,5,0,0
DFT_1015,Ti25Hf25V25Mo25,25,0,25,25,0,0,25,0,0
DFT_1016,Ti25Hf25V25Nb5Mo15W5,25,0,25,25,5,0,15,5,0
DFT_1017,Ti25Hf30Nb5Ta5Mo25W10,25,0,30,0,5,5,25,10,0
DFT_1018,Ti25Hf35Ta20Mo20,25,0,35,0,0,20,20,0,0
DFT_1019,Ti25Hf35Nb20Ta10Mo10,25,0,35,0,20,10,10,0,0
DFT_1020,Ti25Hf35V30Nb5W5,25,0,35,30,5,0,0,5,0
DFT_1021,Ti25Zr5V10Ta30W30,25,5,0,10,0,30,0,30,0
DFT_1022,Ti25Zr5V40Mo30,25,5,0,40,0,0,30,0,0
DFT_1023,Ti25Zr5Hf5Nb10Ta50W5,25,5,5,0,10,50,0,5,0
DFT_1024,Ti25Zr5Hf10Nb35Mo20W5,25,5,10,0,35,0,20,5,0
DFT_1025,Ti25Zr5Hf30V10Ta30,25,5,30,10,0,30,0,0,0
DFT_1026,Ti25Zr5Hf40W30,25,5,40,0,0,0,0,30,0
DFT_1027,Ti25Zr10Ta5Mo30W30,25,10,0,0,0,5,30,30,0
DFT_1028,Ti25Zr10Nb30Mo30W5,25,10,0,0,30,0,30,5,0
DFT_1029,Ti25Zr10V5Nb35Ta25,25,10,0,5,35,25,0,0,0
DFT_1030,Ti25Zr10Hf40V5Mo20,25,10,40,5,0,0,20,0,0
DFT_1031,Ti25Zr15V20Nb5Mo5W30,25,15,0,20,5,0,5,30,0
DFT_1032,Ti25Zr15Hf10V30Ta5W15,25,15,10,30,0,5,0,15,0
DFT_1033,Ti25Zr20Mo25W30,25,20,0,0,0,0,25,30,0
DFT_1034,Ti25Zr20Ta30Mo25,25,20,0,0,0,30,25,0,0
DFT_1035,Ti25Zr20Nb15Mo10W30,25,20,0,0,15,0,10,30,0
DFT_1036,Ti25Zr20V30Ta10W15,25,20,0,30,0,10,0,15,0
DFT_1037,Ti25Zr20V30Nb25,25,20,0,30,25,0,0,0,0
DFT_1038,Ti25Zr20V35Ta20,25,20,0,35,0,20,0,0,0
DFT_1039,Ti25Zr20Hf5Mo30W20,25,20,5,0,0,0,30,20,0
DFT_1040,Ti25Zr25V30Mo20,25,25,0,30,0,0,20,0,0
DFT_1041,Ti25Zr25Hf5Nb15Ta25W5,25,25,5,0,15,25,0,5,0
DFT_1042,Ti25Zr25Hf40Nb5Ta5,25,25,40,0,5,5,0,0,0
DFT_1043,Ti25Zr30Nb30Mo15,25,30,0,0,30,0,15,0,0
DFT_1044,Ti25Zr30V35Mo5W5,25,30,0,35,0,0,5,5,0
DFT_1045,Ti25Zr40V5Mo30,25,40,0,5,0,0,30,0,0
DFT_1046,Ti25Zr40Hf5V5W25,25,40,5,5,0,0,0,25,0
DFT_1047,Ti30Nb5Ta30Mo15W20,30,0,0,0,5,30,15,20,0
DFT_1048,Ti30Nb5Ta50W15,30,0,0,0,5,50,0,15,0
DFT_1049,Ti30Nb10Ta30W30,30,0,0,0,10,30,0,30,0
DFT_1050,Ti30Nb10Ta50Mo5W5,30,0,0,0,10,50,5,5,0
DFT_1051,Ti30Nb45Mo15W10,30,0,0,0,45,0,15,10,0
DFT_1052,Ti30V20Nb5Mo30W15,30,0,0,20,5,0,30,15,0
DFT_1053,Ti30V35Ta30W5,30,0,0,35,0,30,0,5,0
DFT_1054,Ti30V35Nb5W30,30,0,0,35,5,0,0,30,0
DFT_1055,Ti30V35Nb5Mo5W25,30,0,0,35,5,0,5,25,0
DFT_1056,Ti30V35Nb5Ta5Mo10W15,30,0,0,35,5,5,10,15,0
DFT_1057,Ti30Hf10Nb35Mo15W10,30,0,10,0,35,0,15,10,0
DFT_1058,Ti30Hf10V15Ta45,30,0,10,15,0,45,0,0,0
DFT_1059,Ti30Hf10V20Ta25W15,30,0,10,20,0,25,0,15,0
DFT_1060,Ti30Hf15Ta20Mo15W20,30,0,15,0,0,20,15,20,0
DFT_1061,Ti30Hf15Nb20Mo5W30,30,0,15,0,20,0,5,30,0
DFT_1062,Ti30Hf15V5Mo30W20,30,0,15,5,0,0,30,20,0
DFT_1063,Ti30Hf15V15Ta25Mo15,30,0,15,15,0,25,15,0,0
DFT_1064,Ti30Hf15V20Mo10W25,30,0,15,20,0,0,10,25,0
DFT_1065,Ti30Hf15V30Mo15W10,30,0,15,30,0,0,15,10,0
DFT_1066,Ti30Hf15V40Ta10W5,30,0,15,40,0,10,0,5,0
DFT_1067,Ti30Hf20Nb25Ta20W5,30,0,20,0,25,20,0,5,0
DFT_1068,Ti30Hf25Mo30W15,30,0,25,0,0,0,30,15,0
DFT_1069,Ti30Hf25Nb10Ta20Mo5W10,30,0,25,0,10,20,5,10,0
DFT_1070,Ti30Hf25Nb30Mo15,30,0,25,0,30,0,15,0,0
DFT_1071,Ti30Hf25V15Nb5Mo25,30,0,25,15,5,0,25,0,0
DFT_1072,Ti30Hf25V30W15,30,0,25,30,0,0,0,15,0
DFT_1073,Ti30Hf35V25Mo10,30,0,35,25,0,0,10,0,0
DFT_1074,Ti30Hf40Ta20W10,30,0,40,0,0,20,0,10,0
DFT_1075,Ti30Zr5V5Nb35W25,30,5,0,5,35,0,0,25,0
DFT_1076,Ti30Zr5Hf5Nb5Ta30Mo25,30,5,5,0,5,30,25,0,0
DFT_1077,Ti30Zr5Hf30V5Mo5W25,30,5,30,5,0,0,5,25,0
DFT_1078,Ti30Zr10Hf10Nb50,30,10,10,0,50,0,0,0,0
DFT_1079,Ti30Zr10Hf15V10Nb30Ta5,30,10,15,10,30,5,0,0,0
DFT_1080,Ti30Zr15Nb15Ta25W15,30,15,0,0,15,25,0,15,0
DFT_1081,Ti30Zr15Nb40W15,30,15,0,0,40,0,0,15,0
DFT_1082,Ti30Zr15Hf40V15,30,15,40,15,0,0,0,0,0
DFT_1083,Ti30Zr20Ta35W15,30,20,0,0,0,35,0,15,0
DFT_1084,Ti30Zr20Nb35Ta5W10,30,20,0,0,35,5,0,10,0
DFT_1085,Ti30Zr20V15Ta20Mo15,30,20,0,15,0,20,15,0,0
DFT_1086,Ti30Zr20Hf25V10Nb15,30,20,25,10,15,0,0,0,0
DFT_1087,Ti30Zr25Nb10Mo30W5,30,25,0,0,10,0,30,5,0
DFT_1088,Ti30Zr25V10Ta25W10,30,25,0,10,0,25,0,10,0
DFT_1089,Ti30Zr25V20Nb5Ta5Mo15,30,25,0,20,5,5,15,0,0
DFT_1090,Ti30Zr30Nb20Ta20,30,30,0,0,20,20,0,0,0
DFT_1091,Ti30Zr30V10Nb15Mo15,30,30,0,10,15,0,15,0,0
DFT_1092,Ti30Zr30Hf5Nb15Ta20,30,30,5,0,15,20,0,0,0
DFT_1093,Ti30Zr30Hf25Mo15,30,30,25,0,0,0,15,0,0
DFT_1094,Ti30Zr40V5Nb20W5,30,40,0,5,20,0,0,5,0
DFT_1095,Ti30Zr40V15W15,30,40,0,15,0,0,0,15,0
DFT_1096,Ti35Nb25Mo10W30,35,0,0,0,25,0,10,30,0
DFT_1097,Ti35Nb25Ta35W5,35,0,0,0,25,35,0,5,0
DFT_1098,Ti35V5Nb5Ta5Mo30W20,35,0,0,5,5,5,30,20,0
DFT_1099,Ti35V20Nb20Mo10W15,35,0,0,20,20,0,10,15,0
DFT_1100,Ti35Hf5Ta35Mo20W5,35,0,5,0,0,35,20,5,0
DFT_1101,Ti35Hf5V5Ta40W15,35,0,5,5,0,40,0,15,0
DFT_1102,Ti35Hf10V10Nb20Mo25,35,0,10,10,20,0,25,0,0
DFT_1103,Ti35Hf10V10Nb35W10,35,0,10,10,35,0,0,10,0
DFT_1104,Ti35Hf20Mo15W30,35,0,20,0,0,0,15,30,0
DFT_1105,Ti35Hf20V20Nb25,35,0,20,20,25,0,0,0,0
DFT_1106,Ti35Hf40V5Mo5W15,35,0,40,5,0,0,5,15,0
DFT_1107,Ti35Hf40V5Nb5Ta5Mo10,35,0,40,5,5,5,10,0,0
DFT_1108,Ti35Hf40V10W15,35,0,40,10,0,0,0,15,0
DFT_1109,Ti35Zr5V35Nb20Ta5,35,5,0,35,20,5,0,0,0
DFT_1110,Ti35Zr5Hf5V40Nb10Ta5,35,5,5,40,10,5,0,0,0
DFT_1111,Ti35Zr5Hf20Ta25W15,35,5,20,0,0,25,0,15,0
DFT_1112,Ti35Zr5Hf40V15Mo5,35,5,40,15,0,0,5,0,0
DFT_1113,Ti35Zr10Nb25Mo30,35,10,0,0,25,0,30,0,0
DFT_1114,Ti35Zr10Hf25Ta30,35,10,25,0,0,30,0,0,0
DFT_1115,Ti35Zr15Nb10Ta40,35,15,0,0,10,40,0,0,0
DFT_1116,Ti35Zr15Nb25Ta10Mo15,35,15,0,0,25,10,15,0,0
DFT_1117,Ti35Zr15Hf5V25Ta20,35,15,5,25,0,20,0,0,0
DFT_1118,Ti35Zr20Hf20Ta15Mo10,35,20,20,0,0,15,10,0,0
DFT_1119,Ti35Zr25Nb5Ta10W25,35,25,0,0,5,10,0,25,0
DFT_1120,Ti35Zr25Hf15Nb25,35,25,15,0,25,0,0,0,0
DFT_1121,Ti35Zr30Mo5W30,35,30,0,0,0,0,5,30,0
DFT_1122,Ti40Ta5Mo30W25,40,0,0,0,0,5,30,25,0
DFT_1123,Ti40Ta25Mo15W20,40,0,0,0,0,25,15,20,0
DFT_1124,Ti40Nb5Ta5Mo20W30,40,0,0,0,5,5,20,30,0
DFT_1125,Ti40Nb20Ta5Mo25W10,40,0,0,0,20,5,25,10,0
DFT_1126,Ti40Nb25Ta15W20,40,0,0,0,25,15,0,20,0
DFT_1127,Ti40Nb45Ta10Mo5,40,0,0,0,45,10,5,0,0
DFT_1128,Ti40V5Ta25Mo30,40,0,0,5,0,25,30,0,0
DFT_1129,Ti40V5Ta45Mo10,40,0,0,5,0,45,10,0,0
DFT_1130,Ti40V5Nb25Ta15W15,40,0,0,5,25,15,0,15,0
DFT_1131,Ti40V5Nb35Ta10Mo5W5,40,0,0,5,35,10,5,5,0
DFT_1132,Ti40V5Nb40Ta5Mo10,40,0,0,5,40,5,10,0,0
DFT_1133,Ti40V15Ta20Mo10W15,40,0,0,15,0,20,10,15,0
DFT_1134,Ti40V15Ta25W20,40,0,0,15,0,25,0,20,0
DFT_1135,Ti40V15Nb20Ta25,40,0,0,15,20,25,0,0,0
DFT_1136,Ti40V15Nb35W10,40,0,0,15,35,0,0,10,0
DFT_1137,Ti40V20Ta25Mo15,40,0,0,20,0,25,15,0,0
DFT_1138,Ti40V20Nb20Ta15Mo5,40,0,0,20,20,15,5,0,0
DFT_1139,Ti40V20Nb25Mo15,40,0,0,20,25,0,15,0,0
DFT_1140,Ti40V25Mo20W15,40,0,0,25,0,0,20,15,0
DFT_1141,Ti40V35Ta10Mo5W10,40,0,0,35,0,10,5,10,0
DFT_1142,Ti40V40Nb5W15,40,0,0,40,5,0,0,15,0
DFT_1143,Ti40Hf5Nb10Ta15W30,40,0,5,0,10,15,0,30,0
DFT_1144,Ti40Hf15Ta30Mo15,40,0,15,0,0,30,15,0,0
DFT_1145,Ti40Hf15Nb10Mo20W15,40,0,15,0,10,0,20,15,0
DFT_1146,Ti40Hf15Nb25W20,40,0,15,0,25,0,0,20,0
DFT_1147,Ti40Hf15Nb30Ta15,40,0,15,0,30,15,0,0,0
DFT_1148,Ti40Hf15V15W30,40,0,15,15,0,0,0,30,0
DFT_1149,Ti40Hf15V40Nb5,40,0,15,40,5,0,0,0,0
DFT_1150,Ti40Hf20Nb5Ta25Mo10,40,0,20,0,5,25,10,0,0
DFT_1151,Ti40Hf20V20Ta10W10,40,0,20,20,0,10,0,10,0
DFT_1152,Ti40Hf25Nb15Ta5W15,40,0,25,0,15,5,0,15,0
DFT_1153,Ti40Hf25V20Ta15,40,0,25,20,0,15,0,0,0
DFT_1154,Ti40Hf30Mo15W15,40,0,30,0,0,0,15,15,0
DFT_1155,Ti40Hf30Ta5Mo20W5,40,0,30,0,0,5,20,5,0
DFT_1156,Ti40Hf35Nb20Ta5,40,0,35,0,20,5,0,0,0
DFT_1157,Ti40Hf40Nb5Ta10Mo5,40,0,40,0,5,10,5,0,0
DFT_1158,Ti40Hf40V5Mo15,40,0,40,5,0,0,15,0,0
DFT_1159,Ti40Zr5Nb15Ta30Mo10,40,5,0,0,15,30,10,0,0
DFT_1160,Ti40Zr5V5Ta20Mo30,40,5,0,5,0,20,30,0,0
DFT_1161,Ti40Zr5V40Mo15,40,5,0,40,0,0,15,0,0
DFT_1162,Ti40Zr5Hf5Nb5Ta15W30,40,5,5,0,5,15,0,30,0
DFT_1163,Ti40Zr5Hf5V15Ta30Mo5,40,5,5,15,0,30,5,0,0
DFT_1164,Ti40Zr5Hf5V40Mo10,40,5,5,40,0,0,10,0,0
DFT_1165,Ti40Zr5Hf10V10Nb5Mo30,40,5,10,10,5,0,30,0,0
DFT_1166,Ti40Zr5Hf20Ta5W30,40,5,20,0,0,5,0,30,0
DFT_1167,Ti40Zr5Hf20Nb25Mo10,40,5,20,0,25,0,10,0,0
DFT_1168,Ti40Zr5Hf20V30Nb5,40,5,20,30,5,0,0,0,0
DFT_1169,Ti40Zr10Ta5Mo30W15,40,10,0,0,0,5,30,15,0
DFT_1170,Ti40Zr10V15Nb10W25,40,10,0,15,10,0,0,25,0
DFT_1171,Ti40Zr10V20Mo25W5,40,10,0,20,0,0,25,5,0
DFT_1172,Ti40Zr10V20Mo30,40,10,0,20,0,0,30,0,0
DFT_1173,Ti40Zr10Hf5V10Ta35,40,10,5,10,0,35,0,0,0
DFT_1174,Ti40Zr15Mo30W15,40,15,0,0,0,0,30,15,0
DFT_1175,Ti40Zr15Ta15W30,40,15,0,0,0,15,0,30,0
DFT_1176,Ti40Zr15V15Ta30,40,15,0,15,0,30,0,0,0
DFT_1177,Ti40Zr15V15Nb25W5,40,15,0,15,25,0,0,5,0
DFT_1178,Ti40Zr15V15Nb30,40,15,0,15,30,0,0,0,0
DFT_1179,Ti40Zr15V25W20,40,15,0,25,0,0,0,20,0
DFT_1180,Ti40Zr15Hf5Mo15W25,40,15,5,0,0,0,15,25,0
DFT_1181,Ti40Zr15Hf15Mo30,40,15,15,0,0,0,30,0,0
DFT_1182,Ti40Zr15Hf15Nb5Mo25,40,15,15,0,5,0,25,0,0
DFT_1183,Ti40Zr20Hf5Nb10Mo10W15,40,20,5,0,10,0,10,15,0
DFT_1184,Ti40Zr20Hf15V15Mo10,40,20,15,15,0,0,10,0,0
DFT_1185,Ti40Zr20Hf15V25,40,20,15,25,0,0,0,0,0
DFT_1186,Ti40Zr20Hf20Nb5W15,40,20,20,0,5,0,0,15,0
DFT_1187,Ti40Zr20Hf25W15,40,20,25,0,0,0,0,15,0
DFT_1188,Ti40Zr20Hf35Ta5,40,20,35,0,0,5,0,0,0
DFT_1189,Ti40Zr25Ta10Mo15W10,40,25,0,0,0,10,15,10,0
DFT_1190,Ti40Zr25Hf10Nb20Mo5,40,25,10,0,20,0,5,0,0
DFT_1191,Ti40Zr30Ta15Mo15,40,30,0,0,0,15,15,0,0
DFT_1192,Ti40Zr30Nb15W15,40,30,0,0,15,0,0,15,0
DFT_1193,Ti40Zr30V10Ta15Mo5,40,30,0,10,0,15,5,0,0
DFT_1194,Ti40Zr30V10Nb5W15,40,30,0,10,5,0,0,15,0
DFT_1195,Ti40Zr35Hf10V5Nb5Ta5,40,35,10,5,5,5,0,0,0
DFT_1196,Ti40Zr40V15Nb5,40,40,0,15,5,0,0,0,0
DFT_1197,Ti40Zr40Hf10V5Nb5,40,40,10,5,5,0,0,0,0
DFT_1198,Ti40Zr40Hf15Ta5,40,40,15,0,0,5,0,0,0
DFT_1199,V2Nb36Ta48W14,0,0,0,2,36,48,0,14,0
DFT_1200,V12Nb34Ta26Mo28,0,0,0,12,34,26,28,0,0
DFT_1201,V16Nb34Ta42W8,0,0,0,16,34,42,0,8,0
DFT_1202,V18Nb24Ta46Mo12,0,0,0,18,24,46,12,0,0
DFT_1203,V34Ta36Mo2W28,0,0,0,34,0,36,2,28,0
DFT_1204,Hf6V32Nb46Ta16,0,0,6,32,46,16,0,0,0
DFT_1205,Hf8Nb36Mo26W30,0,0,8,0,36,0,26,30,0
DFT_1206,Hf8V30Nb28Ta34,0,0,8,30,28,34,0,0,0
DFT_1207,Hf10V26Ta46Mo18,0,0,10,26,0,46,18,0,0
DFT_1208,Hf10V32Ta24Mo10W24,0,0,10,32,0,24,10,24,0
DFT_1209,Hf12Nb14Ta50Mo18W6,0,0,12,0,14,50,18,6,0
DFT_1210,Hf12Nb28Ta36Mo24,0,0,12,0,28,36,24,0,0
DFT_1211,Hf12Nb28Ta50Mo10,0,0,12,0,28,50,10,0,0
DFT_1212,Hf12V18Nb40Mo30,0,0,12,18,40,0,30,0,0
DFT_1213,Hf12V20Ta50Mo8W10,0,0,12,20,0,50,8,10,0
DFT_1214,Hf12V20Nb30Ta16Mo6W16,0,0,12,20,30,16,6,16,0
DFT_1215,Hf12V34Nb16Ta16W22,0,0,12,34,16,16,0,22,0
DFT_1216,Hf12V38Nb16Ta10Mo12W12,0,0,12,38,16,10,12,12,0
DFT_1217,Hf14V24Nb32Ta16Mo14,0,0,14,24,32,16,14,0,0
DFT_1218,Hf16V12Nb18Ta40W14,0,0,16,12,18,40,0,14,0
DFT_1219,Hf16V14Nb22Ta48,0,0,16,14,22,48,0,0,0
DFT_1220,Hf18V18Nb22Ta32Mo10,0,0,18,18,22,32,10,0,0
DFT_1221,Hf18V28Nb14Ta40,0,0,18,28,14,40,0,0,0
DFT_1222,Hf20Nb38Ta14Mo20W8,0,0,20,0,38,14,20,8,0
DFT_1223,Hf20V36Nb16Ta12Mo16,0,0,20,36,16,12,16,0,0
DFT_1224,Hf22V6Nb38Ta34,0,0,22,6,38,34,0,0,0
DFT_1225,Hf22V34Nb34Mo10,0,0,22,34,34,0,10,0,0
DFT_1226,Hf24Nb20Ta14Mo12W30,0,0,24,0,20,14,12,30,0
DFT_1227,Hf26Nb4Ta50Mo20,0,0,26,0,4,50,20,0,0
DFT_1228,Hf26V22Ta28W24,0,0,26,22,0,28,0,24,0
DFT_1229,Hf26V24Ta40Mo10,0,0,26,24,0,40,10,0,0
DFT_1230,Hf26V28Ta18Mo24W4,0,0,26,28,0,18,24,4,0
DFT_1231,Hf28Nb16Ta30W26,0,0,28,0,16,30,0,26,0
DFT_1232,Hf28Nb48Ta12W12,0,0,28,0,48,12,0,12,0
DFT_1233,Hf28V12Nb50W10,0,0,28,12,50,0,0,10,0
DFT_1234,Hf28V18Nb24Mo30,0,0,28,18,24,0,30,0,0
DFT_1235,Hf30Nb20Ta28Mo12W10,0,0,30,0,20,28,12,10,0
DFT_1236,Hf32V10Ta12Mo20W26,0,0,32,10,0,12,20,26,0
DFT_1237,Hf32V22Nb12Mo22W12,0,0,32,22,12,0,22,12,0
DFT_1238,Hf34Ta18Mo30W18,0,0,34,0,0,18,30,18,0
DFT_1239,Hf34V14Nb12Ta40,0,0,34,14,12,40,0,0,0
DFT_1240,Hf34V36Mo22W8,0,0,34,36,0,0,22,8,0
DFT_1241,Hf36V26Nb16Mo2W20,0,0,36,26,16,0,2,20,0
DFT_1242,Hf38Nb30Ta12Mo20,0,0,38,0,30,12,20,0,0
DFT_1243,Hf38Nb46Ta14W2,0,0,38,0,46,14,0,2,0
DFT_1244,Hf40Nb14Ta34Mo12,0,0,40,0,14,34,12,0,0
DFT_1245,Hf40Nb22Ta14W24,0,0,40,0,22,14,0,24,0
DFT_1246,Hf40V32Nb24Mo4,0,0,40,32,24,0,4,0,0
DFT_1247,Zr2Nb50Ta26Mo22,0,2,0,0,50,26,22,0,0
DFT_1248,Zr4V14Nb12Ta34Mo16W20,0,4,0,14,12,34,16,20,0
DFT_1249,Zr4V36Nb46Mo14,0,4,0,36,46,0,14,0,0
DFT_1250,Zr8Nb38Ta28Mo14W12,0,8,0,0,38,28,14,12,0
DFT_1251,Zr8Nb38Ta40Mo14,0,8,0,0,38,40,14,0,0
DFT_1252,Zr8Nb44Ta38W10,0,8,0,0,44,38,0,10,0
DFT_1253,Zr8V12Nb18Ta36Mo26,0,8,0,12,18,36,26,0,0
DFT_1254,Zr8V34Nb34Mo12W12,0,8,0,34,34,0,12,12,0
DFT_1255,Zr8Hf16Nb50Mo26,0,8,16,0,50,0,26,0,0
DFT_1256,Zr10V26Nb50W14,0,10,0,26,50,0,0,14,0
DFT_1257,Zr10V30Nb16Ta14Mo30,0,10,0,30,16,14,30,0,0
DFT_1258,Zr10V36Ta32W22,0,10,0,36,0,32,0,22,0
DFT_1259,Zr10Hf16V32Ta42,0,10,16,32,0,42,0,0,0
DFT_1260,Zr10Hf30Nb22Mo8W30,0,10,30,0,22,0,8,30,0
DFT_1261,Zr10Hf32V8Ta36Mo14,0,10,32,8,0,36,14,0,0
DFT_1262,Zr12Nb22Ta46W20,0,12,0,0,22,46,0,20,0
DFT_1263,Zr12V16Nb34Ta16Mo22,0,12,0,16,34,16,22,0,0
DFT_1264,Zr12V38Ta40W10,0,12,0,38,0,40,0,10,0
DFT_1265,Zr12Hf16V38Nb24W10,0,12,16,38,24,0,0,10,0
DFT_1266,Zr12Hf24Ta32Mo30W2,0,12,24,0,0,32,30,2,0
DFT_1267,Zr12Hf28V22Mo20W18,0,12,28,22,0,0,20,18,0
DFT_1268,Zr12Hf30V10Nb20Ta28,0,12,30,10,20,28,0,0,0
DFT_1269,Zr12Hf36Nb26Mo14W12,0,12,36,0,26,0,14,12,0
DFT_1270,Zr12Hf38V10Nb18Mo22,0,12,38,10,18,0,22,0,0
DFT_1271,Zr12Hf40V32Ta16,0,12,40,32,0,16,0,0,0
DFT_1272,Zr14Nb48Ta26Mo12,0,14,0,0,48,26,12,0,0
DFT_1273,Zr14V18Nb14Ta24W30,0,14,0,18,14,24,0,30,0
DFT_1274,Zr14V20Ta42W24,0,14,0,20,0,42,0,24,0
DFT_1275,Zr14V24Nb32W30,0,14,0,24,32,0,0,30,0
DFT_1276,Zr14Hf6Nb36Ta44,0,14,6,0,36,44,0,0,0
DFT_1277,Zr14Hf14Nb36Mo22W14,0,14,14,0,36,0,22,14,0
DFT_1278,Zr14Hf14V28Nb18W26,0,14,14,28,18,0,0,26,0
DFT_1279,Zr14Hf22Nb42W22,0,14,22,0,42,0,0,22,0
DFT_1280,Zr14Hf22V22Nb42,0,14,22,22,42,0,0,0,0
DFT_1281,Zr14Hf24V18Mo14W30,0,14,24,18,0,0,14,30,0
DFT_1282,Zr14Hf26V20Ta30Mo10,0,14,26,20,0,30,10,0,0
DFT_1283,Zr14Hf28V12Nb6Ta22W18,0,14,28,12,6,22,0,18,0
DFT_1284,Zr14Hf32V28Ta12Mo14,0,14,32,28,0,12,14,0,0
DFT_1285,Zr16Nb50Ta14W20,0,16,0,0,50,14,0,20,0
DFT_1286,Zr16V22Nb32Ta12W18,0,16,0,22,32,12,0,18,0
DFT_1287,Zr16V28Nb16Ta26W14,0,16,0,28,16,26,0,14,0
DFT_1288,Zr16V38Ta28Mo18,0,16,0,38,0,28,18,0,0
DFT_1289,Zr16Hf6V10Nb32Ta36,0,16,6,10,32,36,0,0,0
DFT_1290,Zr16Hf8Nb18Ta34Mo16W8,0,16,8,0,18,34,16,8,0
DFT_1291,Zr16Hf12Ta46Mo26,0,16,12,0,0,46,26,0,0
DFT_1292,Zr16Hf14V18Ta38W14,0,16,14,18,0,38,0,14,0
DFT_1293,Zr16Hf18Nb16Ta28Mo22,0,16,18,0,16,28,22,0,0
DFT_1294,Zr16Hf36Ta20Mo28,0,16,36,0,0,20,28,0,0
DFT_1295,Zr16Hf40V26Nb16W2,0,16,40,26,16,0,0,2,0
DFT_1296,Zr18V34Nb18Mo20W10,0,18,0,34,18,0,20,10,0
DFT_1297,Zr18Hf10V10Nb12Ta50,0,18,10,10,12,50,0,0,0
DFT_1298,Zr18Hf10V36Ta18W18,0,18,10,36,0,18,0,18,0
DFT_1299,Zr18Hf28V6Nb48,0,18,28,6,48,0,0,0,0
DFT_1300,Zr18Hf30Mo30W22,0,18,30,0,0,0,30,22,0
DFT_1301,Zr18Hf30Nb12Mo30W10,0,18,30,0,12,0,30,10,0
DFT_1302,Zr18Hf36Ta22W24,0,18,36,0,0,22,0,24,0
DFT_1303,Zr18Hf38Nb34Ta10,0,18,38,0,34,10,0,0,0
DFT_1304,Zr18Hf40V12Nb16W14,0,18,40,12,16,0,0,14,0
DFT_1305,Zr20Hf14Ta44W22,0,20,14,0,0,44,0,22,0
DFT_1306,Zr20Hf24V16Nb14Mo24W2,0,20,24,16,14,0,24,2,0
DFT_1307,Zr22V12Nb28Mo20W18,0,22,0,12,28,0,20,18,0
DFT_1308,Zr22Hf12V28Mo22W16,0,22,12,28,0,0,22,16,0
DFT_1309,Zr22Hf16V6Nb20Ta28Mo8,0,22,16,6,20,28,8,0,0
DFT_1310,Zr22Hf20Nb20Ta38,0,22,20,0,20,38,0,0,0
DFT_1311,Zr24V6Nb38Ta18W14,0,24,0,6,38,18,0,14,0
DFT_1312,Zr24Hf16V10Nb26Mo14W10,0,24,16,10,26,0,14,10,0
DFT_1313,Zr24Hf18V26Mo28W4,0,24,18,26,0,0,28,4,0
DFT_1314,Zr26Nb40Ta20Mo14,0,26,0,0,40,20,14,0,0
DFT_1315,Zr26V10Nb20Ta32Mo12,0,26,0,10,20,32,12,0,0
DFT_1316,Zr26V16Nb36Mo16W6,0,26,0,16,36,0,16,6,0
DFT_1317,Zr26V28Ta36Mo10,0,26,0,28,0,36,10,0,0
DFT_1318,Zr26Hf8Ta20Mo16W30,0,26,8,0,0,20,16,30,0
DFT_1319,Zr26Hf10Ta16Mo30W18,0,26,10,0,0,16,30,18,0
DFT_1320,Zr26Hf18V4Ta22W30,0,26,18,4,0,22,0,30,0
DFT_1321,Zr26Hf30V10Ta24W10,0,26,30,10,0,24,0,10,0
DFT_1322,Zr28Nb6Ta38W28,0,28,0,0,6,38,0,28,0
DFT_1323,Zr28Nb34Mo14W24,0,28,0,0,34,0,14,24,0
DFT_1324,Zr28V2Ta50Mo20,0,28,0,2,0,50,20,0,0
DFT_1325,Zr28V34Mo28W10,0,28,0,34,0,0,28,10,0
DFT_1326,Zr28Hf10V26Nb2Ta34,0,28,10,26,2,34,0,0,0
DFT_1327,Zr28Hf20V40Mo12,0,28,20,40,0,0,12,0,0
DFT_1328,Zr28Hf28Nb22Ta12Mo10,0,28,28,0,22,12,10,0,0
DFT_1329,Zr28Hf30V10Nb20Mo12,0,28,30,10,20,0,12,0,0
DFT_1330,Zr30Hf6V28Nb12Ta12W12,0,30,6,28,12,12,0,12,0
DFT_1331,Zr30Hf8Nb8Ta34Mo20,0,30,8,0,8,34,20,0,0
DFT_1332,Zr30Hf12V10Nb48,0,30,12,10,48,0,0,0,0
DFT_1333,Zr32V12Nb44W12,0,32,0,12,44,0,0,12,0
DFT_1334,Zr32V28Nb12Mo18W10,0,32,0,28,12,0,18,10,0
DFT_1335,Zr32Hf26V12Mo30,0,32,26,12,0,0,30,0,0
DFT_1336,Zr34Nb22Ta16Mo10W18,0,34,0,0,22,16,10,18,0
DFT_1337,Zr34Hf38V8Nb20,0,34,38,8,20,0,0,0,0
DFT_1338,Zr36Hf16Nb14Mo10W24,0,36,16,0,14,0,10,24,0
DFT_1339,Zr36Hf20Nb24W20,0,36,20,0,24,0,0,20,0
DFT_1340,Zr38V24Nb28Mo10,0,38,0,24,28,0,10,0,0
DFT_1341,Zr38V28Ta26W8,0,38,0,28,0,26,0,8,0
DFT_1342,Zr38Hf12Nb22Mo28,0,38,12,0,22,0,28,0,0
DFT_1343,Zr40Nb16Ta34Mo8W2,0,40,0,0,16,34,8,2,0
DFT_1344,Zr40Nb20Mo28W12,0,40,0,0,20,0,28,12,0
DFT_1345,Zr40V4Nb28Ta16W12,0,40,0,4,28,16,0,12,0
DFT_1346,Zr40V16Nb40Ta4,0,40,0,16,40,4,0,0,0
DFT_1347,Zr40V34Ta14Mo12,0,40,0,34,0,14,12,0,0
DFT_1348,Zr40V36Nb14W10,0,40,0,36,14,0,0,10,0
DFT_1349,Zr40Hf10V28W22,0,40,10,28,0,0,0,22,0
DFT_1350,Zr40Hf14Nb8Ta18W20,0,40,14,0,8,18,0,20,0
DFT_1351,Zr40Hf16Nb10Mo22W12,0,40,16,0,10,0,22,12,0
DFT_1352,Zr40Hf20V14Ta10Mo16,0,40,20,14,0,10,16,0,0
DFT_1353,Zr40Hf22Ta22Mo14W2,0,40,22,0,0,22,14,2,0
DFT_1354,Ti2Hf10V40Nb14Ta10Mo24,2,0,10,40,14,10,24,0,0
DFT_1355,Ti2Zr22Hf26Ta50,2,22,26,0,0,50,0,0,0
DFT_1356,Ti2Zr40V22Nb14W22,2,40,0,22,14,0,0,22,0
DFT_1357,Ti4Nb22Ta50Mo24,4,0,0,0,22,50,24,0,0
DFT_1358,Ti4V10Nb34Ta20Mo12W20,4,0,0,10,34,20,12,20,0
DFT_1359,Ti4Hf18Nb10Ta34Mo10W24,4,0,18,0,10,34,10,24,0
DFT_1360,Ti4Hf22Ta38Mo26W10,4,0,22,0,0,38,26,10,0
DFT_1361,Ti4Zr10V14Ta34Mo30W8,4,10,0,14,0,34,30,8,0
DFT_1362,Ti4Zr22Hf22Ta24Mo10W18,4,22,22,0,0,24,10,18,0
DFT_1363,Ti6Hf38Nb22Ta34,6,0,38,0,22,34,0,0,0
DFT_1364,Ti6Zr36Nb10Ta36W12,6,36,0,0,10,36,0,12,0
DFT_1365,Ti8Zr8V26Ta34Mo24,8,8,0,26,0,34,24,0,0
DFT_1366,Ti8Zr22Hf32Mo10W28,8,22,32,0,0,0,10,28,0
DFT_1367,Ti8Zr24Ta38Mo30,8,24,0,0,0,38,30,0,0
DFT_1368,Ti8Zr32Ta6Mo30W24,8,32,0,0,0,6,30,24,0
DFT_1369,Ti10V26Nb40Ta6Mo18,10,0,0,26,40,6,18,0,0
DFT_1370,Ti10V28Nb18Ta44,10,0,0,28,18,44,0,0,0
DFT_1371,Ti10Hf12Nb22Ta32W24,10,0,12,0,22,32,0,24,0
DFT_1372,Ti10Hf12Nb30Ta44W4,10,0,12,0,30,44,0,4,0
DFT_1373,Ti10Hf16Nb36Mo14W24,10,0,16,0,36,0,14,24,0
DFT_1374,Ti10Hf16V24Ta12Mo20W18,10,0,16,24,0,12,20,18,0
DFT_1375,Ti10Hf18V6Ta50W16,10,0,18,6,0,50,0,16,0
DFT_1376,Ti10Hf24V14Ta22Mo20W10,10,0,24,14,0,22,20,10,0
DFT_1377,Ti10Hf26V38Mo4W22,10,0,26,38,0,0,4,22,0
DFT_1378,Ti10Hf30Ta34W26,10,0,30,0,0,34,0,26,0
DFT_1379,Ti10Zr8V38Nb14Mo30,10,8,0,38,14,0,30,0,0
DFT_1380,Ti10Zr10V30Mo26W24,10,10,0,30,0,0,26,24,0
DFT_1381,Ti10Zr12V30Nb38Ta10,10,12,0,30,38,10,0,0,0
DFT_1382,Ti10Zr16V16Nb18Ta12Mo28,10,16,0,16,18,12,28,0,0
DFT_1383,Ti10Zr20Hf16V10Mo30W14,10,20,16,10,0,0,30,14,0
DFT_1384,Ti12Nb30Ta36W22,12,0,0,0,30,36,0,22,0
DFT_1385,Ti12Nb34Ta36Mo18,12,0,0,0,34,36,18,0,0
DFT_1386,Ti12V14Nb26Ta32W16,12,0,0,14,26,32,0,16,0
DFT_1387,Ti12V20Nb46Mo10W12,12,0,0,20,46,0,10,12,0
DFT_1388,Ti12Hf6V16Nb26Mo12W28,12,0,6,16,26,0,12,28,0
DFT_1389,Ti12Hf10V40Mo10W28,12,0,10,40,0,0,10,28,0
DFT_1390,Ti12Hf18Nb30Ta28Mo12,12,0,18,0,30,28,12,0,0
DFT_1391,Ti12Hf24Nb26Ta14W24,12,0,24,0,26,14,0,24,0
DFT_1392,Ti12Hf28V32Nb18Mo10,12,0,28,32,18,0,10,0,0
DFT_1393,Ti12Hf36Ta22Mo30,12,0,36,0,0,22,30,0,0
DFT_1394,Ti12Hf40Nb20W28,12,0,40,0,20,0,0,28,0
DFT_1395,Ti12Hf40V14Nb20Mo14,12,0,40,14,20,0,14,0,0
DFT_1396,Ti12Zr4V16Ta42W26,12,4,0,16,0,42,0,26,0
DFT_1397,Ti12Zr8V30Nb34W16,12,8,0,30,34,0,0,16,0
DFT_1398,Ti12Zr12V16Nb32Ta18W10,12,12,0,16,32,18,0,10,0
DFT_1399,Ti12Zr14Nb34Ta32W8,12,14,0,0,34,32,0,8,0
DFT_1400,Ti12Zr14Hf12Nb28Ta34,12,14,12,0,28,34,0,0,0
DFT_1401,Ti12Zr16Hf16Nb42W14,12,16,16,0,42,0,0,14,0
DFT_1402,Ti12Zr18Hf24Ta34Mo12,12,18,24,0,0,34,12,0,0
DFT_1403,Ti12Zr20V30Ta14Mo24,12,20,0,30,0,14,24,0,0
DFT_1404,Ti12Zr22V12Nb20Ta34,12,22,0,12,20,34,0,0,0
DFT_1405,Ti12Zr24V8Nb44Mo12,12,24,0,8,44,0,12,0,0
DFT_1406,Ti12Zr26Nb48W14,12,26,0,0,48,0,0,14,0
DFT_1407,Ti12Zr26V6Nb26W30,12,26,0,6,26,0,0,30,0
DFT_1408,Ti12Zr26Hf20V38W4,12,26,20,38,0,0,0,4,0
DFT_1409,Ti12Zr30Ta12Mo16W30,12,30,0,0,0,12,16,30,0
DFT_1410,Ti12Zr30Nb30Ta16Mo12,12,30,0,0,30,16,12,0,0
DFT_1411,Ti12Zr30V14Ta14W30,12,30,0,14,0,14,0,30,0
DFT_1412,Ti12Zr32Hf10V18Ta8W20,12,32,10,18,0,8,0,20,0
DFT_1413,Ti14V4Nb50Ta32,14,0,0,4,50,32,0,0,0
DFT_1414,Ti14V30Nb18Mo28W10,14,0,0,30,18,0,28,10,0
DFT_1415,Ti14V40Ta32W14,14,0,0,40,0,32,0,14,0
DFT_1416,Ti14Hf6V40Ta40,14,0,6,40,0,40,0,0,0
DFT_1417,Ti14Hf10Nb50Ta14Mo12,14,0,10,0,50,14,12,0,0
DFT_1418,Ti14Hf10V28Ta24Mo12W12,14,0,10,28,0,24,12,12,0
DFT_1419,Ti14Hf12Nb14Ta36Mo24,14,0,12,0,14,36,24,0,0
DFT_1420,Ti14Hf12Nb18Ta22Mo18W16,14,0,12,0,18,22,18,16,0
DFT_1421,Ti14Hf18V24Ta44,14,0,18,24,0,44,0,0,0
DFT_1422,Ti14Hf18V26Ta24Mo18,14,0,18,26,0,24,18,0,0
DFT_1423,Ti14Hf18V36Mo16W16,14,0,18,36,0,0,16,16,0
DFT_1424,Ti14Hf20V14Mo22W30,14,0,20,14,0,0,22,30,0
DFT_1425,Ti14Hf24V8Ta34Mo20,14,0,24,8,0,34,20,0,0
DFT_1426,Ti14Hf38Mo28W20,14,0,38,0,0,0,28,20,0
DFT_1427,Ti14Zr6Nb48Mo24W8,14,6,0,0,48,0,24,8,0
DFT_1428,Ti14Zr8V16Nb12Mo20W30,14,8,0,16,12,0,20,30,0
DFT_1429,Ti14Zr10V18Nb32Mo16W10,14,10,0,18,32,0,16,10,0
DFT_1430,Ti14Zr14V34Nb4Ta14W20,14,14,0,34,4,14,0,20,0
DFT_1431,Ti14Zr14Hf22Nb50,14,14,22,0,50,0,0,0,0
DFT_1432,Ti14Zr18Nb36Ta12Mo20,14,18,0,0,36,12,20,0,0
DFT_1433,Ti14Zr20Hf40Mo4W22,14,20,40,0,0,0,4,22,0
DFT_1434,Ti14Zr22Nb18Ta30W16,14,22,0,0,18,30,0,16,0
DFT_1435,Ti14Zr26Hf8Ta34W18,14,26,8,0,0,34,0,18,0
DFT_1436,Ti14Zr30V12Nb20Ta16Mo8,14,30,0,12,20,16,8,0,0
DFT_1437,Ti14Zr30V16Nb16Ta10W14,14,30,0,16,16,10,0,14,0
DFT_1438,Ti14Zr36Hf38Mo12,14,36,38,0,0,0,12,0,0
DFT_1439,Ti14Zr38V34Mo14,14,38,0,34,0,0,14,0,0
DFT_1440,Ti14Zr40V20Nb14Mo12,14,40,0,20,14,0,12,0,0
DFT_1441,Ti16V36Nb26W22,16,0,0,36,26,0,0,22,0
DFT_1442,Ti16Hf12Nb44W28,16,0,12,0,44,0,0,28,0
DFT_1443,Ti16Hf12V16Nb44W12,16,0,12,16,44,0,0,12,0
DFT_1444,Ti16Hf16V30Nb22Mo16,16,0,16,30,22,0,16,0,0
DFT_1445,Ti16Hf32Ta20Mo12W20,16,0,32,0,0,20,12,20,0
DFT_1446,Ti16Hf32V8Nb34Mo10,16,0,32,8,34,0,10,0,0
DFT_1447,Ti16Hf38Nb30Ta16,16,0,38,0,30,16,0,0,0
DFT_1448,Ti16Zr10V40Nb20Ta14,16,10,0,40,20,14,0,0,0
DFT_1449,Ti16Zr12Nb32Mo14W26,16,12,0,0,32,0,14,26,0
DFT_1450,Ti16Zr12V10Ta32Mo30,16,12,0,10,0,32,30,0,0
DFT_1451,Ti16Zr14V24Ta36Mo10,16,14,0,24,0,36,10,0,0
DFT_1452,Ti16Zr22V30Mo14W18,16,22,0,30,0,0,14,18,0
DFT_1453,Ti16Zr24V16Nb14Mo30,16,24,0,16,14,0,30,0,0
DFT_1454,Ti16Zr26Ta50W8,16,26,0,0,0,50,0,8,0
DFT_1455,Ti16Zr34Nb22Mo28,16,34,0,0,22,0,28,0,0
DFT_1456,Ti18V40Nb2Ta16W24,18,0,0,40,2,16,0,24,0
DFT_1457,Ti18Hf10Ta36Mo14W22,18,0,10,0,0,36,14,22,0
DFT_1458,Ti18Hf24Nb44Mo14,18,0,24,0,44,0,14,0,0
DFT_1459,Ti18Hf34Ta38Mo10,18,0,34,0,0,38,10,0,0
DFT_1460,Ti18Zr12V38Ta32,18,12,0,38,0,32,0,0,0
DFT_1461,Ti18Zr26Hf24Nb24W8,18,26,24,0,24,0,0,8,0
DFT_1462,Ti18Zr30V10Ta28Mo14,18,30,0,10,0,28,14,0,0
DFT_1463,Ti18Zr38V12Ta20W12,18,38,0,12,0,20,0,12,0
DFT_1464,Ti20Nb16Ta46Mo18,20,0,0,0,16,46,18,0,0
DFT_1465,Ti20Hf6V14Ta12Mo22W26,20,0,6,14,0,12,22,26,0
DFT_1466,Ti20Hf8V10Nb34Ta16Mo12,20,0,8,10,34,16,12,0,0
DFT_1467,Ti20Hf8V16Nb8Ta36Mo12,20,0,8,16,8,36,12,0,0
DFT_1468,Ti20Hf12V14Nb22Mo20W12,20,0,12,14,22,0,20,12,0
DFT_1469,Ti20Hf14V16Ta22W28,20,0,14,16,0,22,0,28,0
DFT_1470,Ti20Hf40V16Nb12W12,20,0,40,16,12,0,0,12,0
DFT_1471,Ti20Zr8Nb14Ta40W18,20,8,0,0,14,40,0,18,0
DFT_1472,Ti20Zr10V14Nb18Ta14W24,20,10,0,14,18,14,0,24,0
DFT_1473,Ti20Zr10V18Ta20Mo16W16,20,10,0,18,0,20,16,16,0
DFT_1474,Ti20Zr14Nb16Ta20W30,20,14,0,0,16,20,0,30,0
DFT_1475,Ti20Zr14Hf20Nb26Mo10W10,20,14,20,0,26,0,10,10,0
DFT_1476,Ti20Zr18Nb24Ta28Mo10,20,18,0,0,24,28,10,0,0
DFT_1477,Ti20Zr20Hf12Ta12Mo12W24,20,20,12,0,0,12,12,24,0
DFT_1478,Ti20Zr22V10Nb32Ta16,20,22,0,10,32,16,0,0,0
DFT_1479,Ti20Zr22V12Ta24W22,20,22,0,12,0,24,0,22,0
DFT_1480,Ti20Zr24Nb48Ta8,20,24,0,0,48,8,0,0,0
DFT_1481,Ti20Zr24Hf14V14Ta18W10,20,24,14,14,0,18,0,10,0
DFT_1482,Ti20Zr28Hf24Mo28,20,28,24,0,0,0,28,0,0
DFT_1483,Ti20Zr36Ta8Mo8W28,20,36,0,0,0,8,8,28,0
DFT_1484,Ti22Nb26Ta38W14,22,0,0,0,26,38,0,14,0
DFT_1485,Ti22V12Nb50Ta16,22,0,0,12,50,16,0,0,0
DFT_1486,Ti22V14Nb32Ta10Mo10W12,22,0,0,14,32,10,10,12,0
DFT_1487,Ti22Hf6V28Nb22Mo10W12,22,0,6,28,22,0,10,12,0
DFT_1488,Ti22Hf8Ta50Mo6W14,22,0,8,0,0,50,6,14,0
DFT_1489,Ti22Hf8Nb38Ta32,22,0,8,0,38,32,0,0,0
DFT_1490,Ti22Hf12Ta40W26,22,0,12,0,0,40,0,26,0
DFT_1491,Ti22Hf16V16Nb24Ta22,22,0,16,16,24,22,0,0,0
DFT_1492,Ti22Hf22V14Nb24Mo18,22,0,22,14,24,0,18,0,0
DFT_1493,Ti22Hf26Ta48W4,22,0,26,0,0,48,0,4,0
DFT_1494,Ti22Hf26V12Nb30W10,22,0,26,12,30,0,0,10,0
DFT_1495,Ti22Hf40V10Mo28,22,0,40,10,0,0,28,0,0
DFT_1496,Ti22Hf40V12Mo14W12,22,0,40,12,0,0,14,12,0
DFT_1497,Ti22Zr6V20Nb20Ta20Mo12,22,6,0,20,20,20,12,0,0
DFT_1498,Ti22Zr8V28Nb18W24,22,8,0,28,18,0,0,24,0
DFT_1499,Ti22Zr14Hf16V28Ta20,22,14,16,28,0,20,0,0,0
DFT_1500,Ti22Zr14Hf20Nb12Ta24Mo8,22,14,20,0,12,24,8,0,0
DFT_1501,Ti22Zr18Hf18Ta30W12,22,18,18,0,0,30,0,12,0
DFT_1502,Ti22Zr20Hf32Mo14W12,22,20,32,0,0,0,14,12,0
DFT_1503,Ti22Zr28Hf12Ta16W22,22,28,12,0,0,16,0,22,0
DFT_1504,Ti22Zr30V10Mo28W10,22,30,0,10,0,0,28,10,0
DFT_1505,Ti24Nb44Mo10W22,24,0,0,0,44,0,10,22,0
DFT_1506,Ti24Nb48Ta16Mo12,24,0,0,0,48,16,12,0,0
DFT_1507,Ti24V30Ta34Mo12,24,0,0,30,0,34,12,0,0
DFT_1508,Ti24Hf8V28Ta16Mo18W6,24,0,8,28,0,16,18,6,0
DFT_1509,Ti24Zr6V32Mo26W12,24,6,0,32,0,0,26,12,0
DFT_1510,Ti24Zr10V16Nb18Ta32,24,10,0,16,18,32,0,0,0
DFT_1511,Ti24Zr10Hf6V24Nb36,24,10,6,24,36,0,0,0,0
DFT_1512,Ti24Zr12Ta38Mo16W10,24,12,0,0,0,38,16,10,0
DFT_1513,Ti24Zr12V10Ta46W8,24,12,0,10,0,46,0,8,0
DFT_1514,Ti24Zr12Hf20Nb10Ta12W22,24,12,20,0,10,12,0,22,0
DFT_1515,Ti24Zr30V22Mo8W16,24,30,0,22,0,0,8,16,0
DFT_1516,Ti24Zr40Hf12Nb8Mo16,24,40,12,0,8,0,16,0,0
DFT_1517,Ti26Nb50Ta22W2,26,0,0,0,50,22,0,2,0
DFT_1518,Ti26V2Ta44Mo28,26,0,0,2,0,44,28,0,0
DFT_1519,Ti26V22Ta24Mo20W8,26,0,0,22,0,24,20,8,0
DFT_1520,Ti26V26Nb28Ta20,26,0,0,26,28,20,0,0,0
DFT_1521,Ti26Hf12Nb16Ta30W16,26,0,12,0,16,30,0,16,0
DFT_1522,Ti26Hf14V26Nb26W8,26,0,14,26,26,0,0,8,0
DFT_1523,Ti26Hf18V26Ta10W20,26,0,18,26,0,10,0,20,0
DFT_1524,Ti26Hf22V40Nb2Mo10,26,0,22,40,2,0,10,0,0
DFT_1525,Ti26Hf24Nb44W6,26,0,24,0,44,0,0,6,0
DFT_1526,Ti26Hf30V14Ta18Mo12,26,0,30,14,0,18,12,0,0
DFT_1527,Ti26Zr8V4Ta50Mo12,26,8,0,4,0,50,12,0,0
DFT_1528,Ti26Zr10V4Ta22Mo28W10,26,10,0,4,0,22,28,10,0
DFT_1529,Ti26Zr10V38W26,26,10,0,38,0,0,0,26,0
DFT_1530,Ti26Zr12Nb14Mo30W18,26,12,0,0,14,0,30,18,0
DFT_1531,Ti26Zr14V38Nb12W10,26,14,0,38,12,0,0,10,0
DFT_1532,Ti26Zr16Hf16Ta20Mo22,26,16,16,0,0,20,22,0,0
DFT_1533,Ti26Zr26Nb22W26,26,26,0,0,22,0,0,26,0
DFT_1534,Ti26Zr28V8Nb38,26,28,0,8,38,0,0,0,0
DFT_1535,Ti28Nb28Ta16W28,28,0,0,0,28,16,0,28,0
DFT_1536,Ti28V12Nb18Ta42,28,0,0,12,18,42,0,0,0
DFT_1537,Ti28V28Ta24W20,28,0,0,28,0,24,0,20,0
DFT_1538,Ti28V34Nb30Mo8,28,0,0,34,30,0,8,0,0
DFT_1539,Ti28Hf6V38Ta12W16,28,0,6,38,0,12,0,16,0
DFT_1540,Ti28Hf12V40Mo20,28,0,12,40,0,0,20,0,0
DFT_1541,Ti28Zr6Nb26Mo20W20,28,6,0,0,26,0,20,20,0
DFT_1542,Ti28Zr8V24Nb14Mo26,28,8,0,24,14,0,26,0,0
DFT_1543,Ti28Zr22Nb26Mo12W12,28,22,0,0,26,0,12,12,0
DFT_1544,Ti28Zr24V6Ta42,28,24,0,6,0,42,0,0,0
DFT_1545,Ti28Zr24V14Nb16Ta18,28,24,0,14,16,18,0,0,0
DFT_1546,Ti28Zr30Ta16Mo26,28,30,0,0,0,16,26,0,0
DFT_1547,Ti30V14Nb18Ta18Mo20,30,0,0,14,18,18,20,0,0
DFT_1548,Ti30V40Ta14Mo16,30,0,0,40,0,14,16,0,0
DFT_1549,Ti30Hf14Nb38Ta10Mo8,30,0,14,0,38,10,8,0,0
DFT_1550,Ti30Hf18V24Nb2Ta26,30,0,18,24,2,26,0,0,0
DFT_1551,Ti30Zr4Hf16V14Nb16W20,30,4,16,14,16,0,0,20,0
DFT_1552,Ti30Zr10Hf24V10Nb14Mo12,30,10,24,10,14,0,12,0,0
DFT_1553,Ti30Zr18V12Nb30Mo10,30,18,0,12,30,0,10,0,0
DFT_1554,Ti30Zr18Hf16V14Mo22,30,18,16,14,0,0,22,0,0
DFT_1555,Ti30Zr20Hf14V6Ta30,30,20,14,6,0,30,0,0,0
DFT_1556,Ti30Zr24Hf28V6Ta12,30,24,28,6,0,12,0,0,0
DFT_1557,Ti32V6Nb38Mo24,32,0,0,6,38,0,24,0,0
DFT_1558,Ti32V30Nb26W12,32,0,0,30,26,0,0,12,0
DFT_1559,Ti32Hf12V12Ta14Mo30,32,0,12,12,0,14,30,0,0
DFT_1560,Ti32Hf12V18Mo24W14,32,0,12,18,0,0,24,14,0
DFT_1561,Ti32Zr14V14Nb4Ta18W18,32,14,0,14,4,18,0,18,0
DFT_1562,Ti32Zr24V12Ta2Mo30,32,24,0,12,0,2,30,0,0
DFT_1563,Ti32Zr24Hf18W26,32,24,18,0,0,0,0,26,0
DFT_1564,Ti34Ta26Mo28W12,34,0,0,0,0,26,28,12,0
DFT_1565,Ti34V14Nb14Ta28W10,34,0,0,14,14,28,0,10,0
DFT_1566,Ti34V14Nb50Ta2,34,0,0,14,50,2,0,0,0
DFT_1567,Ti34Hf10V26Nb16Mo14,34,0,10,26,16,0,14,0,0
DFT_1568,Ti34Hf16Nb8Ta42,34,0,16,0,8,42,0,0,0
DFT_1569,Ti34Hf22Ta18Mo18W8,34,0,22,0,0,18,18,8,0
DFT_1570,Ti34Hf24Nb16Mo26,34,0,24,0,16,0,26,0,0
DFT_1571,Ti34Zr8Ta18Mo16W24,34,8,0,0,0,18,16,24,0
DFT_1572,Ti34Zr16Ta18Mo18W14,34,16,0,0,0,18,18,14,0
DFT_1573,Ti34Zr16Hf14V16W20,34,16,14,16,0,0,0,20,0
DFT_1574,Ti34Zr16Hf20Mo12W18,34,16,20,0,0,0,12,18,0
DFT_1575,Ti36Nb42Ta2W20,36,0,0,0,42,2,0,20,0
DFT_1576,Ti36V12Ta14Mo10W28,36,0,0,12,0,14,10,28,0
DFT_1577,Ti36V26Ta10Mo28,36,0,0,26,0,10,28,0,0
DFT_1578,Ti36Zr2V12Nb16Ta4W30,36,2,0,12,16,4,0,30,0
DFT_1579,Ti36Zr14Ta36Mo14,36,14,0,0,0,36,14,0,0
DFT_1580,Ti38Hf8Nb22Ta12Mo20,38,0,8,0,22,12,20,0,0
DFT_1581,Ti38Hf10V20Nb8Mo10W14,38,0,10,20,8,0,10,14,0
DFT_1582,Ti38Hf34V12Nb16,38,0,34,12,16,0,0,0,0
DFT_1583,Ti38Zr6Hf14V26Mo16,38,6,14,26,0,0,16,0,0
DFT_1584,Ti38Zr10Mo24W28,38,10,0,0,0,0,24,28,0
DFT_1585,Ti38Zr10V26Ta12Mo14,38,10,0,26,0,12,14,0,0
DFT_1586,Ti38Zr12Hf10Ta20Mo14W6,38,12,10,0,0,20,14,6,0
DFT_1587,Ti38Zr14Nb22W26,38,14,0,0,22,0,0,26,0
DFT_1588,Ti38Zr16V16Mo14W16,38,16,0,16,0,0,14,16,0
DFT_1589,Ti40Nb6Ta32W22,40,0,0,0,6,32,0,22,0
DFT_1590,Ti40V6Nb20Mo14W20,40,0,0,6,20,0,14,20,0
DFT_1591,Ti40Hf4V24Nb32,40,0,4,24,32,0,0,0,0
DFT_1592,Ti40Hf4V32Ta24,40,0,4,32,0,24,0,0,0
DFT_1593,Ti40Hf6V30W24,40,0,6,30,0,0,0,24,0
DFT_1594,Ti40Hf16V10Ta14W20,40,0,16,10,0,14,0,20,0
DFT_1595,Ti40Hf18V18Ta12Mo12,40,0,18,18,0,12,12,0,0
DFT_1596,Ti40Zr10Nb24Mo12W14,40,10,0,0,24,0,12,14,0
DFT_1597,Ti40Zr18Nb14Ta22W6,40,18,0,0,14,22,0,6,0
DFT_1598,Ti40Zr30Hf4Mo26,40,30,4,0,0,0,26,0,0