DFT_ID,Alloy,SWS0,B0,R2,dSWS_center
DFT_0001,W91Re9,2.963476,297.51,0.99996,+0.01978
DFT_0002,W95Re5,2.966373,290.91,0.99987,+0.01987
DFT_0003,Mo92Re8,2.940249,257.91,0.99999,+0.01425
DFT_0004,Ta50W50,3.021511,232.84,0.99994,+0.01151
DFT_0005,Ta60W40,3.034874,224.91,0.99996,+0.01287
DFT_0006,Ta70W30,3.049351,217.49,0.99976,+0.01535
DFT_0007,Ta80W20,3.064330,206.81,0.99982,+0.01833
DFT_0008,Ta90W7Re3,3.076637,197.58,0.99991,+0.02074
DFT_0009,Ta90W10,3.081020,194.43,0.99896,+0.02302
DFT_0010,Nb5Ta45Mo5W45,3.019718,230.33,0.99998,+0.01072
DFT_0011,Nb22Ta34Mo22W22,3.022581,215.86,0.99995,+0.00978
DFT_0012,Nb24Ta28Mo24W24,3.016431,218.97,0.99995,+0.00883
DFT_0013,Nb25Ta25Mo25W25,3.013349,220.36,0.99991,+0.00835
DFT_0014,Nb26Ta23Mo26W25,3.011638,220.71,0.99989,+0.00804
DFT_0015,Nb27Ta19Mo27W27,3.007195,224.84,0.99989,+0.00740
DFT_0016,Nb29Ta14Mo29W28,3.002764,229.57,0.99995,+0.00696
DFT_0017,Nb32Ta6Mo31W31,2.996804,229.78,0.99998,+0.00740
DFT_0018,Nb35Ta5Mo25W35,2.999578,232.85,0.99999,+0.00658
DFT_0019,Nb35Ta35Mo5W25,3.044751,198.28,0.99988,+0.01175
DFT_0020,Nb50Mo25W25,3.009314,209.21,0.99994,+0.00431
DFT_0021,Nb66Mo17W17,3.027838,192.85,0.99999,+0.00204
DFT_0022,Nb66Mo18W16,3.027547,192.80,0.99999,+0.00195
DFT_0023,Nb67Mo16W17,3.029287,192.43,0.99999,+0.00209
DFT_0024,Nb67Mo17W16,3.029014,192.40,0.99999,+0.00201
DFT_0025,Nb68Mo16W16,3.030518,191.81,0.99999,+0.00212
DFT_0026,Nb89Ta6W5,3.073914,167.30,0.99946,+0.00991
DFT_0027,V10Nb10Ta35Mo10W35,3.002278,223.40,1.00000,+0.01328
DFT_0028,V11Nb45Ta44,3.063527,167.99,0.99998,+0.02103
DFT_0029,V18Nb41Ta41,3.047509,166.49,0.99999,+0.02251
DFT_0030,V20Nb20Ta20Mo20W20,2.981014,203.80,0.99993,+0.01301
DFT_0031,V21Nb39Ta40,3.040490,165.92,0.99999,+0.02299
DFT_0032,V25Nb25Ta25W25,2.995224,191.01,0.99997,+0.01772
DFT_0033,V25Nb25Ta25Mo25,2.985674,183.86,0.99999,+0.01317
DFT_0034,V33Nb34Ta33,3.010043,164.53,0.99998,+0.02254
DFT_0035,Hf1Ta81W16Re2,3.069103,204.19,0.99997,+0.04632
DFT_0036,Hf1Ta82W15Re2,3.071369,191.43,1.00000,+0.04740
DFT_0037,Hf1Ta84W14Re1,3.073098,196.14,0.99996,+0.02828
DFT_0038,Hf1Ta88W9Re2,3.079089,192.35,1.00000,+0.02129
DFT_0039,Hf1Ta88W10Re1,3.080733,189.21,0.99999,+0.02223
DFT_0040,Hf1Ta88W11,3.082465,185.32,0.99997,+0.02327
DFT_0041,Hf1Ta89W8Re2,3.081090,188.99,0.99999,+0.02209
DFT_0042,Hf1Ta89W9Re1,3.082800,185.64,0.99998,+0.02310
DFT_0043,Hf1Ta90W7Re2,3.083113,185.98,0.99998,+0.02291
DFT_0044,Hf1Ta90W8Re1,3.084872,182.77,0.99998,+0.02397
DFT_0045,Hf1Ta90W9,3.086606,180.31,0.99998,+0.02501
DFT_0046,Hf1Ta91W6Re2,3.085149,183.25,0.99998,+0.02375
DFT_0047,Hf1Ta91W7Re1,3.086828,180.90,0.99997,+0.02473
DFT_0048,Hf1Ta91W8,3.088269,180.52,0.99997,+0.02547
DFT_0049,Hf1V17Nb41Ta41,3.051827,165.49,1.00000,+0.02193
DFT_0050,Hf2Ta88W10,3.086238,181.75,0.99998,+0.02344
DFT_0051,Hf2Ta90W7Re1,3.088191,181.62,0.99998,+0.02369
DFT_0052,Hf2Ta90W8,3.089485,181.92,0.99998,+0.02429
DFT_0053,Hf2Ta91W7,3.091108,181.52,1.00000,+0.02471
DFT_0054,Hf3Ta87W10,3.087633,182.23,0.99999,+0.02243
DFT_0055,Hf3Ta89W8,3.090772,182.45,1.00000,+0.02317
DFT_0056,Hf3V15Nb40Ta40Mo2,3.056204,166.50,0.99998,+0.01930
DFT_0057,Hf3V15Nb41Ta41,3.060197,164.58,0.99994,+0.02050
DFT_0058,Hf4V19Nb38Ta39,3.052855,166.31,0.99985,+0.02075
DFT_0059,Hf7Nb23Ta23Mo23W24,3.029653,201.29,0.99999,+0.00385
DFT_0060,Hf7Nb30Ta31W32,3.054924,191.89,0.99999,+0.00652
DFT_0061,Hf7Nb31Ta31W31,3.056141,190.34,0.99999,+0.00654
DFT_0062,Hf7Nb32Ta30W31,3.055027,201.58,0.99994,+0.01995
DFT_0063,Hf8Nb30Ta31W31,3.057840,189.19,0.99999,+0.00584
DFT_0064,Hf8Nb31Ta30W31,3.057466,189.64,1.00000,+0.00547
DFT_0065,Hf8Nb31Ta31W30,3.058342,196.31,0.99999,+0.01743
DFT_0066,Hf10Nb44Ta44W2,3.101691,169.76,0.99968,+0.01009
DFT_0067,Hf15Nb21Ta21Mo22W21,3.047149,186.96,0.99998,+0.02378
DFT_0068,Hf19Nb75W6,3.104544,158.75,0.99923,-0.00386
DFT_0069,Hf20Nb20Ta20Mo20W20,3.059457,180.01,0.99999,+0.02022
DFT_0070,Hf51Ta19Mo30,3.119908,178.66,0.99976,-0.03049
DFT_0071,Hf58Ta21Mo21,3.145343,171.19,0.99993,-0.03446
DFT_0072,Hf61Ta23Mo16,3.158435,165.84,0.99969,-0.03556
DFT_0073,Hf69Ta26Mo5,3.187923,141.24,0.99506,-0.04068
DFT_0074,Zr1Ta89W9Re1,3.081551,193.90,0.99920,+0.02145
DFT_0075,Zr1Ta91W7Re1,3.085061,192.40,0.99886,+0.02256
DFT_0076,Zr1Ta91W8,3.086429,192.57,0.99895,+0.02323
DFT_0077,Zr1Ta91Mo1W7,3.086379,191.43,0.99914,+0.02338
DFT_0078,Zr1Ta91Mo2W4Re2,3.083489,191.09,0.99918,+0.02209
DFT_0079,Zr1Ta93W5Re1,3.088413,191.71,0.99926,+0.02351
DFT_0080,Zr1Nb75Ta18W6,3.075571,172.95,0.99981,+0.00997
DFT_0081,Zr1Nb88Mo4W7,3.065078,170.82,0.99946,+0.00628
DFT_0082,Zr1Nb89Ta4Mo2W4,3.073625,164.74,0.99934,+0.00843
DFT_0083,Zr1Nb90Mo4W5,3.068196,167.04,0.99917,+0.00700
DFT_0084,Zr1Nb94W5,3.074955,160.79,0.99927,+0.00816
DFT_0085,Zr1Nb94Mo2W3,3.074564,159.07,0.99907,+0.00816
DFT_0086,Zr1Nb95Mo2W2,3.077313,159.13,0.99986,+0.00971
DFT_0087,Zr1Nb96W3,3.077666,157.25,0.99941,+0.00847
DFT_0088,Zr1Nb96Mo2W1,3.077897,156.66,0.99975,+0.00910
DFT_0089,Zr1Hf1Ta90W7Re1,3.088205,182.09,0.99999,+0.02331
DFT_0090,Zr1Hf1Ta91Mo1W5Re1,3.089531,182.28,0.99999,+0.02363
DFT_0091,Zr1Hf1Ta91Mo1W6,3.090572,183.31,1.00000,+0.02397
DFT_0092,Zr2Nb86Ta5Mo2W5,3.074142,166.05,0.99945,+0.00734
DFT_0093,Zr2Nb87Ta5Mo2W4,3.075651,163.77,0.99947,+0.00765
DFT_0094,Zr2Nb92Mo2W4,3.074890,160.21,0.99925,+0.00689
DFT_0095,Zr3Nb24Ta24Mo24W25,3.019793,213.96,0.99994,+0.00499
DFT_0096,Zr3Nb86Ta5Mo2W4,3.077502,162.33,0.99951,+0.00670
DFT_0097,Zr3Nb92W5,3.078441,158.64,0.99947,+0.00604
DFT_0098,Zr5Nb95,3.088475,148.11,0.99992,+0.00448
DFT_0099,Zr11Nb22Ta22Mo23W22,3.038054,194.58,0.99995,-0.00415
DFT_0100,Zr20Nb20Ta20Mo20W20,3.060627,180.39,0.99997,-0.01337
DFT_0101,Zr34Nb33Ta33,3.155810,136.65,0.99989,-0.00939
DFT_0102,Ti1Zr1Mo98,2.946342,241.79,0.99993,+0.01094
DFT_0103,Ti2Zr1Hf5Nb92,3.089351,148.80,0.99985,+0.00495
DFT_0104,Ti2Zr1Hf6Nb91,3.091226,148.56,0.99982,+0.00443
DFT_0105,Ti3V15Nb39Ta40Mo3,3.047342,167.82,0.99998,+0.01964
DFT_0106,Ti3V15Nb40Ta40Mo2,3.049214,166.70,0.99997,+0.02011
DFT_0107,Ti3V15Nb41Ta41,3.053202,164.73,0.99994,+0.02130
DFT_0108,Ti6Nb24Ta23Mo24W23,3.013141,210.35,0.99991,+0.00554
DFT_0109,Ti8V25Nb33Ta34,3.025358,161.09,0.99991,+0.01946
DFT_0110,Ti10Hf10V10Nb45Ta25,3.076941,157.08,0.99984,+0.00994
DFT_0111,Ti10Zr1Nb76Mo5W8,3.056607,166.05,0.99976,+0.00241
DFT_0112,Ti11Nb22Ta22Mo23W22,3.012466,203.28,0.99988,+0.00327
DFT_0113,Ti11Hf11V8Nb35Ta35,3.083958,156.78,0.99987,+0.00976
DFT_0114,Ti13Hf15Nb43Ta27Re2,3.101050,161.04,0.99990,+0.00145
DFT_0115,Ti14V29Nb29Ta28,3.009802,156.38,0.99994,+0.01510
DFT_0116,Ti14Zr14Hf15Nb14Ta14Mo15W14,3.084276,162.94,0.99983,-0.02032
DFT_0117,Ti15Hf5Nb55Ta25,3.087335,154.38,0.99973,+0.00833
DFT_0118,Ti15Hf15Nb45Ta25,3.105077,156.64,0.99988,-0.00751
DFT_0119,Ti15Zr5Hf15Nb40Ta25,3.115172,148.43,0.99961,-0.00183
DFT_0120,Ti15Zr45Nb30Ta10,3.176157,113.56,0.99986,-0.01684
DFT_0121,Ti16Nb21Ta21Mo21W21,3.013164,195.24,0.99991,+0.00096
DFT_0122,Ti16Zr16Hf17Nb17Ta17W17,3.112869,154.64,0.99979,-0.01913
DFT_0123,Ti16Zr17Hf17Nb17Ta17Mo16,3.115421,150.76,1.00000,-0.01738
DFT_0124,Ti17V17Nb17Ta16Mo17W16,2.983395,184.12,0.99997,+0.00229
DFT_0125,Ti18Nb73Mo9,3.056245,154.09,1.00000,+0.00245
DFT_0126,Ti18V5Nb71W6,3.050659,153.69,0.99982,+0.00396
DFT_0127,Ti18Zr5Nb77,3.081748,142.74,0.99991,+0.00135
DFT_0128,Ti20Nb20Ta20Mo20W20,3.013005,190.13,0.99993,-0.00099
DFT_0129,Ti20V20Nb20Ta20W20,2.997904,174.09,0.99997,+0.00590
DFT_0130,Ti20Hf20Nb20Ta20Mo20,3.076491,164.05,0.99994,-0.00951
DFT_0131,Ti20Zr20Hf20Ta20Mo20,3.118175,146.99,1.00000,-0.02382
DFT_0132,Ti20Zr20Hf20Nb20Ta20,3.154705,131.59,0.99988,-0.01530
DFT_0133,Ti25V25Nb25Mo25,2.957632,164.97,1.00000,-0.00987
DFT_0134,Ti25Hf25Nb25Ta25,3.118968,146.59,0.99970,-0.00603
DFT_0135,Ti25Hf25V25Nb25,3.054411,135.05,0.99954,-0.00809
DFT_0136,Ti25Zr25Nb25Ta25,3.128266,127.28,0.99987,-0.00673
DFT_0137,Ti25Zr25V25Nb25,3.059825,117.89,0.99987,-0.01268
DFT_0138,Ti25Zr25Hf25Ta25,3.175354,121.81,0.99958,-0.01965
DFT_0139,Ti25Zr25Hf25Nb12Ta13,3.173855,118.52,0.99943,-0.02114
DFT_0140,Ti25Zr25Hf25Nb25,3.172088,114.76,0.99928,-0.02291
DFT_0141,Ti28Zr28Hf28Ta16,3.187126,107.65,0.99793,-0.02287
DFT_0142,Ti28Zr29Hf29Ta14,3.192024,107.21,0.99782,-0.02318
DFT_0143,Ti29Zr28Hf29Nb14,3.186785,100.36,0.99661,-0.02542
DFT_0144,Ti30Zr29Hf29Ta12,3.191377,102.61,0.99682,-0.02342
DFT_0145,Ti31Zr32Nb31Ta3Mo3,3.133848,114.28,0.99997,-0.01535
DFT_0146,Ti33V34Nb33,2.971611,139.59,1.00000,-0.00679
DFT_0147,Ti33Zr33V17Nb17,3.098768,107.55,0.99987,-0.01453
DFT_0148,Ti34V22Nb22Ta22,3.012805,143.50,0.99992,+0.00460
DFT_0149,Ti34Zr33Nb33,3.141157,110.09,0.99984,-0.01444
DFT_0150,Ti35Zr27Hf27Nb5Ta6,3.181510,105.50,0.99843,-0.02189
DFT_0151,Ti35Zr35Nb20Mo10,3.124503,113.88,0.99990,-0.02250
DFT_0152,Ti37Hf23V15Nb22W3,3.064680,135.82,0.99920,-0.01202
DFT_0153,Ti38Hf24V15Nb23,3.071538,130.93,0.99952,-0.01096
DFT_0154,Ti41Hf16V27Nb16,3.020608,128.90,0.99971,-0.01209
DFT_0155,Ti42Hf21V16Nb21,3.060864,129.26,0.99955,-0.01114
DFT_0156,Ti43Zr14V28Nb14Mo1,3.012046,118.91,1.00000,-0.01715
DFT_0157,Ti43Zr14V29Nb14,3.011188,118.40,1.00000,-0.01691
DFT_0158,Ti43Zr42Nb5Ta5Mo5,3.153542,102.50,0.99984,-0.01846
DFT_0159,Ti44Zr14V28Nb14,3.013624,117.75,1.00000,-0.01678
DFT_0160,Ti44Zr30Nb26,3.131302,107.42,0.99983,-0.01390
DFT_0161,Ti45Zr45Nb5Mo5,3.160808,98.06,0.99983,-0.01919
DFT_0162,Ti45Zr45Nb5Ta5,3.173671,96.52,0.99974,-0.01333
DFT_0163,Ti49Zr32Nb13Ta6,3.137147,104.33,0.99988,-0.01265
DFT_0164,Ti56Zr30Nb14,3.128771,101.38,0.99981,-0.01403
DFT_0165,Ta90W2Re8,3.070981,206.31,0.99964,+0.01858
DFT_0166,Nb5Ta45Mo8W42,3.019051,229.68,0.99997,+0.01065
DFT_0167,Nb22Ta34Mo24W20,3.022206,214.65,0.99994,+0.00981
DFT_0168,Nb24Ta28Mo21W27,3.016942,220.32,0.99994,+0.00874
DFT_0169,Nb26Ta23Mo28W23,3.011295,219.64,0.99990,+0.00810
DFT_0170,Nb27Ta19Mo31W23,3.006486,222.57,0.99984,+0.00749
DFT_0171,Nb28Ta25Mo25W22,3.017105,215.19,0.99994,+0.00851
DFT_0172,Nb29Ta14Mo24W33,3.003611,231.29,0.99996,+0.00681
DFT_0173,Nb32Ta6Mo34W28,2.996156,228.43,0.99998,+0.00736
DFT_0174,Nb35Ta5Mo20W40,3.000455,233.84,1.00000,+0.00645
DFT_0175,Nb35Ta35Mo1W29,3.045615,201.28,0.99981,+0.01181
DFT_0176,Nb50Mo23W27,3.009874,210.17,0.99994,+0.00447
DFT_0177,Nb61Mo17W22,3.022476,197.76,0.99998,+0.00268
DFT_0178,Nb66Mo23W11,3.026139,192.35,0.99999,+0.00154
DFT_0179,Nb67Mo12W21,3.030424,192.55,0.99999,+0.00242
DFT_0180,Nb69Mo17W14,3.031489,190.80,0.99999,+0.00209
DFT_0181,Nb72Mo12W16,3.036877,188.41,0.99998,+0.00288
DFT_0182,Nb91Ta6W3,3.077046,162.14,0.99940,+0.01065
DFT_0183,V8Nb10Ta35Mo10W37,3.003969,225.89,0.99999,+0.01237
DFT_0184,V8Nb45Ta47,3.070572,168.51,0.99997,+0.02057
DFT_0185,V14Nb45Ta41,3.056333,167.51,0.99999,+0.02133
DFT_0186,V17Nb20Ta20Mo20W23,2.984390,209.25,0.99993,+0.01249
DFT_0187,V20Nb25Ta25Mo30,2.990044,186.57,0.99998,+0.01204
DFT_0188,V21Nb25Ta25W29,2.999815,196.50,0.99990,+0.01712
DFT_0189,V24Nb39Ta37,3.032754,165.10,0.99997,+0.02275
DFT_0190,V28Nb34Ta38,3.023609,164.73,0.99999,+0.02361
DFT_0191,Hf1Ta79W16Re4,3.062918,200.16,0.99999,+0.04391
DFT_0192,Hf1Ta84W15,3.075485,195.20,0.99986,+0.02997
DFT_0193,Hf1Ta85W9Re5,3.070972,199.08,0.99989,+0.02775
DFT_0194,Hf1Ta86W6Re7,3.070255,199.28,0.99991,+0.02724
DFT_0195,Hf1Ta88W7Re4,3.076041,198.20,0.99990,+0.01964
DFT_0196,Hf1Ta93W6,3.091094,182.73,0.99998,+0.02589
DFT_0197,Hf1V14Nb41Ta44,3.059100,166.24,0.99999,+0.02170
DFT_0198,Hf2Ta90W3Re5,3.082013,190.03,1.00000,+0.02031
DFT_0199,Hf2Ta95W3,3.095923,187.07,0.99991,+0.02472
DFT_0200,Hf2V19Nb38Ta41,3.049503,165.84,0.99990,+0.02220
DFT_0201,Hf3Ta82W13Re2,3.075224,199.49,0.99987,+0.01742
DFT_0202,Hf3Ta90W5Re2,3.089858,182.01,0.99999,+0.02246
DFT_0203,Hf3Nb30Ta31W36,3.043858,200.36,1.00000,+0.00986
DFT_0204,Hf3Nb31Ta35W31,3.051952,188.23,0.99998,+0.03849
DFT_0205,Hf4Ta81W14Re1,3.078486,194.29,0.99998,+0.01759
DFT_0206,Hf4Ta86W9Re1,3.087665,183.27,0.99999,+0.02076
DFT_0207,Hf4Ta88W7Re1,3.090911,182.32,1.00000,+0.02161
DFT_0208,Hf4Ta88W8,3.092086,182.75,1.00000,+0.02209
DFT_0209,Hf4Ta91W5,3.096082,190.25,0.99989,+0.02248
DFT_0210,Hf5Ta85W8Re2,3.087757,184.21,1.00000,+0.01916
DFT_0211,Hf5Ta90W4Re1,3.106229,166.68,0.99981,+0.03988
DFT_0212,Hf5Nb32Ta30W33,3.050443,194.21,0.99999,+0.00804
DFT_0213,Hf6Ta84W10,3.102899,168.49,0.99974,+0.03944
DFT_0214,Hf6V15Nb41Ta38,3.065106,163.39,0.99985,+0.01821
DFT_0215,Hf7Ta89W4,3.101769,181.22,1.00000,+0.01977
DFT_0216,Hf7Nb44Ta44W5,3.092248,169.78,0.99999,+0.01145
DFT_0217,Hf8Ta82W10,3.094506,180.64,0.99999,+0.02626
DFT_0218,Hf8Nb31Ta27W34,3.053324,192.74,0.99999,+0.00492
DFT_0219,Hf8V10Nb40Ta40Mo2,3.077429,172.18,0.99997,+0.01603
DFT_0220,Hf10Nb21Ta21Mo27W21,3.031983,197.26,0.99999,+0.00098
DFT_0221,Hf10Nb23Ta23Mo20W24,3.038951,194.77,0.99999,+0.00175
DFT_0222,Hf10Nb31Ta31W28,3.065198,181.14,1.00000,+0.03151
DFT_0223,Hf11Nb27Ta31W31,3.062741,186.87,1.00000,+0.00354
DFT_0224,Hf17Nb75W8,3.098980,156.07,0.99979,-0.00222
DFT_0225,Hf23Nb20Ta20Mo17W20,3.068454,180.07,0.99999,-0.00895
DFT_0226,Hf53Ta19Mo28,3.126283,177.51,0.99982,-0.03172
DFT_0227,Hf55Ta21Mo24,3.136090,175.12,0.99987,-0.03231
DFT_0228,Hf66Ta23Mo11,3.169896,145.88,0.99861,-0.04310
DFT_0229,Hf72Ta26Mo2,3.196499,128.62,0.99094,-0.04350
DFT_0230,Zr1Ta87Mo2W4Re6,3.071470,203.69,0.99987,+0.01767
DFT_0231,Zr1Ta91W4Re4,3.080940,195.20,0.99951,+0.02054
DFT_0232,Zr1Ta93W3Re3,3.085731,192.35,0.99901,+0.02223
DFT_0233,Zr1Nb84Mo8W7,3.058271,175.40,0.99992,+0.00507
DFT_0234,Zr1Nb85Mo4W10,3.060545,175.69,0.99992,+0.00535
DFT_0235,Zr1Nb85Ta4Mo6W4,3.066819,169.97,0.99939,+0.00722
DFT_0236,Zr1Nb89Mo7W3,3.066086,166.81,0.99914,+0.00669
DFT_0237,Zr1Nb91W8,3.070328,168.16,0.99919,+0.00713
DFT_0238,Zr1Nb92Mo6W1,3.072553,162.62,0.99988,+0.00935
DFT_0239,Zr1Hf1Ta88W7Re3,3.081475,188.61,1.00000,+0.02037
DFT_0240,Zr1Hf1Ta91Mo6W1,3.089106,182.99,0.99999,+0.02351
DFT_0241,Zr2Nb87Ta5Mo4W2,3.075328,162.16,0.99941,+0.00773
DFT_0242,Zr3Nb75Ta16W6,3.079224,169.24,0.99972,+0.00802
DFT_0243,Zr3Nb96W1,3.083664,150.72,0.99992,+0.00646
DFT_0244,Zr3Hf1Ta89Mo1W5Re1,3.093375,176.16,0.99979,+0.03081
DFT_0245,Zr4Nb84Ta5Mo2W5,3.077837,162.87,0.99952,+0.00544
DFT_0246,Zr5Ta87Mo1W7,3.092820,183.82,0.99993,+0.01862
DFT_0247,Zr5Nb90W5,3.081949,156.25,0.99961,+0.00395
DFT_0248,Zr5Nb92Mo2W1,3.084112,151.36,0.99987,+0.00411
DFT_0249,Zr6Ta84W9Re1,3.090726,188.48,0.99993,+0.01663
DFT_0250,Zr6Ta91W3,3.102301,177.05,0.99997,+0.01910
DFT_0251,Zr6Nb24Ta24Mo24W22,3.028487,203.15,0.99989,+0.00169
DFT_0252,Zr6Nb90Mo2W2,3.084778,150.65,0.99932,+0.00318
DFT_0253,Zr7Nb22Ta22Mo23W26,3.026501,206.90,0.99991,+0.00030
DFT_0254,Zr7Nb86Ta1Mo2W4,3.084041,154.98,0.99968,+0.00204
DFT_0255,Zr16Nb20Ta20Mo20W24,3.048339,188.73,0.99997,-0.00966
DFT_0256,Zr29Nb33Ta38,3.145730,142.07,0.99990,-0.00547
DFT_0257,Ti1Zr3Mo96,2.951181,236.76,0.99999,+0.00738
DFT_0258,Ti2Zr6Hf6Nb86,3.101325,146.71,0.99988,+0.00052
DFT_0259,Ti3V10Nb39Ta40Mo8,3.049800,173.17,0.99972,+0.01660
DFT_0260,Ti4Nb24Ta23Mo24W25,3.011948,215.63,0.99995,+0.00635
DFT_0261,Ti5Zr1Hf2Nb92,3.082679,148.66,0.99992,+0.00608
DFT_0262,Ti6V12Nb41Ta41,3.058467,164.43,0.99987,+0.01967
DFT_0263,Ti8V15Nb40Ta35Mo2,3.045843,163.17,0.99990,+0.01774
DFT_0264,Ti8Zr3Nb76Mo5W8,3.061544,164.76,0.99973,+0.00134
DFT_0265,Ti10Hf10Nb55Ta25,3.098403,155.81,0.99962,+0.00640
DFT_0266,Ti11V22Nb33Ta34,3.030960,158.46,0.99989,+0.01816
DFT_0267,Ti13Nb22Ta22Mo23W20,3.013583,198.17,0.99989,+0.00238
DFT_0268,Ti13Hf15Nb43Ta22Re7,3.085485,164.54,0.99971,-0.00462
DFT_0269,Ti14Nb21Ta21Mo21W23,3.012030,200.12,0.99988,+0.00183
DFT_0270,Ti14Hf10V6Nb45Ta25,3.115945,150.63,0.99998,+0.03974
DFT_0271,Ti14Zr14Hf11Nb14Ta14Mo19W14,3.070519,163.84,0.99990,-0.01888
DFT_0272,Ti15Hf11V4Nb35Ta35,3.090853,155.20,0.99983,+0.00745
DFT_0273,Ti16Zr16Hf22Nb17Ta17W12,3.129608,149.39,0.99980,-0.02039
DFT_0274,Ti16Zr17Hf21Nb17Ta17Mo12,3.127980,144.35,0.99979,-0.02002
DFT_0275,Ti17V14Nb17Ta16Mo17W19,2.987132,187.69,0.99996,+0.00213
DFT_0276,Ti17V26Nb29Ta28,3.015529,154.64,0.99991,+0.01393
DFT_0277,Ti17Zr43Nb30Ta10,3.170921,113.86,0.99986,-0.01608
DFT_0278,Ti19Hf11Nb45Ta25,3.096246,151.33,0.99964,+0.00365
DFT_0279,Ti19Zr5Hf11Nb40Ta25,3.106325,148.16,0.99993,-0.00028
DFT_0280,Ti20Nb73Mo7,3.058713,151.32,1.00000,+0.00251
DFT_0281,Ti20V16Nb20Ta20W24,3.002411,178.17,0.99998,+0.00521
DFT_0282,Ti20Hf18Nb20Ta20Mo22,3.068731,163.12,0.99976,-0.00967
DFT_0283,Ti20Zr3Nb77,3.076981,143.65,0.99997,+0.00258
DFT_0284,Ti20Zr17Hf23Nb20Ta20,3.153333,133.99,0.99987,-0.01547
DFT_0285,Ti20Zr20Hf24Ta20Mo16,3.131734,141.45,0.99993,-0.02547
DFT_0286,Ti22V1Nb71W6,3.058832,152.34,1.00000,+0.00293
DFT_0287,Ti25Nb20Ta20Mo20W15,3.015909,181.12,0.99996,-0.00309
DFT_0288,Ti25V20Nb25Mo30,2.962714,168.85,1.00000,-0.01029
DFT_0289,Ti25Hf27V23Nb25,3.063563,135.13,0.99949,-0.00874
DFT_0290,Ti25Zr20Hf30Ta25,3.172635,125.23,0.99950,-0.02036
DFT_0291,Ti25Zr20Hf30Nb25,3.169260,118.00,0.99910,-0.02374
DFT_0292,Ti25Zr23Hf27Nb12Ta13,3.172652,118.84,0.99937,-0.02155
DFT_0293,Ti26Zr32Nb31Ta3Mo8,3.124612,120.46,0.99995,-0.01859
DFT_0294,Ti27Hf23Nb25Ta25,3.115716,148.40,0.99982,-0.00408
DFT_0295,Ti28Zr22Nb25Ta25,3.120498,128.07,0.99988,-0.00550
DFT_0296,Ti28Zr27Hf31Ta14,3.190227,105.28,0.99690,-0.02417
DFT_0297,Ti28Zr32Hf24Ta16,3.189653,105.69,0.99838,-0.02195
DFT_0298,Ti29Zr25V21Nb25,3.068841,116.25,0.99987,-0.01286
DFT_0299,Ti29Zr25Hf32Nb14,3.184829,101.60,0.99622,-0.02617
DFT_0300,Ti30Zr24Hf34Ta12,3.188175,105.58,0.99651,-0.02463
DFT_0301,Ti35Zr32Hf22Nb5Ta6,3.184720,102.74,0.99888,-0.02068
DFT_0302,Ti35Zr40Nb20Mo5,3.148434,106.88,0.99988,-0.01957
DFT_0303,Ti36Zr31Nb33,3.135564,110.64,0.99984,-0.01404
DFT_0304,Ti37V19Nb22Ta22,3.018934,141.89,0.99990,+0.00383
DFT_0305,Ti37V30Nb33,2.980296,137.08,1.00000,-0.00730
DFT_0306,Ti37Hf23V11Nb22W7,3.068280,138.87,0.99958,-0.01362
DFT_0307,Ti38Hf21V20Nb21,3.052330,130.41,0.99943,-0.01047
DFT_0308,Ti38Zr33V12Nb17,3.110313,106.12,0.99982,-0.01449
DFT_0309,Ti41Hf14V29Nb16,3.010250,129.66,0.99983,-0.01265
DFT_0310,Ti41Hf24V12Nb23,3.077751,130.13,0.99957,-0.01165
DFT_0311,Ti41Zr45Nb5Mo9,3.152085,101.96,0.99992,-0.02312
DFT_0312,Ti43Zr10V33Nb14,2.989143,122.61,1.00000,-0.01776
DFT_0313,Ti43Zr12V28Nb14Mo3,3.002742,122.62,1.00000,-0.01806
DFT_0314,Ti43Zr37Nb5Ta5Mo10,3.128938,108.92,0.99991,-0.02206
DFT_0315,Ti48Zr42Nb5Ta5,3.164926,97.28,0.99973,-0.01307
DFT_0316,Ti49Zr14V23Nb14,3.025536,115.58,1.00000,-0.01636
DFT_0317,Ti49Zr25Nb26,3.116948,108.85,0.99986,-0.01325
DFT_0318,Ti53Zr28Nb13Ta6,3.125543,105.46,0.99991,-0.01226
DFT_0319,Ti59Zr27Nb14,3.120752,101.10,1.00000,-0.01305
DFT_0320,Nb45Ta25Mo5W25,3.042521,194.42,0.99991,+0.00952
DFT_0321,V10Nb15Ta30Mo15W30,3.000540,219.34,0.99997,+0.01254
DFT_0322,V10Nb15Ta50W25,3.033590,201.33,0.99981,+0.01859
DFT_0323,V10Nb45Mo20W25,2.993720,203.76,0.99997,+0.00672
DFT_0324,V20Nb25Ta15Mo30W10,2.976149,197.12,0.99998,+0.01015
DFT_0325,V30Nb35Ta5W30,2.971868,193.15,0.99998,+0.01287
DFT_0326,V35Ta5Mo30W30,2.914190,228.42,1.00000,+0.00969
DFT_0327,V35Nb25Mo20W20,2.938139,199.86,0.99998,+0.00764
DFT_0328,V40Ta25Mo20W15,2.938751,202.28,0.99992,+0.01475
DFT_0329,V40Nb20Ta15Mo15W10,2.948741,186.16,0.99998,+0.01174
DFT_0330,Hf5V20Ta30Mo15W30,2.986400,214.94,1.00000,+0.01140
DFT_0331,Hf10Nb20Ta35Mo20W15,3.052164,185.84,1.00000,+0.00416
DFT_0332,Hf20V15Nb5Ta15Mo30W15,3.016060,186.99,0.99999,-0.00444
DFT_0333,Hf35V25Ta25W15,3.069975,165.03,0.99957,-0.00353
DFT_0334,Hf40V10Mo30W20,3.050970,182.43,0.99975,-0.02403
DFT_0335,Zr5V30Nb35Mo30,2.966692,177.33,0.99999,-0.00031
DFT_0336,Zr5Hf20Nb25Mo20W30,3.053123,176.73,0.99998,+0.02976
DFT_0337,Zr10Ta30Mo30W30,3.017842,219.26,0.99999,-0.00216
DFT_0338,Zr10Nb35Ta20Mo5W30,3.052473,190.42,0.99997,-0.00253
DFT_0339,Zr10V15Nb40Mo15W20,3.012436,182.11,0.99998,-0.00306
DFT_0340,Zr10V20Ta10Mo30W30,2.969436,214.39,0.99998,-0.00056
DFT_0341,Zr10V30Ta15Mo15W30,2.968677,199.86,0.99995,+0.00268
DFT_0342,Zr10V40Nb15Mo15W20,2.950088,183.34,0.99998,-0.00291
DFT_0343,Zr10Hf20V35Nb15Mo20,3.018573,152.63,0.99975,-0.01193
DFT_0344,Zr15Nb20Ta20Mo30W15,3.042792,187.28,0.99997,-0.00921
DFT_0345,Zr15Hf20V15Ta20Mo15W15,3.070536,172.23,0.99999,-0.01296
DFT_0346,Zr15Hf20V25Nb20Ta20,3.095932,144.18,0.99981,-0.00157
DFT_0347,Zr20V35Ta15W30,2.998428,173.43,0.99997,-0.00407
DFT_0348,Zr20V40Nb20Ta20,3.030019,139.61,0.99992,+0.00402
DFT_0349,Zr20Hf40V5Nb15Ta20,3.183385,133.78,0.99888,-0.02611
DFT_0350,Zr25V15Ta15Mo15W30,3.031162,179.75,0.99997,-0.01434
DFT_0351,Zr25Hf25V25Nb15W10,3.105745,139.11,0.99974,-0.01975
DFT_0352,Zr30V20Nb10Mo20W20,3.030766,163.02,0.99997,-0.02123
DFT_0353,Zr30Hf20Ta5Mo30W15,3.103017,160.49,0.99995,-0.03898
DFT_0354,Zr30Hf40V20Nb10,3.173685,114.14,0.99772,-0.02632
DFT_0355,Zr35V25Nb20Ta20,3.101183,127.25,0.99983,-0.00432
DFT_0356,Zr40Hf10V20Mo15W15,3.086494,142.32,0.99992,-0.03051
DFT_0357,Ti5Zr15Hf40V15Ta25,3.152472,140.87,0.99984,-0.01703
DFT_0358,Ti10Zr10Ta30Mo30W20,3.023970,196.97,0.99993,-0.00603
DFT_0359,Ti10Zr25V25Ta25W15,3.051114,147.81,0.99993,-0.00639
DFT_0360,Ti10Zr40Hf10Nb20Ta20,3.184694,120.14,0.99997,-0.01931
DFT_0361,Ti10Zr40Hf25V5Ta10Mo10,3.180880,112.68,0.99860,-0.03262
DFT_0362,Ti10Zr40Hf40V10,3.222606,84.67,0.98026,-0.01353
DFT_0363,Ti15Ta40Mo30W15,3.011320,205.18,0.99994,+0.00432
DFT_0364,Ti15Nb15Ta25Mo25W20,3.009884,200.93,0.99989,+0.00188
DFT_0365,Ti15V15Nb15Ta15Mo20W20,2.980178,192.91,0.99993,+0.00268
DFT_0366,Ti15Hf10V10Nb15Mo30W20,2.990021,188.54,0.99998,-0.00998
DFT_0367,Ti15Zr5Nb20Mo30W30,2.993865,205.57,0.99996,-0.00914
DFT_0368,Ti15Zr5V25Ta10Mo30W15,2.952423,189.65,0.99997,-0.00608
DFT_0369,Ti15Zr10Hf20V20Mo15W20,3.026813,164.15,0.99984,-0.02119
DFT_0370,Ti15Zr15Hf40V10Ta10W10,3.140645,141.76,0.99988,-0.02735
DFT_0371,Ti15Zr20Hf25V10Nb10Ta20,3.143882,132.00,0.99983,-0.01412
DFT_0372,Ti15Zr40Hf15Ta20W10,3.174535,124.40,0.99989,-0.02847
DFT_0373,Ti15Zr40Hf40Nb5,3.246336,74.79,0.96063,-0.01279
DFT_0374,Ti20Hf40Nb10Ta30,3.147448,151.01,0.99964,-0.01455
DFT_0375,Ti20Zr15Hf20V30Mo15,3.037912,136.08,0.99977,-0.02209
DFT_0376,Ti20Zr20Hf40Ta10Mo10,3.169344,121.52,0.99781,-0.03466
DFT_0377,Ti20Zr25Hf15V20Nb20,3.107351,119.39,0.99978,-0.01465
DFT_0378,Ti20Zr35Hf15V5Nb25,3.167565,111.62,0.99989,-0.01993
DFT_0379,Ti25Ta15Mo30W30,2.980322,213.01,1.00000,-0.00668
DFT_0380,Ti25Zr10Hf30Nb35,3.145792,131.30,0.99991,-0.01921
DFT_0381,Ti25Zr15Hf30Nb15Ta15,3.159680,129.19,0.99983,-0.01932
DFT_0382,Ti25Zr30Hf15V25W5,3.097096,118.76,0.99999,-0.01940
DFT_0383,Ti25Zr40V10Mo15W10,3.087371,126.10,0.99996,-0.03163
DFT_0384,Ti25Zr40Hf25Nb10,3.211807,89.81,0.99566,-0.02519
DFT_0385,Ti30Zr15Hf25V5Ta15W10,3.121833,140.15,0.99999,-0.01967
DFT_0386,Ti30Zr40V20Mo10,3.087576,109.19,0.99992,-0.02442
DFT_0387,Ti30Zr40Hf5Ta15W10,3.152923,118.60,0.99996,-0.02308
DFT_0388,Ti35Zr15Hf25V15W10,3.093591,132.54,0.99999,-0.02191
DFT_0389,Ti35Zr35Hf10Mo10W10,3.126025,121.69,0.99999,-0.03298
DFT_0390,Ti40Hf20V10Nb15Ta15,3.079832,130.41,0.99978,-0.00517
DFT_0391,Ti40Zr10Hf40W10,3.142754,127.56,0.99940,-0.03125
DFT_0392,Ti40Zr15Hf15Nb15Ta15,3.128163,124.37,0.99982,-0.01184
DFT_0393,Ti40Zr20Nb35Ta5,3.108237,118.32,0.99994,-0.00976
DFT_0394,Ti40Zr20V35W5,3.000521,120.73,0.99994,-0.02398
DFT_0395,Ti40Zr20Hf10Ta20W10,3.112994,131.54,0.99992,-0.01701
DFT_0396,Ti40Zr25Ta30Mo5,3.115300,123.08,0.99986,-0.00970
DFT_0397,Ti40Zr25V20Nb15,3.067355,109.75,1.00000,-0.01465
DFT_0398,Ti40Zr25Hf25V10,3.147819,107.54,0.99997,-0.01918
DFT_0399,Ti40Zr40V5Mo15,3.112692,109.08,0.99992,-0.02781
DFT_0400,Nb5Ta35Mo30W30,3.002309,231.40,0.99994,+0.01031
DFT_0401,Nb20Ta50Mo15W15,3.045077,200.33,0.99978,+0.01408
DFT_0402,Nb30Ta35Mo30W5,3.031927,192.43,0.99993,+0.00993
DFT_0403,Nb35Ta20Mo20W25,3.019840,211.85,0.99991,+0.00784
DFT_0404,Nb50Ta10Mo30W10,3.020031,196.52,0.99998,+0.00403
DFT_0405,Nb50Ta30Mo10W10,3.053729,187.48,0.99998,+0.00973
DFT_0406,V5Nb5Ta30Mo30W30,2.990755,230.75,0.99996,+0.01125
DFT_0407,V5Nb25Ta25Mo30W15,3.007517,208.33,0.99993,+0.01002
DFT_0408,V5Nb30Ta35W30,3.035470,202.38,0.99982,+0.01397
DFT_0409,V5Nb30Ta40Mo15W10,3.038449,189.06,0.99996,+0.01395
DFT_0410,V15Ta50Mo10W25,3.006990,212.72,0.99998,+0.01849
DFT_0411,V15Nb10Ta45Mo30,3.007738,188.96,0.99995,+0.01724
DFT_0412,V15Nb50Ta20Mo5W10,3.027051,179.82,0.99993,+0.01355
DFT_0413,V20Nb15Ta50W15,3.025006,183.30,0.99999,+0.02301
DFT_0414,V20Nb25Mo25W30,2.957817,223.70,0.99992,+0.00882
DFT_0415,V20Nb40Ta25W15,3.018299,181.77,0.99998,+0.01630
DFT_0416,V20Nb45Ta5Mo30,2.984138,184.59,1.00000,+0.00614
DFT_0417,V20Nb50Mo15W15,2.988246,187.23,0.99999,+0.00725
DFT_0418,V25Ta30Mo30W15,2.961804,214.90,0.99992,+0.01430
DFT_0419,V25Nb5Ta20Mo30W20,2.953616,220.63,0.99994,+0.01212
DFT_0420,V25Nb5Ta40Mo25W5,2.984768,192.00,0.99994,+0.01827
DFT_0421,V25Nb20Ta25Mo15W15,2.984143,191.55,0.99998,+0.01564
DFT_0422,V25Nb25Ta5Mo15W30,2.961350,211.01,0.99993,+0.01085
DFT_0423,V25Nb50Ta15Mo10,3.007651,170.98,0.99994,+0.01415
DFT_0424,V30Nb20Ta20W30,2.976157,198.78,0.99992,+0.01716
DFT_0425,V30Nb20Ta30Mo20,2.982693,181.23,0.99997,+0.01569
DFT_0426,V35Ta20Mo15W30,2.939360,220.58,0.99999,+0.01386
DFT_0427,V35Nb45Ta5Mo5W10,2.974705,175.91,0.99994,+0.01121
DFT_0428,V40Ta40Mo5W15,2.967309,188.08,0.99992,+0.02231
DFT_0429,V40Nb20Mo30W10,2.920410,198.08,1.00000,+0.00441
DFT_0430,V40Nb35Mo5W20,2.948164,186.65,0.99998,+0.00916
DFT_0431,Hf5Nb5Ta50Mo25W15,3.039680,196.09,0.99995,+0.03712
DFT_0432,Hf5V10Nb40Mo30W15,2.998883,192.47,1.00000,+0.00188
DFT_0433,Hf5V15Nb25Ta20Mo5W30,3.012140,197.02,0.99999,+0.01064
DFT_0434,Hf5V25Nb15Ta45W10,3.027804,174.76,0.99995,+0.01101
DFT_0435,Hf5V25Nb25Ta20Mo25,2.993361,181.13,1.00000,+0.00886
DFT_0436,Hf10Ta40Mo20W30,3.032346,213.67,1.00000,+0.02880
DFT_0437,Hf10Nb40Ta10Mo15W25,3.041865,188.58,1.00000,-0.00114
DFT_0438,Hf10Nb40Ta20Mo30,3.051944,178.86,0.99999,-0.00006
DFT_0439,Hf10V10Ta30Mo30W20,3.007444,210.30,1.00000,+0.03066
DFT_0440,Hf10V10Nb20Mo30W30,2.990869,209.64,1.00000,-0.00013
DFT_0441,Hf10V20Nb35Mo5W30,3.003918,186.56,0.99999,+0.00292
DFT_0442,Hf10V25Ta35W30,3.007951,196.36,0.99987,+0.01245
DFT_0443,Hf10V35Ta25Mo20W10,2.974810,183.03,0.99996,+0.01694
DFT_0444,Hf10V35Ta50Mo5,3.020172,165.44,0.99998,+0.02067
DFT_0445,Hf10V40Ta5Mo20W25,2.939066,196.93,1.00000,+0.00307
DFT_0446,Hf10V40Nb10Mo30W10,2.938162,185.44,1.00000,-0.00184
DFT_0447,Hf15Nb25Ta20Mo30W10,3.048098,183.44,1.00000,-0.00390
DFT_0448,Hf15Nb25Ta25Mo5W30,3.061854,186.45,1.00000,-0.00115
DFT_0449,Hf15Nb25Ta45W15,3.092002,174.89,0.99998,+0.01299
DFT_0450,Hf15Nb35Mo30W20,3.032129,189.77,0.99999,+0.01867
DFT_0451,Hf15Nb35Ta30Mo10W10,3.080048,178.40,0.99999,+0.00005
DFT_0452,Hf15Nb50Ta15W20,3.080146,171.72,0.99998,+0.02505
DFT_0453,Hf15Nb50Ta25Mo10,3.094312,164.35,0.99991,+0.00231
DFT_0454,Hf15V5Ta50Mo30,3.056124,179.77,0.99996,+0.00462
DFT_0455,Hf15V5Nb5Ta25Mo20W30,3.028270,200.79,0.99999,+0.02522
DFT_0456,Hf15V5Nb50Ta10W20,3.068335,174.68,0.99994,-0.00116
DFT_0457,Hf15V10Nb15Ta45Mo15,3.067772,171.71,0.99991,+0.00777
DFT_0458,Hf15V10Nb45Ta15Mo15,3.062053,166.90,0.99982,+0.00205
DFT_0459,Hf15V15Ta35Mo30W5,3.024667,182.29,0.99999,+0.00417
DFT_0460,Hf15V20Ta15Mo20W30,2.992660,204.40,0.99999,+0.00066
DFT_0461,Hf15V20Nb15Ta20W30,3.024692,186.46,0.99994,+0.00469
DFT_0462,Hf15V20Nb25Mo20W20,3.001385,184.26,0.99998,-0.00261
DFT_0463,Hf15V20Nb45W20,3.032998,172.39,0.99989,+0.00100
DFT_0464,Hf15V25Nb40Mo5W15,3.019660,170.13,0.99989,+0.00116
DFT_0465,Hf15V30Nb30Mo25,2.993456,169.15,0.99989,-0.00254
DFT_0466,Hf15V35Mo20W30,2.953254,197.46,1.00000,-0.00125
DFT_0467,Hf15V35Nb25Ta20W5,3.023651,161.56,0.99997,+0.01115
DFT_0468,Hf15V40Ta25Mo20,2.984270,169.67,1.00000,+0.04960
DFT_0469,Hf15V40Ta30W15,3.000049,173.03,0.99999,+0.02074
DFT_0470,Hf15V40Ta35Mo5W5,3.006264,166.82,0.99998,+0.03063
DFT_0471,Hf15V40Nb30W15,2.990646,165.31,0.99985,+0.00265
DFT_0472,Hf20Ta30Mo30W20,3.046691,190.51,0.99998,+0.02133
DFT_0473,Hf20Ta50Mo15W15,3.078503,183.86,0.99997,+0.02638
DFT_0474,Hf20V15Ta35Mo10W20,3.044729,184.09,0.99987,+0.00223
DFT_0475,Hf20V20Nb35Ta25,3.078374,161.57,0.99997,+0.01037
DFT_0476,Hf20V40Nb20Ta20,3.027495,150.56,0.99993,+0.00950
DFT_0477,Hf25Nb25Ta25Mo25,3.086384,171.56,0.99988,-0.00862
DFT_0478,Hf25Nb50Mo15W10,3.084290,170.36,0.99982,-0.01271
DFT_0479,Hf25V15Ta30Mo30,3.046739,174.65,0.99988,-0.00376
DFT_0480,Hf25V15Ta50W10,3.088191,176.67,1.00000,-0.00183
DFT_0481,Hf25V15Nb20Ta20Mo20,3.061221,167.21,0.99982,-0.00328
DFT_0482,Hf25V15Nb25Ta20W15,3.074814,174.26,0.99999,+0.00031
DFT_0483,Hf25V20Nb25W30,3.037416,177.82,0.99981,-0.00658
DFT_0484,Hf25V30Mo30W15,2.984564,183.44,0.99990,-0.01044
DFT_0485,Hf25V30Ta15Mo10W20,3.015171,178.10,0.99992,-0.00183
DFT_0486,Hf25V30Nb5Ta5Mo15W20,3.003855,178.02,0.99987,-0.00614
DFT_0487,Hf25V35Ta10W30,3.005179,180.13,0.99993,-0.00132
DFT_0488,Hf25V40Nb15Mo10W10,2.998975,162.67,0.99976,-0.00503
DFT_0489,Hf30Ta25Mo15W30,3.070615,192.93,0.99988,+0.01255
DFT_0490,Hf30Nb15Ta15Mo20W20,3.074418,178.81,0.99998,-0.01558
DFT_0491,Hf30Nb35Ta5W30,3.090107,175.06,0.99998,-0.01589
DFT_0492,Hf30Nb35Ta5Mo5W25,3.088512,177.58,0.99983,-0.01649
DFT_0493,Hf30V5Nb5Mo30W30,3.033583,194.11,0.99998,-0.01792
DFT_0494,Hf30V15Nb30Mo15W10,3.060143,168.63,0.99963,-0.01136
DFT_0495,Hf35Ta5Mo30W30,3.054495,184.53,0.99999,+0.02325
DFT_0496,Hf35Nb5Ta30Mo25W5,3.096632,179.32,0.99961,-0.01637
DFT_0497,Hf35Nb25Mo20W20,3.079758,175.96,0.99995,-0.02224
DFT_0498,Hf35V5Ta45Mo10W5,3.113011,172.46,0.99953,-0.00849
DFT_0499,Hf35V10Nb45Mo10,3.102881,157.73,0.99933,-0.01212
DFT_0500,Hf35V20Nb15Ta20Mo5W5,3.085762,162.53,0.99987,-0.00524
DFT_0501,Hf35V25Nb5Ta5Mo30,3.035576,166.16,0.99969,-0.01392
DFT_0502,Hf35V25Nb20Mo20,3.051583,159.41,0.99949,-0.01192
DFT_0503,Hf35V25Nb30W10,3.071922,156.41,0.99934,-0.00758
DFT_0504,Hf35V40Ta10W15,3.031195,158.88,0.99959,-0.00480
DFT_0505,Hf40Ta30Mo20W10,3.106391,178.83,0.99987,-0.01961
DFT_0506,Hf40Nb25Ta25W10,3.136741,172.42,0.99969,-0.01726
DFT_0507,Hf40V5Nb5Ta30W20,3.113557,177.73,0.99948,-0.01594
DFT_0508,Hf40V5Nb15Mo30W10,3.074681,180.07,0.99967,-0.02482
DFT_0509,Hf40V5Nb25Mo30,3.088779,167.17,0.99954,-0.02272
DFT_0510,Hf40V10Ta20Mo15W15,3.086150,182.48,0.99995,-0.01585
DFT_0511,Hf40V10Ta25W25,3.095761,179.58,0.99965,-0.01524
DFT_0512,Hf40V10Nb10Mo10W30,3.069120,179.54,0.99971,-0.02188
DFT_0513,Hf40V20Mo15W25,3.045794,179.78,0.99965,-0.01921
DFT_0514,Hf40V20Ta20Mo20,3.076403,165.24,0.99931,-0.01160
DFT_0515,Hf40V20Nb20Ta20,3.110523,155.52,0.99983,-0.00548
DFT_0516,Zr5Ta50Mo30W15,3.030702,211.45,0.99998,+0.00670
DFT_0517,Zr5V15Nb50W30,3.014286,187.05,0.99998,+0.00379
DFT_0518,Zr5V25Nb20Mo30W20,2.957462,202.47,0.99997,+0.00196
DFT_0519,Zr5V40Mo30W25,2.912914,215.54,0.99995,+0.00091
DFT_0520,Zr5V40Ta25Mo30,2.948569,183.59,0.99997,+0.00657
DFT_0521,Zr5V40Nb5Ta20W30,2.959855,193.81,0.99990,+0.01185
DFT_0522,Zr5Hf5V40Nb25W25,2.968473,178.63,0.99996,+0.00247
DFT_0523,Zr5Hf10V30Nb50Mo5,3.029575,148.84,0.99995,+0.00357
DFT_0524,Zr5Hf10V35Nb30Mo20,2.989874,161.91,1.00000,-0.00263
DFT_0525,Zr5Hf15Nb5Ta50W25,3.088550,184.93,0.99994,-0.00145
DFT_0526,Zr5Hf15V30Nb30Ta5W15,3.027351,161.54,0.99981,+0.00035
DFT_0527,Zr5Hf20Ta45W30,3.089625,183.41,0.99999,+0.02065
DFT_0528,Zr5Hf20V20Ta50W5,3.083943,160.99,0.99979,+0.00794
DFT_0529,Zr5Hf25Nb15Ta50W5,3.132573,167.98,0.99975,-0.00543
DFT_0530,Zr5Hf25Nb20Ta50,3.140389,163.02,0.99938,-0.00361
DFT_0531,Zr5Hf25Nb25Ta10Mo30W5,3.078766,169.17,0.99997,-0.01723
DFT_0532,Zr5Hf25V5Ta35Mo15W15,3.082958,181.93,0.99991,-0.00954
DFT_0533,Zr5Hf25V5Nb5Mo30W30,3.035892,181.05,0.99998,+0.02682
DFT_0534,Zr5Hf30Nb30Ta25Mo10,3.128906,163.64,0.99943,-0.01309
DFT_0535,Zr5Hf30V40Ta20Mo5,3.047144,141.68,0.99971,+0.04251
DFT_0536,Zr5Hf40Nb40W15,3.135825,167.11,0.99973,-0.02617
DFT_0537,Zr5Hf40V5Nb5Ta15W30,3.108134,185.75,0.99992,-0.02337
DFT_0538,Zr5Hf40V40Mo15,3.042644,149.32,0.99948,-0.01636
DFT_0539,Zr10Nb20Ta25Mo20W25,3.037706,198.28,0.99991,-0.00229
DFT_0540,Zr10Nb20Ta50Mo20,3.074105,177.47,1.00000,+0.00411
DFT_0541,Zr10V15Nb25Ta50,3.076523,159.88,0.99983,+0.01602
DFT_0542,Zr10V15Nb30Ta25W20,3.041899,176.13,0.99996,+0.00540
DFT_0543,Zr10V20Nb40Ta25Mo5,3.051000,155.21,0.99987,+0.01000
DFT_0544,Zr10V25Nb5Ta25Mo20W15,2.993686,185.66,0.99998,+0.00419
DFT_0545,Zr10V40Nb35Ta5W10,2.989557,158.49,0.99993,+0.00356
DFT_0546,Zr10Hf5V5Nb5Ta50W25,3.070617,184.04,0.99998,+0.00312
DFT_0547,Zr10Hf5V25Nb5Ta50Mo5,3.054637,160.78,0.99997,+0.00474
DFT_0548,Zr10Hf5V40Nb45,3.012159,141.94,0.99981,+0.00216
DFT_0549,Zr10Hf15V25Ta30Mo20,3.041964,162.75,0.99997,-0.00154
DFT_0550,Zr10Hf15V40Mo15W20,2.977748,172.70,0.99993,-0.01125
DFT_0551,Zr10Hf30V25Nb5W30,3.054008,168.75,0.99968,-0.01749
DFT_0552,Zr10Hf40Nb20Ta15W15,3.148640,168.75,0.99999,-0.02736
DFT_0553,Zr15Nb5Ta45Mo15W20,3.063690,187.36,0.99993,-0.00331
DFT_0554,Zr15Nb40Mo15W30,3.042509,188.45,0.99998,-0.01249
DFT_0555,Zr15Nb40Ta10Mo30W5,3.053698,175.22,0.99995,-0.01030
DFT_0556,Zr15Nb50Mo25W10,3.053028,174.78,0.99995,-0.01197
DFT_0557,Zr15V5Nb30Ta20Mo15W15,3.055058,176.42,0.99996,-0.00544
DFT_0558,Zr15V15Ta30Mo10W30,3.023854,191.09,0.99993,-0.00065
DFT_0559,Zr15V20Ta20Mo30W15,2.997805,186.95,0.99998,-0.00419
DFT_0560,Zr15V20Ta45Mo15W5,3.040773,168.58,0.99996,+0.00577
DFT_0561,Zr15V20Nb20Mo15W30,2.997713,187.68,0.99997,-0.00729
DFT_0562,Zr15V20Nb25Mo30W10,2.998460,176.94,0.99997,-0.00954
DFT_0563,Zr15V20Nb45Ta20,3.069415,144.84,0.99973,+0.00742
DFT_0564,Zr15V20Nb50Mo15,3.037839,151.67,1.00000,-0.00316
DFT_0565,Zr15V30Nb20Ta35,3.049099,148.68,0.99989,+0.01210
DFT_0566,Zr15V40Mo30W15,2.940838,184.62,0.99998,-0.01116
DFT_0567,Zr15V40Ta20Mo10W15,2.980199,171.04,0.99996,+0.00020
DFT_0568,Zr15V40Nb15W30,2.971762,176.51,0.99995,-0.00424
DFT_0569,Zr15Hf5Nb45Mo5W30,3.066632,175.45,0.99999,-0.01437
DFT_0570,Zr15Hf5V25Nb5Mo20W30,2.986859,187.54,0.99999,-0.01064
DFT_0571,Zr15Hf10V40Mo30W5,2.971445,165.49,0.99994,-0.01656
DFT_0572,Zr15Hf15Ta30Mo25W15,3.078177,174.22,0.99998,-0.01682
DFT_0573,Zr15Hf15Nb40Ta20W10,3.126350,164.11,0.99999,-0.00965
DFT_0574,Zr15Hf15V10Nb50W10,3.100130,150.37,0.99964,-0.01087
DFT_0575,Zr15Hf15V15Nb25Mo30,3.051668,156.73,0.99983,-0.01683
DFT_0576,Zr15Hf15V20Mo25W25,3.014571,178.92,0.99994,-0.01843
DFT_0577,Zr15Hf15V20Ta10Mo30W10,3.028343,168.56,0.99992,-0.01566
DFT_0578,Zr15Hf15V20Ta25W25,3.061336,170.91,0.99995,-0.00666
DFT_0579,Zr15Hf25Ta20Mo10W30,3.096207,174.73,0.99993,-0.02579
DFT_0580,Zr15Hf25Nb40Ta20,3.156808,148.41,0.99980,-0.01519
DFT_0581,Zr15Hf25V15Ta45,3.130398,149.65,0.99940,-0.00410
DFT_0582,Zr15Hf25V40Nb20,3.063065,133.54,0.99953,-0.00893
DFT_0583,Zr15Hf30V20Nb25Mo10,3.102480,144.61,0.99960,-0.01752
DFT_0584,Zr15Hf35V20Mo30,3.076119,156.85,0.99971,-0.02788
DFT_0585,Zr15Hf40Nb15W30,3.133162,172.81,0.99993,-0.03884
DFT_0586,Zr15Hf40V15Nb30,3.149415,136.76,0.99987,-0.02108
DFT_0587,Zr20Ta30Mo20W30,3.049904,194.82,0.99994,-0.01210
DFT_0588,Zr20Ta40Mo30W10,3.062091,180.92,0.99997,-0.00991
DFT_0589,Zr20Ta50Mo10W20,3.081319,179.56,0.99994,-0.00668
DFT_0590,Zr20Nb25Ta40Mo5W10,3.102408,163.75,0.99989,-0.00459
DFT_0591,Zr20Nb30Ta25Mo25,3.081391,164.03,0.99991,-0.00961
DFT_0592,Zr20Nb30Ta30W20,3.094135,168.64,0.99994,-0.00786
DFT_0593,Zr20Nb50Ta10Mo10W10,3.089199,160.14,0.99987,-0.01080
DFT_0594,Zr20V10Nb15Ta25Mo30,3.051001,166.17,0.99994,-0.00800
DFT_0595,Zr20V20Ta40Mo20,3.048307,160.58,0.99994,+0.00031
DFT_0596,Zr20V20Ta50W10,3.070606,159.59,0.99993,+0.00661
DFT_0597,Zr20V20Nb30Mo30,3.021303,159.03,0.99993,-0.01270
DFT_0598,Zr20V25Mo25W30,2.979442,191.10,0.99999,-0.01306
DFT_0599,Zr20V25Nb20Ta20Mo15,3.040347,151.26,0.99988,-0.00215
DFT_0600,Zr20V25Nb30Mo10W15,3.022366,160.54,0.99992,-0.00913
DFT_0601,Zr20V35Nb30Mo15,3.009082,145.45,1.00000,-0.00842
DFT_0602,Zr20V40Nb10Mo30,2.968314,159.35,0.99999,-0.01569
DFT_0603,Zr20Hf5Ta15Mo30W30,3.042675,182.94,0.99999,+0.02720
DFT_0604,Zr20Hf5V5Nb35Ta5W30,3.074631,166.75,0.99998,-0.01487
DFT_0605,Zr20Hf10V40Ta15Mo15,3.020318,145.72,0.99978,-0.00868
DFT_0606,Zr20Hf15V5Nb20Mo20W20,3.072787,164.96,0.99995,-0.02471
DFT_0607,Zr20Hf15V35W30,3.022567,162.04,0.99986,-0.01593
DFT_0608,Zr20Hf20Ta45Mo15,3.136269,159.56,0.99972,-0.01673
DFT_0609,Zr20Hf20Nb15Ta30W15,3.136254,162.20,0.99986,-0.01975
DFT_0610,Zr20Hf20Nb20Ta10W30,3.111737,170.09,0.99993,-0.02626
DFT_0611,Zr20Hf20Nb40Ta5Mo15,3.130709,149.79,0.99982,-0.02229
DFT_0612,Zr20Hf20Nb45Mo15,3.129904,148.52,0.99983,-0.02310
DFT_0613,Zr20Hf20V15Nb25W20,3.093163,155.24,0.99973,-0.01934
DFT_0614,Zr20Hf20V25Ta25W10,3.090881,150.01,0.99992,-0.00862
DFT_0615,Zr20Hf20V40Ta20,3.069900,133.85,0.99959,-0.00410
DFT_0616,Zr20Hf25Nb15Mo20W20,3.100430,164.52,0.99990,-0.03357
DFT_0617,Zr20Hf25V30Mo15W10,3.055974,151.19,0.99973,-0.02203
DFT_0618,Zr20Hf30V40Nb5Ta5,3.085670,130.32,0.99953,-0.01233
DFT_0619,Zr20Hf35Ta20Mo15W10,3.142570,162.19,0.99995,-0.03443
DFT_0620,Zr20Hf35V25W20,3.097663,152.62,0.99974,-0.02584
DFT_0621,Zr20Hf40Mo20W20,3.124915,170.55,0.99985,-0.04508
DFT_0622,Zr20Hf40Ta25Mo15,3.166618,148.33,0.99960,-0.03438
DFT_0623,Zr20Hf40Nb25Mo15,3.163212,139.37,0.99920,-0.03779
DFT_0624,Zr20Hf40V5Mo30W5,3.120193,159.24,0.99995,-0.04131
DFT_0625,Zr20Hf40V5Ta5W30,3.133762,167.56,0.99995,-0.03974
DFT_0626,Zr20Hf40V20Ta10W10,3.135005,144.77,0.99991,-0.02499
DFT_0627,Zr25Nb20Ta15Mo10W30,3.071310,177.63,0.99997,-0.01869
DFT_0628,Zr25Nb50Ta20W5,3.126538,145.13,0.99981,-0.00746
DFT_0629,Zr25V5Nb50W20,3.088783,155.16,0.99990,-0.01472
DFT_0630,Zr25V10Nb10Mo30W25,3.022358,182.55,0.99999,-0.02064
DFT_0631,Zr25V20Ta30W25,3.054333,165.68,0.99993,-0.00567
DFT_0632,Zr25V20Nb15Ta10W30,3.042888,166.93,0.99996,-0.01111
DFT_0633,Zr25V20Nb45Ta5Mo5,3.077876,135.79,0.99988,-0.00512
DFT_0634,Zr25V25Ta20Mo30,3.024103,158.28,0.99995,-0.01140
DFT_0635,Zr25V25Nb5Ta15Mo30,3.022790,157.04,0.99995,-0.01271
DFT_0636,Zr25V40Mo15W20,2.978270,165.66,0.99995,-0.01673
DFT_0637,Zr25V40Ta30W5,3.036085,142.49,0.99990,+0.00208
DFT_0638,Zr25V40Nb5Ta5Mo5W20,2.997281,157.49,0.99993,-0.01172
DFT_0639,Zr25Hf10V35Nb5W25,3.030256,153.85,0.99986,-0.01624
DFT_0640,Zr25Hf15Nb5Ta45Mo10,3.146380,152.80,0.99986,-0.01562
DFT_0641,Zr25Hf15Nb30W30,3.111111,162.47,0.99982,-0.02889
DFT_0642,Zr25Hf15V10Nb35Ta15,3.139759,136.79,0.99977,-0.01124
DFT_0643,Zr25Hf25Ta35W15,3.156200,160.30,0.99999,-0.02580
DFT_0644,Zr25Hf25Nb20Mo30,3.122943,151.96,0.99980,-0.03506
DFT_0645,Zr25Hf25V15Ta15Mo20,3.110916,147.38,0.99980,-0.02358
DFT_0646,Zr25Hf35Nb25W15,3.167227,142.52,0.99949,-0.03877
DFT_0647,Zr25Hf35Nb25Mo5W10,3.166683,140.26,0.99941,-0.03832
DFT_0648,Zr30Nb15Ta15Mo25W15,3.077843,167.06,0.99997,-0.02316
DFT_0649,Zr30Nb20Mo30W20,3.060316,172.40,0.99999,-0.02768
DFT_0650,Zr30V5Ta40Mo10W15,3.096406,161.63,0.99992,-0.01309
DFT_0651,Zr30V5Nb5Ta25Mo30W5,3.074969,161.44,0.99995,-0.01853
DFT_0652,Zr30V5Nb35Ta5Mo25,3.087067,147.13,0.99991,-0.01943
DFT_0653,Zr30V15Nb20Ta25W10,3.097847,144.67,0.99988,-0.00665
DFT_0654,Zr30V20Ta20Mo15W15,3.051017,158.39,0.99995,-0.01398
DFT_0655,Zr30V25Nb30W15,3.060908,142.00,0.99986,-0.01259
DFT_0656,Zr30V40Nb15Mo10W5,3.018095,137.62,0.99993,-0.01590
DFT_0657,Zr30Hf5V5Nb10Ta30W20,3.113856,159.16,0.99998,-0.01564
DFT_0658,Zr30Hf10V20Nb20Mo20,3.078973,139.12,0.99982,-0.02103
DFT_0659,Zr30Hf15V15Mo10W30,3.072604,160.84,0.99987,-0.02990
DFT_0660,Zr30Hf20Ta20Mo30,3.127779,152.51,0.99981,-0.03222
DFT_0661,Zr30Hf20V15Nb10Ta25,3.150968,132.73,0.99988,-0.01353
DFT_0662,Zr30Hf20V20Nb30,3.135591,126.13,0.99987,-0.01641
DFT_0663,Zr30Hf25V10Nb25Ta5W5,3.158641,132.17,0.99989,-0.02436
DFT_0664,Zr30Hf25V20Ta25,3.149610,130.04,0.99993,-0.01439
DFT_0665,Zr30Hf30Nb5Ta5Mo25W5,3.142986,148.03,0.99987,-0.04201
DFT_0666,Zr30Hf30V10Ta5Mo5W20,3.133922,150.79,0.99996,-0.03608
DFT_0667,Zr30Hf40Ta15W15,3.186541,129.01,0.99748,-0.04546
DFT_0668,Zr30Hf40V15Mo15,3.154221,124.74,0.99869,-0.03728
DFT_0669,Zr35Ta50Mo5W10,3.134557,152.85,0.99990,-0.01444
DFT_0670,Zr35Nb50Mo10W5,3.126620,137.89,0.99990,-0.02138
DFT_0671,Zr35V5Ta25Mo5W30,3.090150,165.41,0.99997,-0.02235
DFT_0672,Zr35V10Nb30Ta25,3.136199,131.40,0.99985,-0.00680
DFT_0673,Zr35V15Nb25Ta5Mo5W15,3.087434,143.32,0.99989,-0.01807
DFT_0674,Zr35Hf5Nb30Ta5W25,3.122247,151.09,0.99987,-0.02775
DFT_0675,Zr35Hf10Nb20Ta20Mo15,3.147142,140.93,0.99993,-0.02386
DFT_0676,Zr35Hf10Nb40Mo5W10,3.145667,139.90,0.99995,-0.02733
DFT_0677,Zr35Hf10V15Mo30W10,3.068460,150.33,0.99990,-0.03204
DFT_0678,Zr35Hf15Mo20W30,3.098154,163.93,0.99993,-0.04185
DFT_0679,Zr35Hf15Ta15Mo15W20,3.123363,157.63,0.99987,-0.03564
DFT_0680,Zr35Hf15V5Ta35W10,3.157758,144.88,0.99983,-0.02174
DFT_0681,Zr35Hf15V5Ta45,3.217501,134.82,0.99999,+0.02600
DFT_0682,Zr35Hf20V25Mo20,3.097184,133.47,0.99990,-0.02832
DFT_0683,Zr35Hf25Ta10W30,3.149298,157.48,0.99996,-0.04270
DFT_0684,Zr35Hf25Nb15Ta25,3.200914,122.40,0.99902,-0.02709
DFT_0685,Zr35Hf40V5Nb5W15,3.185522,112.95,0.99600,-0.04798
DFT_0686,Zr40Ta25Mo20W15,3.107977,156.06,0.99996,-0.02802
DFT_0687,Zr40Nb15Ta15W30,3.117390,156.19,0.99995,-0.02861
DFT_0688,Zr40Nb15Ta15Mo30,3.112424,144.48,0.99994,-0.02758
DFT_0689,Zr40V5Ta5Mo20W30,3.072091,165.87,0.99998,-0.03341
DFT_0690,Zr40V5Nb5Ta5Mo15W30,3.080247,162.51,0.99998,-0.03225
DFT_0691,Zr40V5Nb10Ta15Mo30,3.101505,143.55,0.99993,-0.02599
DFT_0692,Zr40V5Nb20Mo15W20,3.094057,150.91,0.99996,-0.03044
DFT_0693,Zr40V10Nb30Mo20,3.105293,132.45,0.99993,-0.02371
DFT_0694,Zr40V15Ta35W10,3.121197,138.05,0.99987,-0.01130
DFT_0695,Zr40V20Mo30W10,3.047919,148.71,0.99997,-0.03008
DFT_0696,Zr40V20Ta25Mo15,3.096850,134.18,0.99989,-0.01415
DFT_0697,Zr40V20Nb5Ta20Mo15,3.095763,132.96,0.99989,-0.01524
DFT_0698,Zr40V25Mo5W30,3.050689,151.97,0.99996,-0.02581
DFT_0699,Zr40V40Mo10W10,3.032935,133.10,0.99996,-0.02306
DFT_0700,Zr40Hf5V15Ta20W20,3.111575,144.15,0.99990,-0.02092
DFT_0701,Zr40Hf5V20Nb25W10,3.112914,128.59,0.99985,-0.01909
DFT_0702,Zr40Hf20Nb15Ta15W10,3.178269,120.35,0.99990,-0.03973
DFT_0703,Zr40Hf20V15W25,3.127257,142.62,0.99997,-0.03524
DFT_0704,Zr40Hf20V30W10,3.118493,124.91,0.99994,-0.02451
DFT_0705,Zr40Hf25Nb5Ta5Mo25,3.163404,129.89,0.99945,-0.04360
DFT_0706,Zr40Hf25Nb20Mo15,3.181070,119.49,0.99880,-0.03993
DFT_0707,Zr40Hf25V10Mo10W15,3.144673,136.26,0.99984,-0.04033
DFT_0708,Zr40Hf25V25Mo5W5,3.138715,121.51,0.99988,-0.02778
DFT_0709,Zr40Hf30Mo15W15,3.164172,135.90,0.99888,-0.02569
DFT_0710,Zr40Hf40Ta10Mo10,3.220959,101.43,0.97954,-0.01875
DFT_0711,Zr40Hf40Nb10Ta5Mo5,3.231377,94.71,0.97314,-0.01692
DFT_0712,Zr40Hf40V10W10,3.196229,97.36,0.99233,-0.04477
DFT_0713,Ti5Nb5Ta50Mo10W30,3.029315,216.64,0.99999,+0.01031
DFT_0714,Ti5Nb30Ta5Mo30W30,2.994175,225.38,0.99994,+0.00318
DFT_0715,Ti5Nb45Ta15Mo20W15,3.026908,190.95,0.99997,+0.00391
DFT_0716,Ti5V5Nb5Ta25Mo30W30,2.985538,227.30,0.99998,+0.00704
DFT_0717,Ti5V5Nb30Ta40Mo10W10,3.042874,183.49,0.99999,+0.01237
DFT_0718,Ti5V5Nb50Ta10W30,3.026887,191.36,0.99997,+0.00639
DFT_0719,Ti5V5Nb50Ta10Mo30,3.017698,183.40,0.99998,+0.00320
DFT_0720,Ti5V20Ta45Mo10W20,2.998346,200.15,0.99983,+0.01735
DFT_0721,Ti5V20Nb15Ta30W30,2.998195,198.44,0.99983,+0.01520
DFT_0722,Ti5V40Nb5Ta10Mo30W10,2.918885,197.71,0.99995,+0.00388
DFT_0723,Ti5V40Nb5Ta40Mo10,2.973323,171.37,0.99998,+0.01832
DFT_0724,Ti5V40Nb10Mo30W15,2.910043,202.94,0.99997,+0.00104
DFT_0725,Ti5V40Nb20Ta20W15,2.964613,177.04,0.99999,+0.01361
DFT_0726,Ti5V40Nb30Mo20W5,2.936306,179.76,0.99997,+0.00131
DFT_0727,Ti5V40Nb30Ta25,2.986346,159.73,0.99990,+0.01735
DFT_0728,Ti5V40Nb35Ta10Mo5W5,2.965303,167.89,0.99998,+0.00930
DFT_0729,Ti5Hf5V20Nb25Ta30Mo15,3.021437,172.95,1.00000,+0.01144
DFT_0730,Ti5Hf5V40Nb5Ta15W30,2.953978,192.50,0.99994,+0.00898
DFT_0731,Ti5Hf10V5Nb5Ta45Mo30,3.043732,181.20,0.99997,+0.00523
DFT_0732,Ti5Hf15V30Nb5Ta30W15,3.021027,170.27,0.99994,+0.00903
DFT_0733,Ti5Hf25V5Nb35Mo30,3.060441,166.10,0.99983,-0.01406
DFT_0734,Ti5Hf25V20Nb40Ta10,3.080195,147.39,0.99947,+0.00119
DFT_0735,Ti5Hf25V40Mo30,2.972910,164.95,0.99986,-0.01409
DFT_0736,Ti5Hf30Nb50Mo10W5,3.105931,163.20,0.99944,-0.01507
DFT_0737,Ti5Hf30V5Nb35Mo5W20,3.082347,179.56,0.99794,-0.01515
DFT_0738,Ti5Hf30V30Ta35,3.071014,144.46,0.99979,+0.03178
DFT_0739,Ti5Hf40Ta40W15,3.129843,174.04,0.99961,-0.01716
DFT_0740,Ti5Hf40V15Nb25W15,3.093093,162.28,0.99939,-0.01641
DFT_0741,Ti5Hf40V20Ta25Mo10,3.092060,156.19,0.99925,-0.00894
DFT_0742,Ti5Hf40V25Mo15W15,3.044797,167.59,0.99961,-0.01870
DFT_0743,Ti5Hf40V40Nb5W10,3.041743,149.82,0.99941,-0.01126
DFT_0744,Ti5Zr5V10Nb45Ta5Mo30,3.014833,175.81,1.00000,-0.00117
DFT_0745,Ti5Zr5V15Nb25Mo25W25,2.979356,199.96,0.99997,-0.00114
DFT_0746,Ti5Zr5Hf10Nb50Ta30,3.111702,159.98,0.99993,+0.00470
DFT_0747,Ti5Zr5Hf10V5Nb50Ta25,3.102455,162.37,1.00000,-0.00161
DFT_0748,Ti5Zr5Hf20Nb25Ta30W15,3.105066,170.15,0.99984,-0.00793
DFT_0749,Ti5Zr5Hf20V15Nb40Mo15,3.063815,153.55,0.99960,-0.00868
DFT_0750,Ti5Zr5Hf25V40Nb25,3.039278,140.25,0.97530,-0.00244
DFT_0751,Ti5Zr5Hf40Nb10Ta20Mo20,3.126210,165.98,0.99972,-0.02479
DFT_0752,Ti5Zr5Hf40V10Nb35Ta5,3.137754,146.56,0.99977,-0.01625
DFT_0753,Ti5Zr5Hf40V15Ta5Mo30,3.074657,163.82,0.99962,-0.02484
DFT_0754,Ti5Zr5Hf40V35Nb5W10,3.064707,147.98,0.99939,-0.01479
DFT_0755,Ti5Zr10V5Ta50Mo30,3.045342,179.05,0.99996,+0.00284
DFT_0756,Ti5Zr10V15Nb50Mo20,3.028012,159.49,0.99995,-0.00349
DFT_0757,Ti5Zr10V35Nb15Ta35,3.023020,151.45,0.99995,+0.01352
DFT_0758,Ti5Zr10Hf40Ta45,3.173482,153.91,0.99980,-0.01952
DFT_0759,Ti5Zr10Hf40Nb5Ta40,3.172914,152.25,0.99982,-0.02009
DFT_0760,Ti5Zr10Hf40V5Mo20W20,3.093424,171.57,0.99971,-0.03508
DFT_0761,Ti5Zr15Nb15Ta35W30,3.069343,182.03,0.99995,-0.00566
DFT_0762,Ti5Zr15Nb30Mo25W25,3.030923,187.52,0.99998,-0.01508
DFT_0763,Ti5Zr15Nb30Ta30Mo20,3.078498,163.57,0.99992,-0.00450
DFT_0764,Ti5Zr15Hf5V40Nb5Mo30,2.963544,158.70,0.99996,-0.01746
DFT_0765,Ti5Zr15Hf5V40Nb35,3.019400,135.17,0.99991,-0.00360
DFT_0766,Ti5Zr15Hf10V40Ta30,3.039022,141.57,0.99992,-0.00536
DFT_0767,Ti5Zr15Hf15V20Ta15W30,3.048880,169.11,0.99984,-0.01212
DFT_0768,Ti5Zr15Hf40Nb15Ta10W15,3.155312,154.52,0.99987,-0.03369
DFT_0769,Ti5Zr20V5Nb50Mo10W10,3.074107,153.29,0.99989,-0.01239
DFT_0770,Ti5Zr20Hf5Nb20Ta40Mo10,3.116832,152.97,0.99982,-0.00617
DFT_0771,Ti5Zr20Hf5V30Nb35Mo5,3.047607,134.78,0.99984,-0.00739
DFT_0772,Ti5Zr20Hf20V30Mo15W10,3.043292,149.16,0.99977,-0.02171
DFT_0773,Ti5Zr25V20Nb5Ta45,3.093565,140.04,0.99988,+0.00457
DFT_0774,Ti5Zr25Hf5V5Nb30Mo30,3.073950,148.59,0.99989,-0.02255
DFT_0775,Ti5Zr25Hf15Ta25Mo30,3.108502,157.30,0.99998,-0.02450
DFT_0776,Ti5Zr30Nb20Ta45,3.147317,139.49,0.99985,-0.00568
DFT_0777,Ti5Zr30Nb35Ta25W5,3.136407,139.91,0.99988,-0.01059
DFT_0778,Ti5Zr30V25Nb5Ta20Mo15,3.058797,138.97,0.99988,-0.01070
DFT_0779,Ti5Zr30V40Nb25,3.042216,122.71,0.99986,-0.01078
DFT_0780,Ti5Zr30Hf15V30Nb20,3.100109,121.80,0.99975,-0.01389
DFT_0781,Ti5Zr30Hf30Ta30Mo5,3.188824,127.91,0.99905,-0.02918
DFT_0782,Ti5Zr30Hf30Nb35,3.195343,114.50,0.99770,-0.02966
DFT_0783,Ti5Zr30Hf40V10Mo15,3.163075,118.18,0.99766,-0.03993
DFT_0784,Ti5Zr30Hf40V10Ta15,3.194857,109.76,0.99418,-0.02914
DFT_0785,Ti5Zr35Hf5V30Mo25,3.042339,134.64,0.99995,-0.02666
DFT_0786,Ti5Zr35Hf10V30Ta20,3.108119,124.77,1.00000,-0.01751
DFT_0787,Ti5Zr35Hf40Nb5Ta10W5,3.220721,84.90,0.96926,-0.04074
DFT_0788,Ti5Zr40V5Ta35Mo15,3.130385,136.52,0.99990,-0.01711
DFT_0789,Ti5Zr40Hf10V5Ta35Mo5,3.167302,129.43,0.99995,-0.01820
DFT_0790,Ti5Zr40Hf10V35Nb5Mo5,3.090883,116.08,0.99987,-0.01962
DFT_0791,Ti5Zr40Hf10V40Mo5,3.077494,115.29,0.99989,-0.02051
DFT_0792,Ti5Zr40Hf20Nb5W30,3.148234,145.43,0.99993,-0.04477
DFT_0793,Ti5Zr40Hf20Nb25Mo10,3.181350,117.77,0.99934,-0.03365
DFT_0794,Ti5Zr40Hf25Mo30,3.152054,128.09,0.99947,-0.04695
DFT_0795,Ti5Zr40Hf25V15Nb15,3.180039,108.24,0.99878,-0.02346
DFT_0796,Ti10Nb35Ta50W5,3.076363,171.88,0.99994,+0.01436
DFT_0797,Ti10Nb50Mo10W30,3.017633,194.49,0.99997,-0.00037
DFT_0798,Ti10Nb50Ta25Mo10W5,3.054939,174.36,0.99995,+0.00694
DFT_0799,Ti10V5Nb20Ta35Mo30,3.020708,183.40,0.99998,+0.00721
DFT_0800,Ti10V5Nb35Ta45Mo5,3.063850,168.23,0.99992,+0.01535
DFT_0801,Ti10V5Nb50Ta5Mo5W25,3.021081,186.62,0.99998,+0.00258
DFT_0802,Ti10V15Nb35Ta25Mo15,3.019372,170.84,0.99998,+0.00987
DFT_0803,Ti10V15Nb40Ta35,3.048396,160.82,0.99986,+0.01790
DFT_0804,Ti10V35Nb25Ta20Mo10,2.976044,165.06,0.99994,+0.00954
DFT_0805,Ti10V40Nb10Mo10W30,2.919897,201.53,0.99992,+0.00190
DFT_0806,Ti10Hf5Nb20Ta50W15,3.071450,178.78,0.99994,+0.00945
DFT_0807,Ti10Hf10Nb50Mo15W15,3.046102,175.41,0.99994,-0.00690
DFT_0808,Ti10Hf10V40Ta20W20,2.973099,173.09,0.99998,+0.00510
DFT_0809,Ti10Hf15Ta25Mo20W30,3.033947,191.26,0.99998,+0.02049
DFT_0810,Ti10Hf20V5Nb5Ta50Mo10,3.092340,167.93,0.99996,+0.00284
DFT_0811,Ti10Hf20V15Nb20Ta35,3.085059,150.37,0.99969,+0.03343
DFT_0812,Ti10Hf25Nb20Ta30W15,3.101999,170.60,0.99963,-0.00800
DFT_0813,Ti10Hf40V10Nb20Ta20,3.128352,150.76,0.99938,-0.01065
DFT_0814,Ti10Hf40V15Ta10W25,3.078070,170.01,0.99953,-0.01843
DFT_0815,Ti10Zr5V15Nb50W20,3.020849,170.21,0.99994,+0.00035
DFT_0816,Ti10Zr5V40Ta15Mo30,2.935387,176.70,0.99997,-0.00461
DFT_0817,Ti10Zr5V40Nb5Ta25Mo15,2.965101,165.08,0.99995,+0.00410
DFT_0818,Ti10Zr5Hf15V40Nb5Ta25,3.022571,144.58,0.99987,+0.00457
DFT_0819,Ti10Zr5Hf40Nb25Mo20,3.121146,157.95,0.99986,-0.02885
DFT_0820,Ti10Zr5Hf40Nb45,3.156009,143.25,0.99988,-0.02199
DFT_0821,Ti10Zr5Hf40V5Ta35W5,3.145184,162.43,1.00000,-0.01432
DFT_0822,Ti10Zr5Hf40V5Nb40,3.145840,142.83,0.99989,-0.01966
DFT_0823,Ti10Zr10V10Nb20Ta50,3.083127,154.66,0.99989,+0.01213
DFT_0824,Ti10Zr15V40Nb5W30,2.963341,171.02,0.99995,-0.01066
DFT_0825,Ti10Zr15Hf20V40W15,3.023671,144.64,0.99973,-0.01633
DFT_0826,Ti10Zr15Hf40V15Nb20,3.146954,130.42,0.99981,-0.02155
DFT_0827,Ti10Zr20V25Mo30W15,2.981158,171.12,0.99998,-0.02034
DFT_0828,Ti10Zr20V35Nb20W15,3.007382,147.13,0.99993,-0.01112
DFT_0829,Ti10Zr20Hf25Nb25Ta20,3.165449,136.58,0.99994,-0.01855
DFT_0830,Ti10Zr25Nb35Mo30,3.074109,147.60,1.00000,-0.02189
DFT_0831,Ti10Zr25Hf35V30,3.127076,121.21,0.99988,-0.01992
DFT_0832,Ti10Zr40Ta5Mo30W15,3.083333,151.78,0.99998,-0.03667
DFT_0833,Ti10Zr40Ta35Mo15,3.139598,134.73,0.99991,-0.01940
DFT_0834,Ti10Zr40V10Nb10W30,3.089668,144.95,0.99996,-0.02933
DFT_0835,Ti10Zr40V15Nb5Ta30,3.134917,120.92,0.99986,-0.00758
DFT_0836,Ti10Zr40V30Ta5W15,3.066477,128.36,0.99992,-0.02052
DFT_0837,Ti10Zr40V30Ta20,3.097104,117.62,0.99997,-0.00790
DFT_0838,Ti10Zr40Hf5Nb5Ta40,3.177373,120.64,0.99980,+0.03182
DFT_0839,Ti10Zr40Hf5Nb35Ta5Mo5,3.163408,121.00,0.99994,-0.02159
DFT_0840,Ti10Zr40Hf5Nb45,3.172639,116.50,0.99998,-0.01936
DFT_0841,Ti10Zr40Hf5V5Nb40,3.161840,116.05,0.99995,-0.01766
DFT_0842,Ti15Nb5Ta50Mo15W15,3.036651,190.78,0.99982,+0.00865
DFT_0843,Ti15Nb20Ta25Mo10W30,3.020102,200.45,0.99986,+0.00310
DFT_0844,Ti15Nb50Ta10Mo25,3.031511,173.47,0.99995,-0.00049
DFT_0845,Ti15V5Nb35Mo15W30,2.995735,196.45,0.99995,-0.00177
DFT_0846,Ti15V10Ta25Mo20W30,2.981706,213.31,1.00000,+0.00371
DFT_0847,Ti15V20Ta45Mo20,3.001212,174.35,0.99999,+0.01221
DFT_0848,Ti15V20Nb25Ta10W30,2.985922,186.47,0.99998,+0.00492
DFT_0849,Ti15V20Nb30Mo20W15,2.968971,183.67,0.99997,-0.00203
DFT_0850,Ti15V30Ta20Mo15W20,2.951976,192.25,0.99993,+0.00498
DFT_0851,Ti15V40Nb25Mo20,2.932899,167.79,1.00000,-0.00610
DFT_0852,Ti15V40Nb40W5,2.962639,155.88,0.99999,+0.00164
DFT_0853,Ti15Hf5V20Mo30W30,2.946523,201.69,0.99999,+0.02128
DFT_0854,Ti15Hf10Ta40Mo25W10,3.042926,183.09,0.99997,-0.00107
DFT_0855,Ti15Hf10Nb35Ta20W20,3.065320,174.86,0.99997,-0.00168
DFT_0856,Ti15Hf10V20Nb15Ta10Mo30,2.992647,169.97,0.99995,-0.00635
DFT_0857,Ti15Hf15Nb40Mo30,3.048379,165.01,0.99990,-0.01262
DFT_0858,Ti15Hf15V15Nb40Mo15,3.038427,154.04,0.99972,-0.00607
DFT_0859,Ti15Hf15V20Nb20W30,3.010035,174.68,0.99987,-0.00697
DFT_0860,Ti15Hf15V30Nb10Mo30,2.972483,165.25,0.99991,-0.01352
DFT_0861,Ti15Hf20Nb50W15,3.086402,161.67,0.99966,-0.01060
DFT_0862,Ti15Hf20V5Nb45Ta15,3.101210,148.95,0.99949,-0.00129
DFT_0863,Ti15Hf20V20Mo30W15,2.988838,179.39,0.99990,-0.01616
DFT_0864,Ti15Hf20V20Nb45,3.062965,141.75,0.99959,-0.00203
DFT_0865,Ti15Hf20V25Nb25W15,3.027941,156.54,0.99976,-0.00656
DFT_0866,Ti15Hf20V40Ta10Mo15,2.985117,152.92,0.99989,-0.00888
DFT_0867,Ti15Hf25Ta15Mo30W15,3.048396,179.40,0.99994,-0.01860
DFT_0868,Ti15Hf25Nb25Mo20W15,3.061559,170.08,0.99983,-0.01944
DFT_0869,Ti15Hf25V15Ta15Mo30,3.035023,167.08,0.99996,-0.01248
DFT_0870,Ti15Hf25V20Ta25W15,3.057476,166.82,0.99999,-0.01098
DFT_0871,Ti15Hf25V30Nb10Ta20,3.052539,137.34,0.99979,+0.04495
DFT_0872,Ti15Hf35V20W30,3.046099,169.30,0.99969,-0.01890
DFT_0873,Ti15Hf35V40Ta10,3.044329,137.66,0.99933,-0.00667
DFT_0874,Ti15Hf40Mo15W30,3.074363,179.53,0.99971,-0.03164
DFT_0875,Ti15Zr5Ta50W30,3.049302,194.78,0.99995,+0.00430
DFT_0876,Ti15Zr5Nb20Ta20Mo30W10,3.021986,183.75,0.99997,-0.00501
DFT_0877,Ti15Zr5Hf40V25Mo15,3.071227,145.79,0.99958,-0.02227
DFT_0878,Ti15Zr10Ta45Mo30,3.049993,172.79,0.99996,-0.00301
DFT_0879,Ti15Zr10V25Ta35W15,3.019515,163.29,0.99996,+0.00501
DFT_0880,Ti15Zr10Hf25Mo20W30,3.059873,176.92,0.99986,-0.03113
DFT_0881,Ti15Zr15Ta50Mo5W15,3.080898,167.32,0.99994,-0.00310
DFT_0882,Ti15Zr15Nb5Ta20Mo15W30,3.038119,184.38,0.99996,-0.01388
DFT_0883,Ti15Zr15V25Mo15W30,2.973661,180.12,0.99997,-0.01584
DFT_0884,Ti15Zr20Ta35W30,3.074599,171.38,0.99994,-0.01240
DFT_0885,Ti15Zr20Nb30Mo20W15,3.055974,161.38,0.99996,-0.02103
DFT_0886,Ti15Zr20Nb35Ta10W20,3.085039,155.16,0.99989,-0.01396
DFT_0887,Ti15Zr20V15Ta50,3.090970,140.59,0.99990,+0.00547
DFT_0888,Ti15Zr20V15Nb50,3.079759,129.09,0.99984,-0.00574
DFT_0889,Ti15Zr20V25Nb20Ta20,3.059765,132.81,0.99989,-0.00074
DFT_0890,Ti15Zr20Hf15Nb20Mo30,3.088510,149.64,0.99988,-0.02849
DFT_0891,Ti15Zr20Hf20V10Nb35,3.130280,127.35,0.99994,-0.01572
DFT_0892,Ti15Zr20Hf20V15Mo30,3.062278,146.61,0.99985,-0.02922
DFT_0893,Ti15Zr20Hf40Mo25,3.140909,136.02,0.99929,-0.04309
DFT_0894,Ti15Zr20Hf40Ta25,3.187277,113.74,0.99823,-0.03172
DFT_0895,Ti15Zr25Hf10Ta20W30,3.099730,161.43,0.99994,-0.02527
DFT_0896,Ti15Zr25Hf30Ta15W15,3.156979,138.03,0.99974,-0.00616
DFT_0897,Ti15Zr25Hf30V15Ta5Mo10,3.131350,127.74,0.99991,-0.02615
DFT_0898,Ti15Zr30V20Nb30Mo5,3.080138,122.88,0.99988,-0.01386
DFT_0899,Ti15Zr35Nb5Ta15Mo15W15,3.098862,146.47,0.99995,-0.02714
DFT_0900,Ti15Zr35V15Mo15W20,3.052834,146.00,0.99997,-0.02967
DFT_0901,Ti15Zr35Hf15V20Mo15,3.102560,122.99,0.99994,-0.02744
DFT_0902,Ti15Zr40Ta25W20,3.130361,139.97,0.99994,-0.02464
DFT_0903,Ti15Zr40Nb10Ta20W15,3.138151,133.89,0.99992,-0.02285
DFT_0904,Ti15Zr40Nb20Mo15W10,3.115227,133.33,0.99995,-0.03077
DFT_0905,Ti15Zr40Nb25W20,3.126309,134.49,0.99992,-0.02869
DFT_0906,Ti15Zr40Hf5V5Nb5Mo30,3.101832,129.66,1.00000,-0.03467
DFT_0907,Ti15Zr40Hf5V40,3.072229,107.37,0.99982,-0.01877
DFT_0908,Ti20Ta30Mo20W30,3.002095,210.57,0.99999,+0.00009
DFT_0909,Ti20Ta50Mo20W10,3.032620,184.86,0.99988,+0.00662
DFT_0910,Ti20Nb35Mo30W15,2.998568,187.95,0.99998,-0.00743
DFT_0911,Ti20Nb45Ta20W15,3.051774,169.86,0.99991,+0.00377
DFT_0912,Ti20V5Nb5Ta40Mo5W25,3.023404,189.62,0.99984,+0.00690
DFT_0913,Ti20V5Nb30Ta15Mo30,3.009302,174.98,0.99997,-0.00220
DFT_0914,Ti20V10Ta25Mo30W15,2.981539,196.87,0.99992,+0.00054
DFT_0915,Ti20V10Nb50Ta5Mo15,3.021147,159.94,1.00000,+0.00115
DFT_0916,Ti20V15Ta45Mo15W5,3.011763,173.15,0.99998,+0.01026
DFT_0917,Ti20V20Mo30W30,2.931737,215.60,0.99999,-0.00626
DFT_0918,Ti20V20Ta50W10,3.019881,167.64,0.99999,+0.01588
DFT_0919,Ti20V20Nb10Ta20Mo30,2.973142,175.77,0.99998,-0.00086
DFT_0920,Ti20V20Nb25Ta25W10,3.013182,164.33,0.99998,+0.00918
DFT_0921,Ti20V20Nb50Mo10,3.002296,153.80,0.99989,+0.00030
DFT_0922,Ti20V25Ta25W30,2.974157,189.60,0.99984,+0.00666
DFT_0923,Ti20V25Nb5Ta5Mo15W30,2.944048,199.73,0.99995,-0.00245
DFT_0924,Ti20V25Nb5Ta35Mo5W10,2.994713,169.65,0.99997,+0.01021
DFT_0925,Ti20V30Ta20Mo30,2.946464,176.78,0.99998,-0.00254
DFT_0926,Ti20V40Mo20W20,2.904722,192.55,0.99996,-0.00928
DFT_0927,Ti20V40Nb5Mo20W15,2.910361,184.25,1.00000,-0.00964
DFT_0928,Ti20Hf5V25Nb45Ta5,3.019836,144.69,0.99999,+0.00434
DFT_0929,Ti20Hf10Nb20Ta40Mo10,3.078930,161.76,0.99985,+0.00293
DFT_0930,Ti20Hf15Nb15Mo20W30,3.021531,186.59,0.99992,-0.01647
DFT_0931,Ti20Hf15V5Ta30Mo30,3.040281,169.57,0.99988,-0.00722
DFT_0932,Ti20Hf15V35W30,2.968094,172.69,0.99990,-0.01041
DFT_0933,Ti20Hf15V40Ta25,3.005739,140.93,0.99998,+0.02995
DFT_0934,Ti20Hf15V40Nb5W20,2.967653,161.35,0.99992,-0.01035
DFT_0935,Ti20Hf20Mo30W30,3.014410,193.07,0.99985,-0.02159
DFT_0936,Ti20Hf20Ta40Mo10W10,3.082216,170.26,0.99993,-0.00578
DFT_0937,Ti20Hf20Ta45Mo15,3.089466,165.88,0.99997,-0.00353
DFT_0938,Ti20Hf20Nb25Ta15Mo20,3.074747,160.20,0.99970,-0.01125
DFT_0939,Ti20Hf25Nb5Ta20W30,3.074356,176.75,0.99981,-0.01564
DFT_0940,Ti20Hf25Nb25Ta30,3.121112,142.73,0.99946,+0.04060
DFT_0941,Ti20Hf30Nb20Mo30,3.072134,162.76,0.99971,-0.02387
DFT_0942,Ti20Hf40Nb5Mo15W20,3.085866,172.77,0.99975,-0.03113
DFT_0943,Ti20Hf40Nb5Ta20W15,3.123376,166.77,0.99996,-0.02062
DFT_0944,Ti20Hf40Nb25W15,3.118813,158.99,0.99976,-0.02519
DFT_0945,Ti20Hf40V15Ta25,3.116508,149.68,0.99987,-0.00799
DFT_0946,Ti20Hf40V20Nb20,3.098621,138.44,0.99941,-0.01338
DFT_0947,Ti20Zr5V20Nb45Ta5Mo5,3.023411,145.57,0.99991,+0.00041
DFT_0948,Ti20Zr5V40Nb25W10,2.961216,153.75,0.99994,-0.00678
DFT_0949,Ti20Zr5Hf25Nb30W20,3.095324,159.94,0.99970,-0.02068
DFT_0950,Ti20Zr5Hf35Ta20Mo20,3.112038,157.02,0.99979,-0.02396
DFT_0951,Ti20Zr10Nb20Ta50,3.100805,150.20,0.99987,+0.00681
DFT_0952,Ti20Zr10V25Ta15W30,2.989896,174.02,0.99996,-0.00560
DFT_0953,Ti20Zr10V35Ta20Mo15,2.979092,152.74,0.99995,-0.00641
DFT_0954,Ti20Zr10V40Mo15W15,2.937496,166.24,1.00000,-0.01750
DFT_0955,Ti20Zr10Hf10V5Ta35W20,3.074322,163.39,0.99986,-0.00718
DFT_0956,Ti20Zr10Hf30Mo30W10,3.077553,164.71,0.99985,-0.03445
DFT_0957,Ti20Zr10Hf30V20W20,3.069366,150.69,0.99970,-0.02263
DFT_0958,Ti20Zr15Ta25Mo20W20,3.041650,174.96,0.99996,-0.01435
DFT_0959,Ti20Zr15Nb35W30,3.055699,165.62,0.99995,-0.01630
DFT_0960,Ti20Zr15Nb40Ta25,3.107324,139.13,0.99986,-0.00068
DFT_0961,Ti20Zr15Nb50Mo15,3.075119,141.93,1.00000,-0.01188
DFT_0962,Ti20Zr15V15Nb30Mo20,3.028522,144.51,1.00000,-0.01398
DFT_0963,Ti20Zr15Hf10Nb45Mo10,3.102610,138.80,0.99980,-0.01539
DFT_0964,Ti20Zr15Hf10V20Ta35,3.082076,134.59,0.99993,+0.00904
DFT_0965,Ti20Zr15Hf15Nb5Ta45,3.185893,127.86,0.99996,+0.04189
DFT_0966,Ti20Zr15Hf15V40Nb10,3.029818,125.13,0.99973,-0.01418
DFT_0967,Ti20Zr15Hf30Nb5W30,3.109172,161.44,0.99991,-0.03483
DFT_0968,Ti20Zr15Hf40Nb15W10,3.158283,132.71,0.99914,-0.03372
DFT_0969,Ti20Zr20Nb15Ta20Mo25,3.071339,150.44,0.99992,-0.01566
DFT_0970,Ti20Zr20V5Ta40Mo15,3.082009,147.61,0.99990,-0.00649
DFT_0971,Ti20Zr20V15Ta15Mo30,3.024471,151.83,0.99996,-0.01803
DFT_0972,Ti20Zr20V15Nb30W15,3.053043,142.58,0.99991,-0.01346
DFT_0973,Ti20Zr20V30Nb10Mo20,2.998093,139.01,1.00000,-0.02091
DFT_0974,Ti20Zr20V40W20,2.978406,148.13,0.99995,-0.01959
DFT_0975,Ti20Zr20Hf5V5Mo30W20,3.026600,167.60,0.99996,-0.02890
DFT_0976,Ti20Zr20Hf10V20W30,3.037344,155.19,0.99991,-0.02266
DFT_0977,Ti20Zr20Hf15Ta45,3.150739,141.94,1.00000,-0.00726
DFT_0978,Ti20Zr20Hf30V20Ta10,3.127744,125.24,0.99986,-0.01626
DFT_0979,Ti20Zr25Hf15Nb20W20,3.119308,143.50,0.99993,-0.02869
DFT_0980,Ti20Zr25Hf20Mo15W20,3.101461,152.37,0.99995,-0.03754
DFT_0981,Ti20Zr25Hf25Nb15Mo15,3.143084,128.86,0.99983,-0.03192
DFT_0982,Ti20Zr25Hf40W15,3.170630,118.30,0.99714,-0.04337
DFT_0983,Ti20Zr25Hf40Nb15,3.200242,96.76,0.99175,-0.03176
DFT_0984,Ti20Zr30Ta20Mo15W15,3.086943,149.86,0.99994,-0.02406
DFT_0985,Ti20Zr30V20W30,3.039007,148.24,0.99996,-0.02499
DFT_0986,Ti20Zr30Hf20V15W15,3.114390,129.61,0.99997,-0.02811
DFT_0987,Ti20Zr35Hf15V10Ta20,3.159737,117.08,0.99998,-0.01526
DFT_0988,Ti20Zr40Mo20W20,3.087731,143.40,0.99998,-0.03827
DFT_0989,Ti20Zr40V10Ta30,3.144342,116.30,0.99982,-0.00866
DFT_0990,Ti20Zr40V15Nb25,3.126007,108.85,0.99986,-0.01449
DFT_0991,Ti20Zr40V20Nb10Ta10,3.116256,109.82,0.99990,-0.01174
DFT_0992,Ti20Zr40Hf5Ta20Mo15,3.144682,126.45,1.00000,-0.02432
DFT_0993,Ti20Zr40Hf5V5Mo30,3.099483,128.36,0.99998,-0.03602
DFT_0994,Ti20Zr40Hf5V10Nb5W20,3.111716,128.71,0.99995,-0.02928
DFT_0995,Ti20Zr40Hf20W20,3.161550,122.97,0.99960,-0.04045
DFT_0996,Ti20Zr40Hf20Ta20,3.203096,106.39,0.99841,-0.02290
DFT_0997,Ti20Zr40Hf20Nb10W10,3.180486,111.57,0.99914,-0.03351
DFT_0998,Ti20Zr40Hf25V15,3.178073,97.54,0.99806,-0.02243
DFT_0999,Ti25Nb20Ta5Mo30W20,2.990483,192.82,0.99997,-0.00852
DFT_1000,Ti25Nb30Ta20Mo15W10,3.030777,172.50,0.99997,-0.00122
DFT_1001,Ti25Nb30Ta25Mo20,3.037646,166.58,0.99995,+0.00065
DFT_1002,Ti25V20Nb10Mo15W30,2.951055,193.69,0.99995,-0.00695
DFT_1003,Ti25V20Nb35W20,2.988476,167.51,0.99994,-0.00252
DFT_1004,Ti25V30Nb20Ta5Mo20,2.954351,162.40,1.00000,-0.00765
DFT_1005,Ti25Hf5Nb25Ta25Mo10W10,3.049567,167.39,0.99993,-0.00143
DFT_1006,Ti25Hf5Nb50Ta10W10,3.064145,156.72,0.99985,-0.00086
DFT_1007,Ti25Hf5V15Nb30Ta5W20,3.012174,165.42,0.99994,-0.00333
DFT_1008,Ti25Hf5V20Nb5Ta45,3.055514,159.66,1.00000,+0.02851
DFT_1009,Ti25Hf5V35Nb10Ta25,3.015023,157.31,0.99999,+0.02552
DFT_1010,Ti25Hf10V40Nb25,2.981232,138.90,0.99987,-0.00777
DFT_1011,Ti25Hf15V5Nb10Mo15W30,3.014399,181.99,0.99989,-0.01710
DFT_1012,Ti25Hf25Ta30W20,3.089409,169.67,0.99996,-0.01159
DFT_1013,Ti25Hf25Nb20W30,3.068282,170.22,0.99977,-0.02072
DFT_1014,Ti25Hf25V20Nb25Mo5,3.057343,139.65,0.99972,-0.01066
DFT_1015,Ti25Hf25V25Mo25,3.006543,152.83,0.99979,-0.02096
DFT_1016,Ti25Hf25V25Nb5Mo15W5,3.017911,150.70,0.99976,-0.01759
DFT_1017,Ti25Hf30Nb5Ta5Mo25W10,3.064510,167.45,0.99977,-0.02549
DFT_1018,Ti25Hf35Ta20Mo20,3.099813,158.35,0.99963,-0.02119
DFT_1019,Ti25Hf35Nb20Ta10Mo10,3.115895,149.55,0.99967,-0.01910
DFT_1020,Ti25Hf35V30Nb5W5,3.053528,138.56,0.99946,-0.01447
DFT_1021,Ti25Zr5V10Ta30W30,3.017322,179.69,0.99990,-0.00068
DFT_1022,Ti25Zr5V40Mo30,2.914250,165.58,1.00000,-0.02275
DFT_1023,Ti25Zr5Hf5Nb10Ta50W5,3.090136,158.42,0.99999,-0.00440
DFT_1024,Ti25Zr5Hf10Nb35Mo20W5,3.053325,156.81,0.99984,-0.01567
DFT_1025,Ti25Zr5Hf30V10Ta30,3.117993,138.53,0.99911,+0.01928
DFT_1026,Ti25Zr5Hf40W30,3.104187,166.58,0.99987,-0.03481
DFT_1027,Ti25Zr10Ta5Mo30W30,2.995962,193.87,0.99998,-0.01904
DFT_1028,Ti25Zr10Nb30Mo30W5,3.027618,161.66,1.00000,-0.01738
DFT_1029,Ti25Zr10V5Nb35Ta25,3.083034,140.12,0.99986,+0.00253
DFT_1030,Ti25Zr10Hf40V5Mo20,3.114851,141.54,0.99993,-0.03365
DFT_1031,Ti25Zr15V20Nb5Mo5W30,2.995728,166.05,0.99998,-0.01827
DFT_1032,Ti25Zr15Hf10V30Ta5W15,3.021627,141.74,0.99987,-0.01637
DFT_1033,Ti25Zr20Mo25W30,3.021070,175.79,0.99999,-0.02893
DFT_1034,Ti25Zr20Ta30Mo25,3.070992,150.02,0.99993,-0.01501
DFT_1035,Ti25Zr20Nb15Mo10W30,3.046029,164.59,0.99997,-0.02497
DFT_1036,Ti25Zr20V30Ta10W15,3.013558,141.90,0.99993,-0.01444
DFT_1037,Ti25Zr20V30Nb25,3.033736,122.80,0.99991,-0.01226
DFT_1038,Ti25Zr20V35Ta20,3.026871,126.69,0.99989,-0.00663
DFT_1039,Ti25Zr20Hf5Mo30W20,3.035327,165.20,0.99996,-0.03167
DFT_1040,Ti25Zr25V30Mo20,3.004694,132.68,0.99996,-0.02731
DFT_1041,Ti25Zr25Hf5Nb15Ta25W5,3.129901,134.01,0.99999,-0.04022
DFT_1042,Ti25Zr25Hf40Nb5Ta5,3.201736,96.87,0.99131,-0.02926
DFT_1043,Ti25Zr30Nb30Mo15,3.105582,126.78,0.99991,-0.02242
DFT_1044,Ti25Zr30V35Mo5W5,3.024460,121.81,0.99995,-0.02404
DFT_1045,Ti25Zr40V5Mo30,3.087267,126.02,0.99998,-0.03523
DFT_1046,Ti25Zr40Hf5V5W25,3.112924,131.65,0.99997,-0.03358
DFT_1047,Ti30Nb5Ta30Mo15W20,3.016895,182.77,0.99990,-0.00210
DFT_1048,Ti30Nb5Ta50W15,3.053258,169.02,0.99997,+0.00726
DFT_1049,Ti30Nb10Ta30W30,3.027989,182.75,0.99989,-0.00001
DFT_1050,Ti30Nb10Ta50Mo5W5,3.059160,161.51,0.99978,+0.00816
DFT_1051,Ti30Nb45Mo15W10,3.023088,165.27,0.99994,-0.00791
DFT_1052,Ti30V20Nb5Mo30W15,2.939733,185.14,0.99997,-0.01427
DFT_1053,Ti30V35Ta30W5,2.975038,154.02,0.99997,+0.00454
DFT_1054,Ti30V35Nb5W30,2.931057,179.03,0.99995,-0.00944
DFT_1055,Ti30V35Nb5Mo5W25,2.928432,177.16,0.99996,-0.01107
DFT_1056,Ti30V35Nb5Ta5Mo10W15,2.933814,170.20,0.99997,-0.01069
DFT_1057,Ti30Hf10Nb35Mo15W10,3.041794,160.81,0.99987,-0.01321
DFT_1058,Ti30Hf10V15Ta45,3.059274,142.40,0.99985,+0.03541
DFT_1059,Ti30Hf10V20Ta25W15,3.018472,158.45,0.99997,-0.00153
DFT_1060,Ti30Hf15Ta20Mo15W20,3.041087,173.35,0.99987,-0.01391
DFT_1061,Ti30Hf15Nb20Mo5W30,3.039471,172.77,0.99989,-0.01753
DFT_1062,Ti30Hf15V5Mo30W20,2.999412,179.99,0.99994,-0.02209
DFT_1063,Ti30Hf15V15Ta25Mo15,3.035572,152.23,0.99992,-0.00593
DFT_1064,Ti30Hf15V20Mo10W25,2.988925,169.88,0.99991,-0.01708
DFT_1065,Ti30Hf15V30Mo15W10,2.973332,157.48,0.99990,-0.01867
DFT_1066,Ti30Hf15V40Ta10W5,2.984417,141.17,0.99990,-0.00958
DFT_1067,Ti30Hf20Nb25Ta20W5,3.099091,147.93,0.99975,-0.00691
DFT_1068,Ti30Hf25Mo30W15,3.036051,172.27,0.99986,-0.02795
DFT_1069,Ti30Hf25Nb10Ta20Mo5W10,3.092166,158.55,0.99993,-0.01283
DFT_1070,Ti30Hf25Nb30Mo15,3.084682,148.04,0.99966,-0.01832
DFT_1071,Ti30Hf25V15Nb5Mo25,3.029468,151.93,0.99976,-0.02203
DFT_1072,Ti30Hf25V30W15,3.014600,147.07,0.99973,-0.01640
DFT_1073,Ti30Hf35V25Mo10,3.051956,139.16,0.99952,-0.01954
DFT_1074,Ti30Hf40Ta20W10,3.126779,152.35,0.99978,-0.02122
DFT_1075,Ti30Zr5V5Nb35W25,3.025649,164.63,0.99994,-0.00985
DFT_1076,Ti30Zr5Hf5Nb5Ta30Mo25,3.047008,161.92,0.99999,-0.00799
DFT_1077,Ti30Zr5Hf30V5Mo5W25,3.072218,160.77,0.99978,-0.02828
DFT_1078,Ti30Zr10Hf10Nb50,3.107267,130.20,0.99998,-0.00873
DFT_1079,Ti30Zr10Hf15V10Nb30Ta5,3.095033,123.38,0.99997,-0.00797
DFT_1080,Ti30Zr15Nb15Ta25W15,3.078827,149.53,0.99991,-0.00917
DFT_1081,Ti30Zr15Nb40W15,3.073539,143.52,0.99991,-0.01446
DFT_1082,Ti30Zr15Hf40V15,3.142208,117.16,0.99967,-0.02229
DFT_1083,Ti30Zr20Ta35W15,3.091483,146.76,0.99991,-0.01052
DFT_1084,Ti30Zr20Nb35Ta5W10,3.093820,134.64,0.99989,-0.01418
DFT_1085,Ti30Zr20V15Ta20Mo15,3.047915,136.28,0.99992,-0.01359
DFT_1086,Ti30Zr20Hf25V10Nb15,3.136227,118.41,0.99994,-0.01877
DFT_1087,Ti30Zr25Nb10Mo30W5,3.055499,142.45,0.99999,-0.03050
DFT_1088,Ti30Zr25V10Ta25W10,3.085907,132.75,0.99991,-0.01109
DFT_1089,Ti30Zr25V20Nb5Ta5Mo15,3.041390,127.55,0.99993,-0.02161
DFT_1090,Ti30Zr30Nb20Ta20,3.138589,117.17,0.99991,-0.00941
DFT_1091,Ti30Zr30V10Nb15Mo15,3.078572,122.15,0.99996,-0.02343
DFT_1092,Ti30Zr30Hf5Nb15Ta20,3.148249,118.79,0.99986,-0.01175
DFT_1093,Ti30Zr30Hf25Mo15,3.152331,114.63,0.99934,-0.03467
DFT_1094,Ti30Zr40V5Nb20W5,3.138325,110.23,0.99988,-0.01917
DFT_1095,Ti30Zr40V15W15,3.094541,118.11,0.99993,-0.02596
DFT_1096,Ti35Nb25Mo10W30,3.001098,181.09,0.99998,-0.01190
DFT_1097,Ti35Nb25Ta35W5,3.062856,153.51,0.99992,+0.00586
DFT_1098,Ti35V5Nb5Ta5Mo30W20,2.970428,188.27,0.99996,-0.01407
DFT_1099,Ti35V20Nb20Mo10W15,2.970061,164.03,1.00000,-0.01094
DFT_1100,Ti35Hf5Ta35Mo20W5,3.036464,166.06,0.99996,+0.00431
DFT_1101,Ti35Hf5V5Ta40W15,3.046600,162.79,0.99998,+0.00210
DFT_1102,Ti35Hf10V10Nb20Mo25,3.010351,152.92,0.99998,-0.01665
DFT_1103,Ti35Hf10V10Nb35W10,3.041543,145.79,0.99980,-0.00846
DFT_1104,Ti35Hf20Mo15W30,3.028591,175.96,0.99988,-0.02541
DFT_1105,Ti35Hf20V20Nb25,3.051865,131.74,0.99957,-0.00913
DFT_1106,Ti35Hf40V5Mo5W15,3.093077,152.44,0.99977,-0.02842
DFT_1107,Ti35Hf40V5Nb5Ta5Mo10,3.109240,140.96,0.99984,-0.02326
DFT_1108,Ti35Hf40V10W15,3.091023,147.88,0.99973,-0.02498
DFT_1109,Ti35Zr5V35Nb20Ta5,2.979434,134.35,0.99994,-0.01007
DFT_1110,Ti35Zr5Hf5V40Nb10Ta5,2.975113,132.10,0.99992,-0.01389
DFT_1111,Ti35Zr5Hf20Ta25W15,3.093635,154.48,0.99994,-0.01336
DFT_1112,Ti35Zr5Hf40V15Mo5,3.105926,130.40,0.99988,-0.02257
DFT_1113,Ti35Zr10Nb25Mo30,3.028411,149.94,1.00000,-0.02059
DFT_1114,Ti35Zr10Hf25Ta30,3.138314,129.56,0.99955,+0.01482
DFT_1115,Ti35Zr15Nb10Ta40,3.105185,133.55,0.99986,+0.00019
DFT_1116,Ti35Zr15Nb25Ta10Mo15,3.069876,136.62,0.99999,-0.01412
DFT_1117,Ti35Zr15Hf5V25Ta20,3.049741,118.63,0.99998,+0.03968
DFT_1118,Ti35Zr20Hf20Ta15Mo10,3.131433,129.19,1.00000,-0.02157
DFT_1119,Ti35Zr25Nb5Ta10W25,3.079144,143.80,0.99996,-0.02386
DFT_1120,Ti35Zr25Hf15Nb25,3.151050,114.16,0.99995,-0.01795
DFT_1121,Ti35Zr30Mo5W30,3.070577,145.07,0.99998,-0.03342
DFT_1122,Ti40Ta5Mo30W25,2.972895,192.34,0.99997,-0.01710
DFT_1123,Ti40Ta25Mo15W20,3.009272,176.45,0.99996,-0.00773
DFT_1124,Ti40Nb5Ta5Mo20W30,2.982714,189.50,0.99996,-0.01529
DFT_1125,Ti40Nb20Ta5Mo25W10,3.000370,168.69,0.99997,-0.01463
DFT_1126,Ti40Nb25Ta15W20,3.032649,162.53,0.99997,-0.00535
DFT_1127,Ti40Nb45Ta10Mo5,3.053908,142.05,1.00000,-0.00109
DFT_1128,Ti40V5Ta25Mo30,2.998420,165.54,0.99997,-0.00908
DFT_1129,Ti40V5Ta45Mo10,3.040030,153.84,0.99998,+0.00453
DFT_1130,Ti40V5Nb25Ta15W15,3.028034,156.81,0.99995,-0.00347
DFT_1131,Ti40V5Nb35Ta10Mo5W5,3.032748,147.85,0.99991,-0.00375
DFT_1132,Ti40V5Nb40Ta5Mo10,3.029641,144.69,0.99991,-0.00586
DFT_1133,Ti40V15Ta20Mo10W15,2.985846,165.41,0.99997,-0.00665
DFT_1134,Ti40V15Ta25W20,2.998366,163.90,0.99996,-0.00213
DFT_1135,Ti40V15Nb20Ta25,3.028658,140.51,0.99990,+0.00416
DFT_1136,Ti40V15Nb35W10,3.005757,146.81,0.99999,-0.00674
DFT_1137,Ti40V20Ta25Mo15,2.986172,153.74,0.99997,-0.00483
DFT_1138,Ti40V20Nb20Ta15Mo5,3.002116,142.83,0.99994,-0.00288
DFT_1139,Ti40V20Nb25Mo15,2.977528,147.81,0.99999,-0.01347
DFT_1140,Ti40V25Mo20W15,2.933672,170.68,1.00000,-0.01983
DFT_1141,Ti40V35Ta10Mo5W10,2.942638,154.92,1.00000,-0.01286
DFT_1142,Ti40V40Nb5W15,2.925969,155.26,1.00000,-0.01803
DFT_1143,Ti40Hf5Nb10Ta15W30,3.027969,172.14,0.99998,-0.01003
DFT_1144,Ti40Hf15Ta30Mo15,3.069072,148.59,1.00000,+0.03684
DFT_1145,Ti40Hf15Nb10Mo20W15,3.028852,162.51,0.99989,-0.02315
DFT_1146,Ti40Hf15Nb25W20,3.057472,153.97,0.99983,-0.01653
DFT_1147,Ti40Hf15Nb30Ta15,3.093366,135.06,0.99973,+0.00438
DFT_1148,Ti40Hf15V15W30,3.005467,162.74,0.99990,-0.01903
DFT_1149,Ti40Hf15V40Nb5,2.980310,129.59,0.99984,-0.01769
DFT_1150,Ti40Hf20Nb5Ta25Mo10,3.086728,148.01,0.99996,+0.01776
DFT_1151,Ti40Hf20V20Ta10W10,3.035742,140.94,0.99968,-0.01226
DFT_1152,Ti40Hf25Nb15Ta5W15,3.085073,148.20,0.99971,-0.01893
DFT_1153,Ti40Hf25V20Ta15,3.064454,129.22,0.99974,-0.00755
DFT_1154,Ti40Hf30Mo15W15,3.065628,157.65,0.99988,-0.02937
DFT_1155,Ti40Hf30Ta5Mo20W5,3.073213,151.75,0.99978,-0.02679
DFT_1156,Ti40Hf35Nb20Ta5,3.128962,133.09,0.99983,-0.01704
DFT_1157,Ti40Hf40Nb5Ta10Mo5,3.129508,136.40,0.99989,-0.02149
DFT_1158,Ti40Hf40V5Mo15,3.096480,140.37,0.99987,-0.02802
DFT_1159,Ti40Zr5Nb15Ta30Mo10,3.059363,145.57,0.99989,-0.00264
DFT_1160,Ti40Zr5V5Ta20Mo30,3.007668,157.81,1.00000,+0.03013
DFT_1161,Ti40Zr5V40Mo15,2.926821,143.88,1.00000,-0.02818
DFT_1162,Ti40Zr5Hf5Nb5Ta15W30,3.037449,166.03,0.99992,-0.01455
DFT_1163,Ti40Zr5Hf5V15Ta30Mo5,3.041964,135.71,0.99994,+0.04275
DFT_1164,Ti40Zr5Hf5V40Mo10,2.948186,135.37,1.00000,+0.00015
DFT_1165,Ti40Zr5Hf10V10Nb5Mo30,3.008033,147.62,1.00000,-0.02497
DFT_1166,Ti40Zr5Hf20Ta5W30,3.062933,159.89,0.99984,-0.02507
DFT_1167,Ti40Zr5Hf20Nb25Mo10,3.092122,137.68,0.99997,-0.01788
DFT_1168,Ti40Zr5Hf20V30Nb5,3.033258,124.62,0.99969,-0.01574
DFT_1169,Ti40Zr10Ta5Mo30W15,3.004536,166.83,0.99999,-0.02546
DFT_1170,Ti40Zr10V15Nb10W25,3.004000,153.59,0.99997,-0.01850
DFT_1171,Ti40Zr10V20Mo25W5,2.971940,150.97,0.99998,-0.02706
DFT_1172,Ti40Zr10V20Mo30,2.969477,149.12,0.99999,-0.02852
DFT_1173,Ti40Zr10Hf5V10Ta35,3.077919,127.79,0.99999,+0.03813
DFT_1174,Ti40Zr15Mo30W15,3.013183,159.95,0.99999,-0.03082
DFT_1175,Ti40Zr15Ta15W30,3.048550,157.74,0.99996,-0.01945
DFT_1176,Ti40Zr15V15Ta30,3.064642,126.75,0.99988,-0.00186
DFT_1177,Ti40Zr15V15Nb25W5,3.046761,125.41,0.99995,-0.01374
DFT_1178,Ti40Zr15V15Nb30,3.055432,119.98,0.99991,-0.01107
DFT_1179,Ti40Zr15V25W20,2.994774,142.39,0.99996,-0.02273
DFT_1180,Ti40Zr15Hf5Mo15W25,3.035020,158.00,0.99996,-0.02998
DFT_1181,Ti40Zr15Hf15Mo30,3.065035,140.37,0.99992,-0.03296
DFT_1182,Ti40Zr15Hf15Nb5Mo25,3.074722,136.89,0.99992,-0.03028
DFT_1183,Ti40Zr20Hf5Nb10Mo10W15,3.070632,139.03,0.99994,-0.02737
DFT_1184,Ti40Zr20Hf15V15Mo10,3.079095,113.48,0.99982,+0.00368
DFT_1185,Ti40Zr20Hf15V25,3.073557,113.64,0.99984,-0.01794
DFT_1186,Ti40Zr20Hf20Nb5W15,3.119348,130.04,0.99998,-0.02865
DFT_1187,Ti40Zr20Hf25W15,3.129012,128.62,0.99993,-0.03099
DFT_1188,Ti40Zr20Hf35Ta5,3.178354,105.33,0.99633,-0.02365
DFT_1189,Ti40Zr25Ta10Mo15W10,3.072988,135.50,0.99996,-0.02601
DFT_1190,Ti40Zr25Hf10Nb20Mo5,3.129153,115.25,0.99995,-0.01985
DFT_1191,Ti40Zr30Ta15Mo15,3.103456,121.76,0.99992,-0.02154
DFT_1192,Ti40Zr30Nb15W15,3.103640,123.69,0.99994,-0.02436
DFT_1193,Ti40Zr30V10Ta15Mo5,3.099853,113.90,0.99987,-0.01415
DFT_1194,Ti40Zr30V10Nb5W15,3.078634,122.36,0.99993,-0.02437
DFT_1195,Ti40Zr35Hf10V5Nb5Ta5,3.155546,103.49,0.99997,-0.01595
DFT_1196,Ti40Zr40V15Nb5,3.120905,99.23,0.99985,-0.01559
DFT_1197,Ti40Zr40Hf10V5Nb5,3.168723,97.45,0.99996,-0.01678
DFT_1198,Ti40Zr40Hf15Ta5,3.192468,94.21,0.99931,-0.01753
DFT_1199,V2Nb36Ta48W14,3.063135,185.97,0.99999,+0.01493
DFT_1200,V12Nb34Ta26Mo28,3.011946,185.48,1.00000,+0.01115
DFT_1201,V16Nb34Ta42W8,3.040119,177.52,0.99999,+0.01972
DFT_1202,V18Nb24Ta46Mo12,3.027949,178.66,0.99998,+0.01975
DFT_1203,V34Ta36Mo2W28,2.969231,209.57,0.99999,+0.02063
DFT_1204,Hf6V32Nb46Ta16,3.019781,155.42,0.99983,+0.01538
DFT_1205,Hf8Nb36Mo26W30,3.015746,205.57,0.99999,+0.02528
DFT_1206,Hf8V30Nb28Ta34,3.033544,163.83,0.99996,+0.01934
DFT_1207,Hf10V26Ta46Mo18,3.018786,175.98,0.99999,+0.01499
DFT_1208,Hf10V32Ta24Mo10W24,2.981090,196.82,0.99993,+0.00989
DFT_1209,Hf12Nb14Ta50Mo18W6,3.071789,181.78,0.99997,+0.00539
DFT_1210,Hf12Nb28Ta36Mo24,3.067303,177.94,0.99997,+0.00210
DFT_1211,Hf12Nb28Ta50Mo10,3.092625,169.56,0.99996,+0.01680
DFT_1212,Hf12V18Nb40Mo30,3.009861,173.03,0.99996,-0.00194
DFT_1213,Hf12V20Ta50Mo8W10,3.039960,176.66,0.99994,+0.01436
DFT_1214,Hf12V20Nb30Ta16Mo6W16,3.026832,176.98,0.99995,+0.00563
DFT_1215,Hf12V34Nb16Ta16W22,2.995915,178.83,0.99996,+0.00852
DFT_1216,Hf12V38Nb16Ta10Mo12W12,2.976671,175.53,0.99995,+0.00407
DFT_1217,Hf14V24Nb32Ta16Mo14,3.030558,168.27,0.99999,+0.00656
DFT_1218,Hf16V12Nb18Ta40W14,3.069384,173.44,0.99985,+0.00778
DFT_1219,Hf16V14Nb22Ta48,3.087080,163.53,0.99983,+0.01368
DFT_1220,Hf18V18Nb22Ta32Mo10,3.061723,164.17,0.99980,+0.00752
DFT_1221,Hf18V28Nb14Ta40,3.059007,163.14,0.99998,+0.01581
DFT_1222,Hf20Nb38Ta14Mo20W8,3.073367,169.02,0.99996,+0.01986
DFT_1223,Hf20V36Nb16Ta12Mo16,3.006613,161.51,0.99979,+0.00101
DFT_1224,Hf22V6Nb38Ta34,3.111988,160.83,0.99947,+0.00419
DFT_1225,Hf22V34Nb34Mo10,3.022804,153.39,0.99969,-0.00100
DFT_1226,Hf24Nb20Ta14Mo12W30,3.063907,185.08,0.99999,-0.01089
DFT_1227,Hf26Nb4Ta50Mo20,3.100398,171.81,0.99992,-0.00400
DFT_1228,Hf26V22Ta28W24,3.049566,178.93,0.99989,+0.00097
DFT_1229,Hf26V24Ta40Mo10,3.064189,161.94,0.99975,+0.00579
DFT_1230,Hf26V28Ta18Mo24W4,3.020516,172.25,0.99993,-0.00348
DFT_1231,Hf28Nb16Ta30W26,3.095549,183.58,0.99962,-0.01045
DFT_1232,Hf28Nb48Ta12W12,3.112622,170.01,0.99968,-0.01018
DFT_1233,Hf28V12Nb50W10,3.088781,160.35,0.99940,-0.00642
DFT_1234,Hf28V18Nb24Mo30,3.038460,168.40,0.99973,-0.01174
DFT_1235,Hf30Nb20Ta28Mo12W10,3.102537,176.24,0.99993,-0.01066
DFT_1236,Hf32V10Ta12Mo20W26,3.048015,185.91,0.99983,-0.01459
DFT_1237,Hf32V22Nb12Mo22W12,3.033192,172.53,0.99976,-0.01341
DFT_1238,Hf34Ta18Mo30W18,3.068972,182.74,0.99996,-0.01903
DFT_1239,Hf34V14Nb12Ta40,3.117577,163.41,0.99970,+0.00098
DFT_1240,Hf34V36Mo22W8,3.007883,166.49,0.99976,-0.01332
DFT_1241,Hf36V26Nb16Mo2W20,3.053538,166.43,0.99956,-0.01106
DFT_1242,Hf38Nb30Ta12Mo20,3.117059,179.07,0.99999,-0.01614
DFT_1243,Hf38Nb46Ta14W2,3.144158,160.80,0.99940,-0.01464
DFT_1244,Hf40Nb14Ta34Mo12,3.133383,171.10,0.99944,-0.01582
DFT_1245,Hf40Nb22Ta14W24,3.115323,180.91,0.99959,-0.02188
DFT_1246,Hf40V32Nb24Mo4,3.072231,147.65,0.99919,-0.00817
DFT_1247,Zr2Nb50Ta26Mo22,3.051373,182.82,0.99992,+0.00657
DFT_1248,Zr4V14Nb12Ta34Mo16W20,3.010986,198.01,0.99989,+0.01119
DFT_1249,Zr4V36Nb46Mo14,2.976307,165.31,0.99998,+0.00471
DFT_1250,Zr8Nb38Ta28Mo14W12,3.059479,182.51,0.99998,+0.00108
DFT_1251,Zr8Nb38Ta40Mo14,3.078051,172.94,0.99993,+0.00525
DFT_1252,Zr8Nb44Ta38W10,3.086203,172.25,0.99996,+0.00580
DFT_1253,Zr8V12Nb18Ta36Mo26,3.032140,178.40,0.99997,+0.00614
DFT_1254,Zr8V34Nb34Mo12W12,2.976711,173.09,0.99993,+0.00051
DFT_1255,Zr8Hf16Nb50Mo26,3.080504,162.66,0.99978,-0.01390
DFT_1256,Zr10V26Nb50W14,3.018593,162.59,0.99990,+0.00239
DFT_1257,Zr10V30Nb16Ta14Mo30,2.980370,174.51,0.99996,-0.00063
DFT_1258,Zr10V36Ta32W22,2.992066,179.22,0.99998,+0.01047
DFT_1259,Zr10Hf16V32Ta42,3.066715,153.69,0.99998,+0.01921
DFT_1260,Zr10Hf30Nb22Mo8W30,3.095087,172.34,0.99992,-0.02771
DFT_1261,Zr10Hf32V8Ta36Mo14,3.122094,165.92,0.99991,-0.01311
DFT_1262,Zr12Nb22Ta46W20,3.081104,179.10,0.99996,+0.00150
DFT_1263,Zr12V16Nb34Ta16Mo22,3.032796,166.46,0.99991,-0.00000
DFT_1264,Zr12V38Ta40W10,3.009531,164.17,0.99993,+0.01293
DFT_1265,Zr12Hf16V38Nb24W10,3.029134,147.75,0.99977,-0.00587
DFT_1266,Zr12Hf24Ta32Mo30W2,3.098336,172.32,0.99996,-0.01846
DFT_1267,Zr12Hf28V22Mo20W18,3.044395,169.21,0.99977,-0.02181
DFT_1268,Zr12Hf30V10Nb20Ta28,3.141383,153.79,0.99998,-0.00922
DFT_1269,Zr12Hf36Nb26Mo14W12,3.124416,166.76,0.99984,-0.03158
DFT_1270,Zr12Hf38V10Nb18Mo22,3.111427,156.80,0.99978,-0.02757
DFT_1271,Zr12Hf40V32Ta16,3.110067,143.70,0.99988,-0.00953
DFT_1272,Zr14Nb48Ta26Mo12,3.091502,160.39,0.99984,-0.00090
DFT_1273,Zr14V18Nb14Ta24W30,3.029486,182.22,0.99995,+0.00129
DFT_1274,Zr14V20Ta42W24,3.036925,178.69,0.99997,+0.00653
DFT_1275,Zr14V24Nb32W30,3.009846,176.83,0.99994,-0.00335
DFT_1276,Zr14Hf6Nb36Ta44,3.126519,158.68,0.99991,+0.00292
DFT_1277,Zr14Hf14Nb36Mo22W14,3.075426,166.86,0.99997,-0.01977
DFT_1278,Zr14Hf14V28Nb18W26,3.031397,164.40,0.99985,-0.01020
DFT_1279,Zr14Hf22Nb42W22,3.113388,162.62,0.99967,-0.02221
DFT_1280,Zr14Hf22V22Nb42,3.099340,138.61,0.99951,-0.00766
DFT_1281,Zr14Hf24V18Mo14W30,3.044111,173.72,0.99986,-0.02209
DFT_1282,Zr14Hf26V20Ta30Mo10,3.099813,155.07,0.99981,-0.01739
DFT_1283,Zr14Hf28V12Nb6Ta22W18,3.108112,163.64,0.99976,-0.01669
DFT_1284,Zr14Hf32V28Ta12Mo14,3.081007,148.62,0.99946,-0.01539
DFT_1285,Zr16Nb50Ta14W20,3.083668,169.69,0.99991,-0.00713
DFT_1286,Zr16V22Nb32Ta12W18,3.037610,163.45,0.99994,-0.00059
DFT_1287,Zr16V28Nb16Ta26W14,3.032579,161.06,0.99990,+0.00458
DFT_1288,Zr16V38Ta28Mo18,2.995958,160.05,0.99990,+0.00136
DFT_1289,Zr16Hf6V10Nb32Ta36,3.108786,151.56,0.99989,+0.00459
DFT_1290,Zr16Hf8Nb18Ta34Mo16W8,3.092486,167.06,0.99993,-0.00951
DFT_1291,Zr16Hf12Ta46Mo26,3.096927,168.90,0.99996,-0.01027
DFT_1292,Zr16Hf14V18Ta38W14,3.086363,167.75,1.00000,-0.02135
DFT_1293,Zr16Hf18Nb16Ta28Mo22,3.111037,159.41,0.99976,-0.01616
DFT_1294,Zr16Hf36Ta20Mo28,3.130884,166.48,0.99999,-0.03112
DFT_1295,Zr16Hf40V26Nb16W2,3.124463,136.90,0.99979,-0.01894
DFT_1296,Zr18V34Nb18Mo20W10,2.985437,164.63,1.00000,-0.00996
DFT_1297,Zr18Hf10V10Nb12Ta50,3.122306,155.23,0.99998,-0.00673
DFT_1298,Zr18Hf10V36Ta18W18,3.028353,155.06,0.99984,+0.03968
DFT_1299,Zr18Hf28V6Nb48,3.153590,139.11,0.99992,-0.01901
DFT_1300,Zr18Hf30Mo30W22,3.086188,173.02,0.99989,-0.03781
DFT_1301,Zr18Hf30Nb12Mo30W10,3.102987,162.65,0.99985,-0.03541
DFT_1302,Zr18Hf36Ta22W24,3.145111,171.63,0.99999,-0.03289
DFT_1303,Zr18Hf38Nb34Ta10,3.183704,134.72,0.99895,-0.02790
DFT_1304,Zr18Hf40V12Nb16W14,3.139264,150.00,0.99992,-0.03034
DFT_1305,Zr20Hf14Ta44W22,3.117569,170.97,0.99982,-0.01563
DFT_1306,Zr20Hf24V16Nb14Mo24W2,3.083266,152.13,0.99975,-0.02433
DFT_1307,Zr22V12Nb28Mo20W18,3.036666,170.45,0.99996,-0.01533
DFT_1308,Zr22Hf12V28Mo22W16,3.019694,162.98,0.99992,-0.02071
DFT_1309,Zr22Hf16V6Nb20Ta28Mo8,3.131230,147.91,0.99970,-0.01257
DFT_1310,Zr22Hf20Nb20Ta38,3.165067,147.20,0.99977,-0.01453
DFT_1311,Zr24V6Nb38Ta18W14,3.097099,153.84,0.99983,-0.00830
DFT_1312,Zr24Hf16V10Nb26Mo14W10,3.095976,152.10,0.99979,-0.02302
DFT_1313,Zr24Hf18V26Mo28W4,3.046456,151.79,0.99983,-0.02494
DFT_1314,Zr26Nb40Ta20Mo14,3.111754,147.83,0.99984,-0.01145
DFT_1315,Zr26V10Nb20Ta32Mo12,3.096066,148.06,0.99986,-0.00493
DFT_1316,Zr26V16Nb36Mo16W6,3.058864,148.66,0.99991,-0.01434
DFT_1317,Zr26V28Ta36Mo10,3.059013,145.64,0.99991,+0.00021
DFT_1318,Zr26Hf8Ta20Mo16W30,3.078742,174.78,0.99998,-0.02486
DFT_1319,Zr26Hf10Ta16Mo30W18,3.075800,170.49,0.99997,-0.02740
DFT_1320,Zr26Hf18V4Ta22W30,3.113500,165.29,0.99982,-0.02650
DFT_1321,Zr26Hf30V10Ta24W10,3.153023,146.29,0.99993,-0.02478
DFT_1322,Zr28Nb6Ta38W28,3.099490,170.73,0.99995,-0.01531
DFT_1323,Zr28Nb34Mo14W24,3.076422,167.71,0.99996,-0.02358
DFT_1324,Zr28V2Ta50Mo20,3.105991,157.65,0.99989,-0.00941
DFT_1325,Zr28V34Mo28W10,2.991193,158.94,1.00000,-0.02101
DFT_1326,Zr28Hf10V26Nb2Ta34,3.105281,135.01,0.99970,-0.00212
DFT_1327,Zr28Hf20V40Mo12,3.058870,131.97,0.99975,-0.02073
DFT_1328,Zr28Hf28Nb22Ta12Mo10,3.170770,136.65,0.99969,-0.03083
DFT_1329,Zr28Hf30V10Nb20Mo12,3.148650,133.98,0.99984,-0.02995
DFT_1330,Zr30Hf6V28Nb12Ta12W12,3.073174,140.43,0.99984,-0.01083
DFT_1331,Zr30Hf8Nb8Ta34Mo20,3.126186,151.76,0.99985,-0.01901
DFT_1332,Zr30Hf12V10Nb48,3.142963,129.33,0.99982,-0.01484
DFT_1333,Zr32V12Nb44W12,3.100577,138.91,0.99985,-0.01462
DFT_1334,Zr32V28Nb12Mo18W10,3.032324,147.63,0.99994,-0.02008
DFT_1335,Zr32Hf26V12Mo30,3.113387,143.55,0.99996,-0.03661
DFT_1336,Zr34Nb22Ta16Mo10W18,3.106551,156.40,0.99993,-0.02305
DFT_1337,Zr34Hf38V8Nb20,3.203918,101.36,0.99281,-0.03248
DFT_1338,Zr36Hf16Nb14Mo10W24,3.127230,154.42,0.99989,-0.03917
DFT_1339,Zr36Hf20Nb24W20,3.157438,143.27,0.99995,-0.03736
DFT_1340,Zr38V24Nb28Mo10,3.086312,126.00,0.99992,-0.01609
DFT_1341,Zr38V28Ta26W8,3.088786,133.54,0.99984,-0.00801
DFT_1342,Zr38Hf12Nb22Mo28,3.130811,139.96,0.99989,-0.03519
DFT_1343,Zr40Nb16Ta34Mo8W2,3.151318,138.26,0.99991,-0.01708
DFT_1344,Zr40Nb20Mo28W12,3.094800,152.06,0.99996,-0.03360
DFT_1345,Zr40V4Nb28Ta16W12,3.138353,138.05,0.99991,-0.01925
DFT_1346,Zr40V16Nb40Ta4,3.130597,120.96,0.99981,-0.01140
DFT_1347,Zr40V34Ta14Mo12,3.065814,129.27,0.99998,-0.01439
DFT_1348,Zr40V36Nb14W10,3.063381,126.34,0.99994,-0.01662
DFT_1349,Zr40Hf10V28W22,3.084046,138.60,0.99988,-0.02555
DFT_1350,Zr40Hf14Nb8Ta18W20,3.157971,145.93,0.99999,-0.03363
DFT_1351,Zr40Hf16Nb10Mo22W12,3.133571,146.70,0.99992,-0.04163
DFT_1352,Zr40Hf20V14Ta10Mo16,3.143204,129.25,0.99995,-0.02940
DFT_1353,Zr40Hf22Ta22Mo14W2,3.175597,128.49,0.99972,-0.03720
DFT_1354,Ti2Hf10V40Nb14Ta10Mo24,2.960744,172.83,0.99997,+0.00074
DFT_1355,Ti2Zr22Hf26Ta50,3.176804,148.40,0.99999,-0.01680
DFT_1356,Ti2Zr40V22Nb14W22,3.077974,139.12,0.99989,-0.02223
DFT_1357,Ti4Nb22Ta50Mo24,3.047545,185.01,0.99997,+0.01195
DFT_1358,Ti4V10Nb34Ta20Mo12W20,3.013097,191.26,0.99997,+0.00970
DFT_1359,Ti4Hf18Nb10Ta34Mo10W24,3.066527,181.75,0.99999,-0.00307
DFT_1360,Ti4Hf22Ta38Mo26W10,3.067141,184.13,0.99994,-0.00646
DFT_1361,Ti4Zr10V14Ta34Mo30W8,3.012053,184.70,0.99995,+0.00145
DFT_1362,Ti4Zr22Hf22Ta24Mo10W18,3.120455,165.01,0.99985,-0.02755
DFT_1363,Ti6Hf38Nb22Ta34,3.147972,162.56,0.99994,-0.01203
DFT_1364,Ti6Zr36Nb10Ta36W12,3.138863,143.59,0.99989,-0.01634
DFT_1365,Ti8Zr8V26Ta34Mo24,2.996540,171.47,0.99997,+0.00434
DFT_1366,Ti8Zr22Hf32Mo10W28,3.117364,166.05,0.99996,-0.04184
DFT_1367,Ti8Zr24Ta38Mo30,3.079852,161.00,0.99996,-0.01375
DFT_1368,Ti8Zr32Ta6Mo30W24,3.055610,170.78,0.99999,-0.03159
DFT_1369,Ti10V26Nb40Ta6Mo18,2.981844,169.41,1.00000,+0.00404
DFT_1370,Ti10V28Nb18Ta44,3.019164,162.69,0.99999,+0.02116
DFT_1371,Ti10Hf12Nb22Ta32W24,3.067645,178.09,0.99995,+0.00857
DFT_1372,Ti10Hf12Nb30Ta44W4,3.098344,165.79,0.99981,+0.00634
DFT_1373,Ti10Hf16Nb36Mo14W24,3.046167,180.45,0.99994,-0.01183
DFT_1374,Ti10Hf16V24Ta12Mo20W18,2.991405,181.65,0.99995,-0.00539
DFT_1375,Ti10Hf18V6Ta50W16,3.080020,175.41,0.99980,-0.00649
DFT_1376,Ti10Hf24V14Ta22Mo20W10,3.042593,171.96,0.99980,-0.00801
DFT_1377,Ti10Hf26V38Mo4W22,2.992596,165.63,0.99984,-0.01080
DFT_1378,Ti10Hf30Ta34W26,3.095229,180.06,0.99955,-0.01357
DFT_1379,Ti10Zr8V38Nb14Mo30,2.941350,168.76,1.00000,-0.01205
DFT_1380,Ti10Zr10V30Mo26W24,2.945487,192.41,0.99998,-0.01031
DFT_1381,Ti10Zr12V30Nb38Ta10,3.029973,140.70,0.99998,+0.00337
DFT_1382,Ti10Zr16V16Nb18Ta12Mo28,3.023101,159.52,0.99995,-0.01050
DFT_1383,Ti10Zr20Hf16V10Mo30W14,3.049329,162.03,0.99989,-0.02927
DFT_1384,Ti12Nb30Ta36W22,3.049338,183.62,0.99998,+0.00814
DFT_1385,Ti12Nb34Ta36Mo18,3.049891,175.44,0.99997,+0.00749
DFT_1386,Ti12V14Nb26Ta32W16,3.025674,175.90,0.99998,+0.01227
DFT_1387,Ti12V20Nb46Mo10W12,2.991443,174.01,0.99996,+0.00224
DFT_1388,Ti12Hf6V16Nb26Mo12W28,2.989108,188.96,0.99996,-0.00249
DFT_1389,Ti12Hf10V40Mo10W28,2.938418,184.62,1.00000,-0.00558
DFT_1390,Ti12Hf18Nb30Ta28Mo12,3.090892,164.38,0.99994,-0.00311
DFT_1391,Ti12Hf24Nb26Ta14W24,3.083850,173.95,0.99974,-0.01255
DFT_1392,Ti12Hf28V32Nb18Mo10,3.031093,147.00,0.99953,-0.00971
DFT_1393,Ti12Hf36Ta22Mo30,3.091837,174.77,0.99993,-0.02016
DFT_1394,Ti12Hf40Nb20W28,3.102631,176.34,0.99964,-0.02737
DFT_1395,Ti12Hf40V14Nb20Mo14,3.090029,153.34,0.99954,-0.01897
DFT_1396,Ti12Zr4V16Ta42W26,3.017907,186.27,0.99991,+0.01031
DFT_1397,Ti12Zr8V30Nb34W16,2.993279,160.34,0.99992,-0.00252
DFT_1398,Ti12Zr12V16Nb32Ta18W10,3.050400,153.68,0.99988,+0.00120
DFT_1399,Ti12Zr14Nb34Ta32W8,3.096525,155.46,0.99986,-0.00068
DFT_1400,Ti12Zr14Hf12Nb28Ta34,3.131730,148.14,0.99990,-0.00387
DFT_1401,Ti12Zr16Hf16Nb42W14,3.114469,149.96,0.99979,-0.01953
DFT_1402,Ti12Zr18Hf24Ta34Mo12,3.139045,149.63,0.99992,-0.01976
DFT_1403,Ti12Zr20V30Ta14Mo24,3.001238,151.06,0.99995,-0.01376
DFT_1404,Ti12Zr22V12Nb20Ta34,3.100376,137.39,0.99988,+0.00118
DFT_1405,Ti12Zr24V8Nb44Mo12,3.084613,135.33,0.99997,-0.01339
DFT_1406,Ti12Zr26Nb48W14,3.106509,142.10,0.99991,-0.01709
DFT_1407,Ti12Zr26V6Nb26W30,3.068371,158.07,0.99995,-0.02103
DFT_1408,Ti12Zr26Hf20V38W4,3.070279,123.45,0.99972,-0.01832
DFT_1409,Ti12Zr30Ta12Mo16W30,3.065134,168.69,0.99998,-0.02807
DFT_1410,Ti12Zr30Nb30Ta16Mo12,3.119198,136.00,0.99989,-0.01560
DFT_1411,Ti12Zr30V14Ta14W30,3.061278,156.61,0.99994,-0.01932
DFT_1412,Ti12Zr32Hf10V18Ta8W20,3.089494,140.53,0.99989,-0.02271
DFT_1413,Ti14V4Nb50Ta32,3.071040,158.95,0.99981,+0.01384
DFT_1414,Ti14V30Nb18Mo28W10,2.936853,186.29,1.00000,-0.00415
DFT_1415,Ti14V40Ta32W14,2.963005,172.85,0.99998,+0.01261
DFT_1416,Ti14Hf6V40Ta40,3.019562,166.72,1.00000,+0.03796
DFT_1417,Ti14Hf10Nb50Ta14Mo12,3.073357,160.11,0.99983,-0.00104
DFT_1418,Ti14Hf10V28Ta24Mo12W12,2.992441,173.81,0.99996,+0.00244
DFT_1419,Ti14Hf12Nb14Ta36Mo24,3.060513,171.96,0.99994,-0.00189
DFT_1420,Ti14Hf12Nb18Ta22Mo18W16,3.045945,178.63,0.99996,-0.00566
DFT_1421,Ti14Hf18V24Ta44,3.060620,149.03,0.99979,+0.02792
DFT_1422,Ti14Hf18V26Ta24Mo18,3.018474,160.68,0.99991,+0.02464
DFT_1423,Ti14Hf18V36Mo16W16,2.966436,170.83,0.99991,-0.01236
DFT_1424,Ti14Hf20V14Mo22W30,2.998350,191.08,0.99987,-0.01505
DFT_1425,Ti14Hf24V8Ta34Mo20,3.070685,164.21,0.99972,-0.00612
DFT_1426,Ti14Hf38Mo28W20,3.064351,178.40,0.99974,-0.03085
DFT_1427,Ti14Zr6Nb48Mo24W8,3.032194,172.88,0.99996,-0.00861
DFT_1428,Ti14Zr8V16Nb12Mo20W30,2.976547,193.14,0.99998,-0.00905
DFT_1429,Ti14Zr10V18Nb32Mo16W10,3.006998,163.18,0.99995,-0.00880
DFT_1430,Ti14Zr14V34Nb4Ta14W20,2.992192,160.87,0.99994,-0.00521
DFT_1431,Ti14Zr14Hf22Nb50,3.142917,136.24,0.99987,-0.01628
DFT_1432,Ti14Zr18Nb36Ta12Mo20,3.077204,150.20,0.99986,-0.01240
DFT_1433,Ti14Zr20Hf40Mo4W22,3.143265,147.88,0.99962,-0.04393
DFT_1434,Ti14Zr22Nb18Ta30W16,3.099344,154.51,0.99992,-0.01026
DFT_1435,Ti14Zr26Hf8Ta34W18,3.120846,155.50,1.00000,-0.01675
DFT_1436,Ti14Zr30V12Nb20Ta16Mo8,3.098535,130.11,0.99987,-0.01147
DFT_1437,Ti14Zr30V16Nb16Ta10W14,3.079673,137.31,0.99990,-0.01473
DFT_1438,Ti14Zr36Hf38Mo12,3.197495,88.33,0.99216,-0.04490
DFT_1439,Ti14Zr38V34Mo14,3.043301,120.75,0.99996,-0.02570
DFT_1440,Ti14Zr40V20Nb14Mo12,3.090448,118.49,0.99995,-0.02195
DFT_1441,Ti16V36Nb26W22,2.950478,175.74,0.99997,+0.00008
DFT_1442,Ti16Hf12Nb44W28,3.053029,173.67,0.99995,-0.00897
DFT_1443,Ti16Hf12V16Nb44W12,3.038955,156.69,0.99979,-0.00224
DFT_1444,Ti16Hf16V30Nb22Mo16,2.998893,153.01,0.99981,-0.00891
DFT_1445,Ti16Hf32Ta20Mo12W20,3.082721,175.87,0.99968,-0.02008
DFT_1446,Ti16Hf32V8Nb34Mo10,3.094612,150.14,0.99950,-0.01499
DFT_1447,Ti16Hf38Nb30Ta16,3.143992,152.44,0.99997,-0.01401
DFT_1448,Ti16Zr10V40Nb20Ta14,2.995170,141.02,1.00000,+0.00037
DFT_1449,Ti16Zr12Nb32Mo14W26,3.034445,177.17,0.99997,-0.01516
DFT_1450,Ti16Zr12V10Ta32Mo30,3.027494,166.66,0.99995,-0.00591
DFT_1451,Ti16Zr14V24Ta36Mo10,3.033989,149.33,0.99992,+0.00199
DFT_1452,Ti16Zr22V30Mo14W18,2.990701,156.55,0.99997,-0.02150
DFT_1453,Ti16Zr24V16Nb14Mo30,3.029065,144.21,1.00000,-0.02294
DFT_1454,Ti16Zr26Ta50W8,3.123072,145.76,0.99989,-0.00693
DFT_1455,Ti16Zr34Nb22Mo28,3.093841,134.98,0.99999,-0.02896
DFT_1456,Ti18V40Nb2Ta16W24,2.941429,181.12,0.99993,+0.00383
DFT_1457,Ti18Hf10Ta36Mo14W22,3.041364,187.75,0.99988,-0.00304
DFT_1458,Ti18Hf24Nb44Mo14,3.090320,153.61,0.99958,-0.01408
DFT_1459,Ti18Hf34Ta38Mo10,3.121378,160.17,0.99942,-0.01262
DFT_1460,Ti18Zr12V38Ta32,3.009266,141.67,0.99996,+0.00427
DFT_1461,Ti18Zr26Hf24Nb24W8,3.158736,127.44,0.99977,-0.02846
DFT_1462,Ti18Zr30V10Ta28Mo14,3.092698,134.88,0.99990,-0.01310
DFT_1463,Ti18Zr38V12Ta20W12,3.111244,128.42,0.99991,-0.01716
DFT_1464,Ti20Nb16Ta46Mo18,3.048301,172.79,0.99999,+0.00750
DFT_1465,Ti20Hf6V14Ta12Mo22W26,2.978105,197.89,0.99999,-0.00529
DFT_1466,Ti20Hf8V10Nb34Ta16Mo12,3.044331,158.41,0.99994,+0.00093
DFT_1467,Ti20Hf8V16Nb8Ta36Mo12,3.034319,161.40,0.99995,+0.00592
DFT_1468,Ti20Hf12V14Nb22Mo20W12,3.006145,169.67,0.99992,-0.01126
DFT_1469,Ti20Hf14V16Ta22W28,3.023281,177.55,0.99997,-0.00272
DFT_1470,Ti20Hf40V16Nb12W12,3.088502,151.14,0.99950,-0.01910
DFT_1471,Ti20Zr8Nb14Ta40W18,3.067124,168.91,0.99995,+0.00032
DFT_1472,Ti20Zr10V14Nb18Ta14W24,3.024911,166.24,0.99993,-0.00529
DFT_1473,Ti20Zr10V18Ta20Mo16W16,3.000267,171.46,0.99996,-0.00713
DFT_1474,Ti20Zr14Nb16Ta20W30,3.057759,171.17,0.99995,-0.01144
DFT_1475,Ti20Zr14Hf20Nb26Mo10W10,3.102785,149.50,0.99980,-0.02441
DFT_1476,Ti20Zr18Nb24Ta28Mo10,3.095909,143.97,0.99987,-0.00649
DFT_1477,Ti20Zr20Hf12Ta12Mo12W24,3.078202,162.38,0.99991,-0.02700
DFT_1478,Ti20Zr22V10Nb32Ta16,3.098079,129.03,0.99986,-0.00452
DFT_1479,Ti20Zr22V12Ta24W22,3.059453,154.04,0.99993,-0.01175
DFT_1480,Ti20Zr24Nb48Ta8,3.124237,127.45,0.99985,-0.00896
DFT_1481,Ti20Zr24Hf14V14Ta18W10,3.105650,138.84,1.00000,-0.01415
DFT_1482,Ti20Zr28Hf24Mo28,3.123418,135.11,0.99992,-0.03938
DFT_1483,Ti20Zr36Ta8Mo8W28,3.089662,149.65,0.99997,-0.03234
DFT_1484,Ti22Nb26Ta38W14,3.055862,171.08,0.99997,+0.00706
DFT_1485,Ti22V12Nb50Ta16,3.044531,148.60,0.99986,+0.00893
DFT_1486,Ti22V14Nb32Ta10Mo10W12,3.002256,170.03,0.99995,+0.00006
DFT_1487,Ti22Hf6V28Nb22Mo10W12,2.974208,164.37,0.99994,-0.00739
DFT_1488,Ti22Hf8Ta50Mo6W14,3.062667,172.98,0.99991,+0.00307
DFT_1489,Ti22Hf8Nb38Ta32,3.091907,152.39,1.00000,+0.03404
DFT_1490,Ti22Hf12Ta40W26,3.061116,180.93,0.99992,-0.00208
DFT_1491,Ti22Hf16V16Nb24Ta22,3.066745,144.34,0.99982,+0.00274
DFT_1492,Ti22Hf22V14Nb24Mo18,3.044270,151.30,0.99964,-0.01393
DFT_1493,Ti22Hf26Ta48W4,3.119107,155.93,0.99921,-0.00409
DFT_1494,Ti22Hf26V12Nb30W10,3.074249,149.40,0.99955,-0.01175
DFT_1495,Ti22Hf40V10Mo28,3.069205,157.91,0.99971,-0.02819
DFT_1496,Ti22Hf40V12Mo14W12,3.071511,160.07,0.99967,-0.02609
DFT_1497,Ti22Zr6V20Nb20Ta20Mo12,3.015530,153.24,0.99992,-0.00007
DFT_1498,Ti22Zr8V28Nb18W24,2.980064,164.94,0.99996,-0.00914
DFT_1499,Ti22Zr14Hf16V28Ta20,3.067471,129.97,0.99988,-0.00573
DFT_1500,Ti22Zr14Hf20Nb12Ta24Mo8,3.125935,141.05,0.99994,-0.01567
DFT_1501,Ti22Zr18Hf18Ta30W12,3.128681,150.59,1.00000,-0.01612
DFT_1502,Ti22Zr20Hf32Mo14W12,3.125613,143.56,0.99991,-0.03879
DFT_1503,Ti22Zr28Hf12Ta16W22,3.119950,147.22,1.00000,-0.02645
DFT_1504,Ti22Zr30V10Mo28W10,3.041765,146.26,0.99996,-0.03164
DFT_1505,Ti24Nb44Mo10W22,3.018693,178.41,0.99998,-0.00611
DFT_1506,Ti24Nb48Ta16Mo12,3.050488,158.40,0.99985,+0.00209
DFT_1507,Ti24V30Ta34Mo12,2.979597,162.17,0.99997,+0.00620
DFT_1508,Ti24Hf8V28Ta16Mo18W6,2.975628,165.03,0.99994,-0.00637
DFT_1509,Ti24Zr6V32Mo26W12,2.933529,174.05,1.00000,-0.01767
DFT_1510,Ti24Zr10V16Nb18Ta32,3.058673,140.17,0.99989,+0.01436
DFT_1511,Ti24Zr10Hf6V24Nb36,3.041037,131.28,0.99983,-0.00656
DFT_1512,Ti24Zr12Ta38Mo16W10,3.057239,164.95,0.99994,-0.00716
DFT_1513,Ti24Zr12V10Ta46W8,3.067581,151.78,0.99993,+0.00338
DFT_1514,Ti24Zr12Hf20Nb10Ta12W22,3.098301,157.28,0.99978,-0.02210
DFT_1515,Ti24Zr30V22Mo8W16,3.037779,136.73,0.99996,-0.02602
DFT_1516,Ti24Zr40Hf12Nb8Mo16,3.151195,115.60,0.99993,-0.03240
DFT_1517,Ti26Nb50Ta22W2,3.069279,151.59,0.99982,+0.00688
DFT_1518,Ti26V2Ta44Mo28,3.023301,174.39,0.99996,+0.00270
DFT_1519,Ti26V22Ta24Mo20W8,2.971323,174.23,0.99997,-0.00088
DFT_1520,Ti26V26Nb28Ta20,3.006922,147.56,0.99990,+0.00712
DFT_1521,Ti26Hf12Nb16Ta30W16,3.071104,164.69,0.99985,-0.00330
DFT_1522,Ti26Hf14V26Nb26W8,3.016575,145.66,0.99979,-0.00723
DFT_1523,Ti26Hf18V26Ta10W20,3.009666,159.16,0.99988,-0.00933
DFT_1524,Ti26Hf22V40Nb2Mo10,2.986038,141.12,0.99979,-0.01756
DFT_1525,Ti26Hf24Nb44W6,3.103388,149.46,0.99991,-0.01181
DFT_1526,Ti26Hf30V14Ta18Mo12,3.072644,147.73,0.99920,-0.01236
DFT_1527,Ti26Zr8V4Ta50Mo12,3.063912,157.90,0.99999,+0.00351
DFT_1528,Ti26Zr10V4Ta22Mo28W10,3.018791,170.94,0.99998,-0.01281
DFT_1529,Ti26Zr10V38W26,2.950290,164.00,0.99997,-0.01631
DFT_1530,Ti26Zr12Nb14Mo30W18,3.012742,174.46,0.99998,-0.02206
DFT_1531,Ti26Zr14V38Nb12W10,2.980877,139.67,0.99998,-0.01612
DFT_1532,Ti26Zr16Hf16Ta20Mo22,3.095366,146.50,0.99982,-0.02183
DFT_1533,Ti26Zr26Nb22W26,3.081609,146.66,0.99995,-0.02479
DFT_1534,Ti26Zr28V8Nb38,3.111269,116.95,0.99989,-0.01193
DFT_1535,Ti28Nb28Ta16W28,3.028481,177.77,0.99995,-0.00232
DFT_1536,Ti28V12Nb18Ta42,3.047314,152.28,0.99992,+0.01291
DFT_1537,Ti28V28Ta24W20,2.973042,170.64,0.99995,+0.00264
DFT_1538,Ti28V34Nb30Mo8,2.960586,149.05,1.00000,-0.00761
DFT_1539,Ti28Hf6V38Ta12W16,2.958693,160.83,0.99999,-0.00591
DFT_1540,Ti28Hf12V40Mo20,2.944028,153.18,0.99996,-0.02117
DFT_1541,Ti28Zr6Nb26Mo20W20,3.013762,174.64,0.99997,-0.01544
DFT_1542,Ti28Zr8V24Nb14Mo26,2.971927,154.15,1.00000,-0.01847
DFT_1543,Ti28Zr22Nb26Mo12W12,3.072155,142.90,0.99994,-0.02265
DFT_1544,Ti28Zr24V6Ta42,3.114932,128.76,0.99985,-0.00167
DFT_1545,Ti28Zr24V14Nb16Ta18,3.090418,122.57,0.99984,-0.00618
DFT_1546,Ti28Zr30Ta16Mo26,3.086616,135.92,0.99995,-0.02538
DFT_1547,Ti30V14Nb18Ta18Mo20,2.998146,161.73,0.99996,-0.00285
DFT_1548,Ti30V40Ta14Mo16,2.931203,159.81,1.00000,-0.01040
DFT_1549,Ti30Hf14Nb38Ta10Mo8,3.079395,146.84,0.99963,-0.00700
DFT_1550,Ti30Hf18V24Nb2Ta26,3.047991,138.85,0.99973,+0.00079
DFT_1551,Ti30Zr4Hf16V14Nb16W20,3.039188,153.10,0.99979,-0.01541
DFT_1552,Ti30Zr10Hf24V10Nb14Mo12,3.086494,135.76,0.99977,-0.02131
DFT_1553,Ti30Zr18V12Nb30Mo10,3.055474,129.89,0.99995,-0.01493
DFT_1554,Ti30Zr18Hf16V14Mo22,3.059099,135.68,0.99988,-0.02790
DFT_1555,Ti30Zr20Hf14V6Ta30,3.174217,126.56,0.99991,+0.03562
DFT_1556,Ti30Zr24Hf28V6Ta12,3.163549,114.53,0.99949,-0.01985
DFT_1557,Ti32V6Nb38Mo24,3.005478,158.87,1.00000,-0.00952
DFT_1558,Ti32V30Nb26W12,2.967050,154.66,1.00000,-0.00715
DFT_1559,Ti32Hf12V12Ta14Mo30,3.005809,161.27,0.99990,-0.01459
DFT_1560,Ti32Hf12V18Mo24W14,2.977151,169.08,0.99994,-0.01985
DFT_1561,Ti32Zr14V14Nb4Ta18W18,3.035842,149.60,0.99994,-0.01036
DFT_1562,Ti32Zr24V12Ta2Mo30,3.029235,136.55,1.00000,-0.02956
DFT_1563,Ti32Zr24Hf18W26,3.108582,142.83,0.99996,-0.03422
DFT_1564,Ti34Ta26Mo28W12,3.002518,181.07,0.99996,-0.00708
DFT_1565,Ti34V14Nb14Ta28W10,3.020084,157.20,0.99995,+0.00388
DFT_1566,Ti34V14Nb50Ta2,3.028131,138.88,0.99994,-0.00007
DFT_1567,Ti34Hf10V26Nb16Mo14,2.987860,144.60,0.99999,-0.01474
DFT_1568,Ti34Hf16Nb8Ta42,3.148438,191.61,0.96676,+0.02619
DFT_1569,Ti34Hf22Ta18Mo18W8,3.064196,161.90,0.99995,-0.01700
DFT_1570,Ti34Hf24Nb16Mo26,3.060742,153.20,0.99975,-0.02366
DFT_1571,Ti34Zr8Ta18Mo16W24,3.019471,174.43,0.99996,-0.01493
DFT_1572,Ti34Zr16Ta18Mo18W14,3.046413,156.34,0.99996,-0.01959
DFT_1573,Ti34Zr16Hf14V16W20,3.053911,140.69,0.99987,-0.02369
DFT_1574,Ti34Zr16Hf20Mo12W18,3.084802,148.81,0.99992,-0.03280
DFT_1575,Ti36Nb42Ta2W20,3.031869,161.93,0.99993,-0.00693
DFT_1576,Ti36V12Ta14Mo10W28,2.977472,182.87,0.99992,-0.00773
DFT_1577,Ti36V26Ta10Mo28,2.943186,163.92,1.00000,-0.01541
DFT_1578,Ti36Zr2V12Nb16Ta4W30,2.992607,171.42,0.99997,-0.00979
DFT_1579,Ti36Zr14Ta36Mo14,3.074632,143.20,0.99991,-0.00777
DFT_1580,Ti38Hf8Nb22Ta12Mo20,3.042240,152.59,0.99988,-0.01136
DFT_1581,Ti38Hf10V20Nb8Mo10W14,2.988426,155.97,0.99992,-0.01717
DFT_1582,Ti38Hf34V12Nb16,3.099076,128.88,0.99955,-0.01492
DFT_1583,Ti38Zr6Hf14V26Mo16,3.001953,136.96,0.99991,-0.02345
DFT_1584,Ti38Zr10Mo24W28,2.997321,177.03,0.99999,-0.02588
DFT_1585,Ti38Zr10V26Ta12Mo14,2.989744,139.14,1.00000,-0.01606
DFT_1586,Ti38Zr12Hf10Ta20Mo14W6,3.075227,144.19,0.99983,-0.01797
DFT_1587,Ti38Zr14Nb22W26,3.050142,151.97,0.99995,-0.02026
DFT_1588,Ti38Zr16V16Mo14W16,3.002364,148.85,0.99998,-0.02604
DFT_1589,Ti40Nb6Ta32W22,3.033877,167.58,0.99995,-0.00172
DFT_1590,Ti40V6Nb20Mo14W20,2.989143,170.31,0.99997,-0.01426
DFT_1591,Ti40Hf4V24Nb32,3.003670,133.36,0.99991,-0.00793
DFT_1592,Ti40Hf4V32Ta24,2.994078,125.13,0.99998,+0.04601
DFT_1593,Ti40Hf6V30W24,2.955551,159.50,0.99971,-0.01705
DFT_1594,Ti40Hf16V10Ta14W20,3.038503,154.67,0.99989,-0.01290
DFT_1595,Ti40Hf18V18Ta12Mo12,3.030165,137.82,0.99984,-0.01323
DFT_1596,Ti40Zr10Nb24Mo12W14,3.036864,150.65,0.99995,-0.01954
DFT_1597,Ti40Zr18Nb14Ta22W6,3.096177,130.26,0.99989,-0.00902
DFT_1598,Ti40Zr30Hf4Mo26,3.085433,125.33,0.99996,-0.03377
