DFT_ID,Alloy,R2_cprime,R2_c44,cprime,c44
DFT_0001,W91Re9,0.999938,0.999578,170.72,157.55
DFT_0002,W95Re5,0.999894,0.999555,172.87,156.20
DFT_0003,Mo92Re8,0.999983,0.999718,169.02,125.16
DFT_0004,Ta50W50,0.998703,0.998041,110.05,92.73
DFT_0005,Ta60W40,0.999820,0.999759,96.99,87.85
DFT_0006,Ta70W30,0.999232,0.999947,90.48,90.05
DFT_0007,Ta80W20,0.998959,0.999923,84.59,92.54
DFT_0008,Ta90W7Re3,0.999622,0.999895,79.54,96.88
DFT_0009,Ta90W10,0.999854,0.999802,77.96,97.64
DFT_0010,Nb5Ta45Mo5W45,0.999140,0.997489,112.48,89.69
DFT_0011,Nb22Ta34Mo22W22,0.999280,0.995211,111.48,75.12
DFT_0012,Nb24Ta28Mo24W24,0.999717,0.995869,119.39,78.94
DFT_0013,Nb25Ta25Mo25W25,0.999844,0.996715,123.70,81.13
DFT_0014,Nb26Ta23Mo26W25,0.999897,0.997173,126.21,81.97
DFT_0015,Nb27Ta19Mo27W27,0.999928,0.998609,132.67,85.49
DFT_0016,Nb29Ta14Mo29W28,0.999797,0.999224,138.92,87.80
DFT_0017,Nb32Ta6Mo31W31,0.999925,0.999586,145.18,90.82
DFT_0018,Nb35Ta5Mo25W35,0.999884,0.999248,143.53,88.89
DFT_0019,Nb35Ta35Mo5W25,0.999945,0.999674,92.53,68.64
DFT_0020,Nb50Mo25W25,0.999784,0.996517,132.65,75.71
DFT_0021,Nb66Mo17W17,0.999334,0.991611,105.07,54.35
DFT_0022,Nb66Mo18W16,0.999366,0.991421,105.24,54.19
DFT_0023,Nb67Mo16W17,0.999409,0.991186,103.22,53.50
DFT_0024,Nb67Mo17W16,0.999446,0.990894,103.35,53.31
DFT_0025,Nb68Mo16W16,0.999529,0.990579,101.49,52.53
DFT_0026,Nb89Ta6W5,0.999500,0.996718,72.65,42.48
DFT_0027,V10Nb10Ta35Mo10W35,0.999833,0.997599,108.53,80.26
DFT_0028,V11Nb45Ta44,0.999449,0.999638,72.43,67.34
DFT_0029,V18Nb41Ta41,0.999552,0.999576,71.95,64.64
DFT_0030,V20Nb20Ta20Mo20W20,0.999126,0.994657,107.63,67.94
DFT_0031,V21Nb39Ta40,0.999593,0.999567,71.86,63.81
DFT_0032,V25Nb25Ta25W25,0.999929,0.999957,89.36,65.32
DFT_0033,V25Nb25Ta25Mo25,0.999915,0.998764,90.62,54.38
DFT_0034,V33Nb34Ta33,0.999664,0.999448,71.39,59.10
DFT_0035,Hf1Ta81W16Re2,0.999177,0.999936,82.22,92.52
DFT_0036,Hf1Ta82W15Re2,0.999267,0.999932,81.66,92.84
DFT_0037,Hf1Ta84W14Re1,0.999467,0.999924,79.93,94.06
DFT_0038,Hf1Ta88W9Re2,0.999693,0.999900,77.53,95.64
DFT_0039,Hf1Ta88W10Re1,0.999776,0.999882,77.04,95.90
DFT_0040,Hf1Ta88W11,0.999845,0.999860,76.47,96.02
DFT_0041,Hf1Ta89W8Re2,0.999778,0.999879,76.80,95.95
DFT_0042,Hf1Ta89W9Re1,0.999834,0.999864,76.30,96.06
DFT_0043,Hf1Ta90W7Re2,0.634846,0.999868,27703.25,96.14
DFT_0044,Hf1Ta90W8Re1,0.999859,0.999852,75.55,96.12
DFT_0045,Hf1Ta90W9,0.999850,0.999837,75.09,96.21
DFT_0046,Hf1Ta91W6Re2,0.999848,0.999865,75.32,96.24
DFT_0047,Hf1Ta91W7Re1,0.999854,0.999847,74.88,96.32
DFT_0048,Hf1Ta91W8,0.999721,0.999962,75.80,95.50
DFT_0049,Hf1V17Nb41Ta41,0.999597,0.999652,69.30,64.53
DFT_0050,Hf2Ta88W10,0.999862,0.999870,77.63,93.74
DFT_0051,Hf2Ta90W7Re1,0.999839,0.999883,72.76,94.82
DFT_0052,Hf2Ta90W8,0.999791,0.999875,72.30,94.71
DFT_0053,Hf2Ta91W7,0.999715,0.999885,71.66,94.64
DFT_0054,Hf3Ta87W10,0.999859,0.999905,71.50,93.10
DFT_0055,Hf3Ta89W8,0.999789,0.999908,70.20,93.15
DFT_0056,Hf3V15Nb40Ta40Mo2,0.999673,0.999798,66.13,62.67
DFT_0057,Hf3V15Nb41Ta41,0.999630,0.999842,64.38,63.14
DFT_0058,Hf4V19Nb38Ta39,0.999673,0.999864,63.20,62.85
DFT_0059,Hf7Nb23Ta23Mo23W24,0.999986,0.999100,112.66,92.69
DFT_0060,Hf7Nb30Ta31W32,0.999969,0.999907,85.24,75.22
DFT_0061,Hf7Nb31Ta31W31,0.999991,0.999947,84.34,74.52
DFT_0062,Hf7Nb32Ta30W31,0.999976,0.999902,79.85,69.13
DFT_0063,Hf8Nb30Ta31W31,0.999994,0.999954,82.79,74.96
DFT_0064,Hf8Nb31Ta30W31,0.999996,0.999956,82.85,74.48
DFT_0065,Hf8Nb31Ta31W30,0.999994,0.999951,78.56,70.65
DFT_0066,Hf10Nb44Ta44W2,0.710716,0.995701,-385886.37,51.70
DFT_0067,Hf15Nb21Ta21Mo22W21,0.255981,0.324616,353997.55,375850.26
DFT_0068,Hf19Nb75W6,0.999915,0.998278,61.77,54.47
DFT_0069,Hf20Nb20Ta20Mo20W20,0.999985,0.999821,87.40,74.53
DFT_0070,Hf51Ta19Mo30,0.673715,0.004507,1747656.64,134260.18
DFT_0071,Hf58Ta21Mo21,0.999983,0.999988,46.27,82.40
DFT_0072,Hf61Ta23Mo16,0.999956,0.999990,41.32,84.50
DFT_0073,Hf69Ta26Mo5,0.999894,0.633580,30.87,1683095.23
DFT_0074,Zr1Ta89W9Re1,0.999923,0.999876,77.96,96.83
DFT_0075,Zr1Ta91W7Re1,0.999862,0.999860,76.52,96.95
DFT_0076,Zr1Ta91W8,0.999772,0.999852,75.98,96.70
DFT_0077,Zr1Ta91Mo1W7,0.999754,0.999874,76.14,96.25
DFT_0078,Zr1Ta91Mo2W4Re2,0.999920,0.999896,77.26,96.11
DFT_0079,Zr1Ta93W5Re1,0.999690,0.999873,75.14,96.87
DFT_0080,Zr1Nb75Ta18W6,0.999791,0.001201,73.40,69.36
DFT_0081,Zr1Nb88Mo4W7,0.999895,0.998050,75.36,40.78
DFT_0082,Zr1Nb89Ta4Mo2W4,0.999523,0.997266,72.35,40.96
DFT_0083,Zr1Nb90Mo4W5,0.999826,0.997616,73.85,39.44
DFT_0084,Zr1Nb94W5,0.999293,0.996570,71.52,38.56
DFT_0085,Zr1Nb94Mo2W3,0.999225,0.996328,71.23,37.53
DFT_0086,Zr1Nb95Mo2W2,0.999033,0.996260,70.37,36.84
DFT_0087,Zr1Nb96W3,0.998898,0.997194,69.77,37.32
DFT_0088,Zr1Nb96Mo2W1,0.998894,0.996909,69.29,36.32
DFT_0089,Zr1Hf1Ta90W7Re1,0.999767,0.999972,75.77,94.95
DFT_0090,Zr1Hf1Ta91Mo1W5Re1,0.999747,0.999916,73.65,94.82
DFT_0091,Zr1Hf1Ta91Mo1W6,0.999644,0.999905,73.25,94.58
DFT_0092,Zr2Nb86Ta5Mo2W5,0.999663,0.997916,72.53,42.72
DFT_0093,Zr2Nb87Ta5Mo2W4,0.999557,0.998027,71.82,42.09
DFT_0094,Zr2Nb92Mo2W4,0.999404,0.997531,71.41,38.54
DFT_0095,Zr3Nb24Ta24Mo24W25,0.004712,0.995670,574.10,76.54
DFT_0096,Zr3Nb86Ta5Mo2W4,0.999531,0.998458,71.19,42.44
DFT_0097,Zr3Nb92W5,0.999260,0.998436,70.20,39.51
DFT_0098,Zr5Nb95,0.997391,0.998102,66.15,38.61
DFT_0099,Zr11Nb22Ta22Mo23W22,0.999797,0.998052,100.93,68.95
DFT_0100,Zr20Nb20Ta20Mo20W20,0.999982,0.169439,87.05,20518.10
DFT_0101,Zr34Nb33Ta33,0.999871,0.999937,44.06,60.05
DFT_0102,Ti1Zr1Mo98,0.999922,0.999485,172.32,113.68
DFT_0103,Ti2Zr1Hf5Nb92,0.998997,0.998757,64.83,43.28
DFT_0104,Ti2Zr1Hf6Nb91,0.999184,0.998915,64.23,44.03
DFT_0105,Ti3V15Nb39Ta40Mo3,0.999704,0.999745,71.84,64.28
DFT_0106,Ti3V15Nb40Ta40Mo2,0.999710,0.999772,71.01,64.37
DFT_0107,Ti3V15Nb41Ta41,0.999691,0.999832,69.22,64.96
DFT_0108,Ti6Nb24Ta23Mo24W23,0.999468,0.297546,111.48,8273.70
DFT_0109,Ti8V25Nb33Ta34,0.999806,0.999836,65.12,61.68
DFT_0110,Ti10Hf10V10Nb45Ta25,0.999884,0.999841,56.01,62.81
DFT_0111,Ti10Zr1Nb76Mo5W8,0.999974,0.999900,73.70,47.57
DFT_0112,Ti11Nb22Ta22Mo23W22,0.999694,0.998106,104.17,73.57
DFT_0113,Ti11Hf11V8Nb35Ta35,0.999729,0.999746,42.94,64.30
DFT_0114,Ti13Hf15Nb43Ta27Re2,0.474490,0.999771,-430192.79,83.03
DFT_0115,Ti14V29Nb29Ta28,0.999875,0.999827,60.85,60.09
DFT_0116,Ti14Zr14Hf15Nb14Ta14Mo15W14,0.999981,0.999979,61.71,68.36
DFT_0117,Ti15Hf5Nb55Ta25,0.999855,0.212087,57.14,-76728.74
DFT_0118,Ti15Hf15Nb45Ta25,0.212439,0.070136,226565.67,-164654.60
DFT_0119,Ti15Zr5Hf15Nb40Ta25,0.999961,0.999962,46.24,66.34
DFT_0120,Ti15Zr45Nb30Ta10,0.999816,0.999841,30.44,54.40
DFT_0121,Ti16Nb21Ta21Mo21W21,0.999929,0.999353,97.25,72.65
DFT_0122,Ti16Zr16Hf17Nb17Ta17W17,0.999976,0.118085,48.48,190103.27
DFT_0123,Ti16Zr17Hf17Nb17Ta17Mo16,0.999984,0.999981,47.41,64.15
DFT_0124,Ti17V17Nb17Ta16Mo17W16,0.999960,0.999683,88.08,66.55
DFT_0125,Ti18Nb73Mo9,0.999977,0.999891,66.94,45.83
DFT_0126,Ti18V5Nb71W6,0.999515,0.999912,65.25,48.29
DFT_0127,Ti18Zr5Nb77,0.999858,0.999828,56.89,44.55
DFT_0128,Ti20Nb20Ta20Mo20W20,0.999996,0.999631,92.51,72.01
DFT_0129,Ti20V20Nb20Ta20W20,0.999888,0.999986,74.29,68.69
DFT_0130,Ti20Hf20Nb20Ta20Mo20,0.168492,0.710739,-277000.15,-763251.51
DFT_0131,Ti20Zr20Hf20Ta20Mo20,0.999993,0.999975,43.23,67.76
DFT_0132,Ti20Zr20Hf20Nb20Ta20,0.811527,0.633619,712300.64,497618.83
DFT_0133,Ti25V25Nb25Mo25,0.999978,0.999870,76.02,50.42
DFT_0134,Ti25Hf25Nb25Ta25,0.999974,0.999991,37.01,72.16
DFT_0135,Ti25Hf25V25Nb25,0.633580,0.999981,686106.65,60.07
DFT_0136,Ti25Zr25Nb25Ta25,0.999908,0.999958,36.20,61.41
DFT_0137,Ti25Zr25V25Nb25,0.999899,0.999918,36.23,50.21
DFT_0138,Ti25Zr25Hf25Ta25,0.168531,0.633613,-314825.84,610507.30
DFT_0139,Ti25Zr25Hf25Nb12Ta13,0.999928,0.999987,23.68,70.97
DFT_0140,Ti25Zr25Hf25Nb25,0.999860,0.999971,25.15,65.73
DFT_0141,Ti28Zr28Hf28Ta16,0.811506,0.003167,-968251.16,64153.84
DFT_0142,Ti28Zr29Hf29Ta14,0.998564,0.999980,17.42,75.70
DFT_0143,Ti29Zr28Hf29Nb14,0.999229,0.999987,19.23,70.50
DFT_0144,Ti30Zr29Hf29Ta12,0.118018,0.999983,301167.98,75.56
DFT_0145,Ti31Zr32Nb31Ta3Mo3,0.999910,0.999938,31.77,54.07
DFT_0146,Ti33V34Nb33,0.999976,0.999956,49.40,48.91
DFT_0147,Ti33Zr33V17Nb17,0.999864,0.999979,26.48,54.85
DFT_0148,Ti34V22Nb22Ta22,0.999980,0.999977,47.07,61.24
DFT_0149,Ti34Zr33Nb33,0.999841,0.999963,27.90,54.71
DFT_0150,Ti35Zr27Hf27Nb5Ta6,0.998541,0.999983,15.86,73.09
DFT_0151,Ti35Zr35Nb20Mo10,0.999941,0.999951,31.71,53.95
DFT_0152,Ti37Hf23V15Nb22W3,0.999978,0.999993,32.77,63.50
DFT_0153,Ti38Hf24V15Nb23,0.999973,0.999992,29.79,63.21
DFT_0154,Ti41Hf16V27Nb16,0.999953,0.999994,31.46,59.42
DFT_0155,Ti42Hf21V16Nb21,0.999974,0.999994,28.92,62.50
DFT_0156,Ti43Zr14V28Nb14Mo1,0.999914,0.999987,32.71,54.11
DFT_0157,Ti43Zr14V29Nb14,0.999915,0.999982,31.94,54.43
DFT_0158,Ti43Zr42Nb5Ta5Mo5,0.999718,0.999989,18.54,61.32
DFT_0159,Ti44Zr14V28Nb14,0.999920,0.999986,31.32,54.54
DFT_0160,Ti44Zr30Nb26,0.999833,0.999986,23.56,57.78
DFT_0161,Ti45Zr45Nb5Mo5,0.999513,0.999985,15.61,60.73
DFT_0162,Ti45Zr45Nb5Ta5,0.998582,0.999964,12.03,63.91
DFT_0163,Ti49Zr32Nb13Ta6,0.999642,0.999988,18.23,62.55
DFT_0164,Ti56Zr30Nb14,0.999352,0.999980,15.14,62.00
DFT_0165,Ta90W2Re8,0.999328,0.999950,82.06,95.56
DFT_0166,Nb5Ta45Mo8W42,0.999394,0.997476,113.54,89.63
DFT_0167,Nb22Ta34Mo24W20,0.999154,0.994834,112.06,74.37
DFT_0168,Nb24Ta28Mo21W27,0.999765,0.996188,118.59,79.61
DFT_0169,Nb26Ta23Mo28W23,0.999895,0.997067,126.72,81.43
DFT_0170,Nb27Ta19Mo31W23,0.999932,0.998510,133.42,84.59
DFT_0171,Nb28Ta25Mo25W22,0.999381,0.994463,119.40,76.07
DFT_0172,Nb29Ta14Mo24W33,0.999808,0.999121,138.43,88.74
DFT_0173,Nb32Ta6Mo34W28,0.999899,0.999713,145.32,90.39
DFT_0174,Nb35Ta5Mo20W40,0.999904,0.999041,143.34,89.78
DFT_0175,Nb35Ta35Mo1W29,0.999928,0.999713,92.40,70.10
DFT_0176,Nb50Mo23W27,0.999766,0.996306,132.27,75.95
DFT_0177,Nb61Mo17W22,0.999423,0.993129,113.19,61.49
DFT_0178,Nb66Mo23W11,0.999526,0.990430,105.85,53.28
DFT_0179,Nb67Mo12W21,0.999305,0.992007,102.60,54.35
DFT_0180,Nb69Mo17W14,0.999618,0.990040,99.91,51.46
DFT_0181,Nb72Mo12W16,0.999699,0.992033,94.70,50.15
DFT_0182,Nb91Ta6W3,0.999223,0.997828,71.22,41.26
DFT_0183,V8Nb10Ta35Mo10W37,0.999782,0.997611,111.34,82.27
DFT_0184,V8Nb45Ta47,0.999438,0.999675,72.87,69.41
DFT_0185,V14Nb45Ta41,0.999481,0.999542,72.17,65.30
DFT_0186,V17Nb20Ta20Mo20W23,0.999221,0.994641,112.04,71.35
DFT_0187,V20Nb25Ta25Mo30,0.999915,0.997357,96.08,56.82
DFT_0188,V21Nb25Ta25W29,0.999986,0.999576,92.54,67.13
DFT_0189,V24Nb39Ta37,0.999602,0.999473,71.63,61.89
DFT_0190,V28Nb34Ta38,0.999640,0.999561,71.57,62.19
DFT_0191,Hf1Ta79W16Re4,0.999051,0.999968,84.60,91.97
DFT_0192,Hf1Ta84W15,0.999539,0.999923,79.47,94.46
DFT_0193,Hf1Ta85W9Re5,0.999304,0.999945,81.10,93.71
DFT_0194,Hf1Ta86W6Re7,0.999284,0.999954,81.44,93.93
DFT_0195,Hf1Ta88W7Re4,0.999572,0.999922,78.66,95.19
DFT_0196,Hf1Ta93W6,0.999629,0.999848,73.25,96.17
DFT_0197,Hf1V14Nb41Ta44,0.999599,0.999763,69.52,65.97
DFT_0198,Hf2Ta90W3Re5,,,,
DFT_0199,Hf2Ta95W3,0.999095,0.999940,68.52,94.58
DFT_0200,Hf2V19Nb38Ta41,0.167911,0.044641,-29409.41,-19189.18
DFT_0201,Hf3Ta82W13Re2,0.999552,0.999931,76.05,92.14
DFT_0202,Hf3Ta90W5Re2,0.999844,0.999917,70.38,93.47
DFT_0203,Hf3Nb30Ta31W36,0.634054,0.998918,86523.19,75.14
DFT_0204,Hf3Nb31Ta35W31,0.999935,0.999805,88.49,72.59
DFT_0205,Hf4Ta81W14Re1,0.999673,0.999936,73.36,91.20
DFT_0206,Hf4Ta86W9Re1,0.999882,0.999928,69.84,91.78
DFT_0207,Hf4Ta88W7Re1,0.999840,0.999931,68.50,91.84
DFT_0208,Hf4Ta88W8,0.999798,0.999944,68.03,91.61
DFT_0209,Hf4Ta91W5,0.999549,0.999986,65.79,91.57
DFT_0210,Hf5Ta85W8Re2,0.999879,0.999941,68.17,90.49
DFT_0211,Hf5Ta90W4Re1,0.999686,0.999994,64.22,90.37
DFT_0212,Hf5Nb32Ta30W33,0.999907,0.999745,89.05,74.24
DFT_0213,Hf6Ta84W10,0.633741,0.999961,162910.92,88.86
DFT_0214,Hf6V15Nb41Ta38,0.710675,0.999591,-236972.61,70.82
DFT_0215,Hf7Ta89W4,0.999728,0.633774,58.75,187742.44
DFT_0216,Hf7Nb44Ta44W5,0.999570,0.999880,63.05,68.38
DFT_0217,Hf8Ta82W10,0.999895,0.999993,61.01,86.12
DFT_0218,Hf8Nb31Ta27W34,0.430169,0.079093,243207.32,104271.41
DFT_0219,Hf8V10Nb40Ta40Mo2,0.811576,0.999848,318811.00,63.50
DFT_0220,Hf10Nb21Ta21Mo27W21,0.708419,0.168405,-465401.63,-144827.77
DFT_0221,Hf10Nb23Ta23Mo20W24,0.999690,0.998445,100.02,74.14
DFT_0222,Hf10Nb31Ta31W28,0.999921,0.999985,76.99,73.74
DFT_0223,Hf11Nb27Ta31W31,0.999998,0.999961,77.95,76.04
DFT_0224,Hf17Nb75W8,0.999782,0.999756,65.34,55.55
DFT_0225,Hf23Nb20Ta20Mo17W20,0.999932,0.999921,82.60,75.43
DFT_0226,Hf53Ta19Mo28,,,,
DFT_0227,Hf55Ta21Mo24,0.999979,0.999987,49.99,81.24
DFT_0228,Hf66Ta23Mo11,,,,
DFT_0229,Hf72Ta26Mo2,0.999778,0.999981,28.20,91.80
DFT_0230,Zr1Ta87Mo2W4Re6,0.999684,0.999933,81.93,93.89
DFT_0231,Zr1Ta91W4Re4,0.999885,0.999895,77.99,96.87
DFT_0232,Zr1Ta93W3Re3,0.999855,0.999876,76.06,97.16
DFT_0233,Zr1Nb84Mo8W7,0.999732,0.999513,78.82,41.51
DFT_0234,Zr1Nb85Mo4W10,0.999712,0.998995,78.09,42.82
DFT_0235,Zr1Nb85Ta4Mo6W4,0.999874,0.997734,74.74,41.78
DFT_0236,Zr1Nb89Mo7W3,0.999865,0.998385,74.35,38.38
DFT_0237,Zr1Nb91W8,0.999703,0.996953,73.54,40.88
DFT_0238,Zr1Nb92Mo6W1,0.999589,0.996841,72.26,36.78
DFT_0239,Zr1Hf1Ta88W7Re3,0.999881,0.999921,76.72,95.25
DFT_0240,Zr1Hf1Ta91Mo6W1,0.999756,0.999938,74.87,92.67
DFT_0241,Zr2Nb87Ta5Mo4W2,0.999527,0.997997,71.64,40.93
DFT_0242,Zr3Nb75Ta16W6,0.999736,0.997733,72.40,51.40
DFT_0243,Zr3Nb96W1,0.997930,0.998296,66.95,37.80
DFT_0244,Zr3Hf1Ta89Mo1W5Re1,0.999780,0.999942,72.02,93.04
DFT_0245,Zr4Nb84Ta5Mo2W5,0.999624,0.998677,71.33,43.40
DFT_0246,Zr5Ta87Mo1W7,0.999839,0.999939,72.65,92.72
DFT_0247,Zr5Nb90W5,0.999188,0.998994,68.97,40.41
DFT_0248,Zr5Nb92Mo2W1,0.998504,0.998807,67.28,38.40
DFT_0249,Zr6Ta84W9Re1,0.999926,0.999960,73.94,92.55
DFT_0250,Zr6Ta91W3,0.999809,0.999901,67.46,92.79
DFT_0251,Zr6Nb24Ta24Mo24W22,0.999318,0.996336,108.30,71.58
DFT_0252,Zr6Nb90Mo2W2,0.998775,0.998998,67.54,39.29
DFT_0253,Zr7Nb22Ta22Mo23W26,0.999417,0.045314,111.28,15237.80
DFT_0254,Zr7Nb86Ta1Mo2W4,0.999288,0.999191,68.48,41.30
DFT_0255,Zr16Nb20Ta20Mo20W24,0.999968,0.169973,94.59,13431.30
DFT_0256,Zr29Nb33Ta38,0.999954,0.999933,47.34,62.83
DFT_0257,Ti1Zr3Mo96,0.999933,0.999775,167.24,113.12
DFT_0258,Ti2Zr6Hf6Nb86,0.999484,0.999183,61.17,44.36
DFT_0259,Ti3V10Nb39Ta40Mo8,0.999517,0.999624,75.83,63.36
DFT_0260,Ti4Nb24Ta23Mo24W25,0.999957,0.996511,116.30,77.55
DFT_0261,Ti5Zr1Hf2Nb92,0.998608,0.998813,64.12,41.91
DFT_0262,Ti6V12Nb41Ta41,0.999632,0.999844,66.91,65.35
DFT_0263,Ti8V15Nb40Ta35Mo2,0.999772,0.999833,66.98,62.37
DFT_0264,Ti8Zr3Nb76Mo5W8,0.999967,0.999884,73.15,46.80
DFT_0265,Ti10Hf10Nb55Ta25,0.000073,0.138359,2827.26,51926.51
DFT_0266,Ti11V22Nb33Ta34,0.999798,0.999824,62.97,62.57
DFT_0267,Ti13Nb22Ta22Mo23W20,0.169748,0.998890,23657.71,72.40
DFT_0268,Ti13Hf15Nb43Ta22Re7,0.999952,0.999981,61.34,69.46
DFT_0269,Ti14Nb21Ta21Mo21W23,0.999811,0.998887,100.80,73.73
DFT_0270,Ti14Hf10V6Nb45Ta25,0.999856,0.999859,40.31,56.51
DFT_0271,Ti14Zr14Hf11Nb14Ta14Mo19W14,0.999980,0.999963,67.95,66.94
DFT_0272,Ti15Hf11V4Nb35Ta35,0.999826,0.999891,40.69,65.03
DFT_0273,Ti16Zr16Hf22Nb17Ta17W12,0.000069,0.811543,-5858.00,802783.42
DFT_0274,Ti16Zr17Hf21Nb17Ta17Mo12,0.044908,0.179775,-180526.42,361218.03
DFT_0275,Ti17V14Nb17Ta16Mo17W19,0.999994,0.999641,90.85,68.46
DFT_0276,Ti17V26Nb29Ta28,0.999912,0.999864,58.68,61.03
DFT_0277,Ti17Zr43Nb30Ta10,0.999818,0.999882,30.55,54.65
DFT_0278,Ti19Hf11Nb45Ta25,0.999967,0.999915,50.14,65.30
DFT_0279,Ti19Zr5Hf11Nb40Ta25,0.334573,0.836696,67899.85,-90525.61
DFT_0280,Ti20Nb73Mo7,0.999977,0.999881,64.32,46.06
DFT_0281,Ti20V16Nb20Ta20W24,0.999915,0.999962,77.73,71.04
DFT_0282,Ti20Hf18Nb20Ta20Mo22,0.999968,0.118073,61.05,210157.09
DFT_0283,Ti20Zr3Nb77,0.999891,0.999482,57.16,45.28
DFT_0284,Ti20Zr17Hf23Nb20Ta20,0.999985,0.212285,31.42,-331574.38
DFT_0285,Ti20Zr20Hf24Ta20Mo16,0.999991,0.999980,38.25,69.69
DFT_0286,Ti22V1Nb71W6,0.999996,0.999793,62.47,49.43
DFT_0287,Ti25Nb20Ta20Mo20W15,0.999938,0.999819,84.41,69.82
DFT_0288,Ti25V20Nb25Mo30,0.999992,0.999753,80.53,52.01
DFT_0289,Ti25Hf27V23Nb25,0.999958,0.999978,35.12,61.16
DFT_0290,Ti25Zr20Hf30Ta25,0.999878,0.999994,22.50,77.42
DFT_0291,Ti25Zr20Hf30Nb25,0.999905,0.999971,25.53,67.63
DFT_0292,Ti25Zr23Hf27Nb12Ta13,0.999943,0.999986,23.83,71.71
DFT_0293,Ti26Zr32Nb31Ta3Mo8,0.999911,0.999922,37.76,51.80
DFT_0294,Ti27Hf23Nb25Ta25,0.999969,0.999989,37.00,71.59
DFT_0295,Ti28Zr22Nb25Ta25,0.999932,0.999967,36.43,62.00
DFT_0296,Ti28Zr27Hf31Ta14,0.809384,0.008587,-1673159.70,-109969.40
DFT_0297,Ti28Zr32Hf24Ta16,0.998969,0.137540,17.97,-340832.02
DFT_0298,Ti29Zr25V21Nb25,0.999901,0.999951,34.05,51.49
DFT_0299,Ti29Zr25Hf32Nb14,0.999162,0.999987,19.49,71.61
DFT_0300,Ti30Zr24Hf34Ta12,0.998347,0.999987,16.69,77.33
DFT_0301,Ti35Zr32Hf22Nb5Ta6,0.998542,0.999977,15.46,71.31
DFT_0302,Ti35Zr40Nb20Mo5,0.999876,0.999976,25.52,55.96
DFT_0303,Ti36Zr31Nb33,0.999832,0.999961,27.98,54.99
DFT_0304,Ti37V19Nb22Ta22,0.999976,0.999981,45.20,61.77
DFT_0305,Ti37V30Nb33,0.999965,0.999961,46.76,49.90
DFT_0306,Ti37Hf23V11Nb22W7,0.999985,0.999988,35.71,65.16
DFT_0307,Ti38Hf21V20Nb21,0.811498,0.811481,-825535.62,-825507.39
DFT_0308,Ti38Zr33V12Nb17,0.999869,0.999985,23.80,56.56
DFT_0309,Ti41Hf14V29Nb16,0.999957,0.999994,32.71,58.34
DFT_0310,Ti41Hf24V12Nb23,0.999979,0.999993,28.31,64.02
DFT_0311,Ti41Zr45Nb5Mo9,0.999834,0.999989,20.65,58.47
DFT_0312,Ti43Zr10V33Nb14,0.999910,0.999988,34.54,53.26
DFT_0313,Ti43Zr12V28Nb14Mo3,0.999932,0.999987,35.64,53.46
DFT_0314,Ti43Zr37Nb5Ta5Mo10,0.999920,0.999987,24.78,59.37
DFT_0315,Ti48Zr42Nb5Ta5,0.998598,0.999966,11.88,64.16
DFT_0316,Ti49Zr14V23Nb14,0.999907,0.999989,28.33,55.91
DFT_0317,Ti49Zr25Nb26,0.999842,0.999988,23.63,58.31
DFT_0318,Ti53Zr28Nb13Ta6,0.999665,0.999984,18.15,62.96
DFT_0319,Ti59Zr27Nb14,0.999310,0.999977,14.98,62.26
DFT_0320,Nb45Ta25Mo5W25,0.999974,0.998879,93.02,63.61
DFT_0321,V10Nb15Ta30Mo15W30,0.999819,0.996759,111.23,77.92
DFT_0322,V10Nb15Ta50W25,0.999937,0.999815,88.90,77.92
DFT_0323,V10Nb45Mo20W25,0.999325,0.994276,122.20,69.22
DFT_0324,V20Nb25Ta15Mo30W10,0.999215,0.994660,111.16,64.33
DFT_0325,V30Nb35Ta5W30,0.999912,0.997713,95.33,59.29
DFT_0326,V35Ta5Mo30W30,0.999932,0.999329,142.49,90.53
DFT_0327,V35Nb25Mo20W20,0.999323,0.994010,112.58,62.35
DFT_0328,V40Ta25Mo20W15,0.999833,0.997626,100.23,66.84
DFT_0329,V40Nb20Ta15Mo15W10,0.999965,0.067935,91.27,14629.74
DFT_0330,Hf5V20Ta30Mo15W30,0.999990,0.998696,98.17,78.66
DFT_0331,Hf10Nb20Ta35Mo20W15,0.999949,0.999764,78.99,68.26
DFT_0332,Hf20V15Nb5Ta15Mo30W15,0.710729,0.369228,-812212.69,-468873.33
DFT_0333,Hf35V25Ta25W15,0.999766,0.999985,53.40,79.25
DFT_0334,Hf40V10Mo30W20,0.999900,0.999572,30.78,50.10
DFT_0335,Zr5V30Nb35Mo30,0.999856,0.995872,93.49,46.30
DFT_0336,Zr5Hf20Nb25Mo20W30,0.212257,0.474491,-319133.65,-603559.87
DFT_0337,Zr10Ta30Mo30W30,0.999995,0.998539,120.40,86.10
DFT_0338,Zr10Nb35Ta20Mo5W30,0.999981,0.999587,90.84,66.34
DFT_0339,Zr10V15Nb40Mo15W20,0.999963,0.998068,92.55,54.82
DFT_0340,Zr10V20Ta10Mo30W30,0.999981,0.998421,123.66,81.43
DFT_0341,Zr10V30Ta15Mo15W30,0.999893,0.998359,100.93,70.94
DFT_0342,Zr10V40Nb15Mo15W20,0.999989,0.998550,92.80,55.56
DFT_0343,Zr10Hf20V35Nb15Mo20,0.999992,0.999956,62.14,52.91
DFT_0344,Zr15Nb20Ta20Mo30W15,0.999939,0.998616,97.46,65.24
DFT_0345,Zr15Hf20V15Ta20Mo15W15,0.999993,0.999980,65.32,70.80
DFT_0346,Zr15Hf20V25Nb20Ta20,0.999922,0.999951,43.18,63.00
DFT_0347,Zr20V35Ta15W30,0.999913,0.999946,77.40,65.92
DFT_0348,Zr20V40Nb20Ta20,0.999929,0.999918,53.96,52.43
DFT_0349,Zr20Hf40V5Nb15Ta20,,,,
DFT_0350,Zr25V15Ta15Mo15W30,0.632563,0.999657,-40380.12,67.74
DFT_0351,Zr25Hf25V25Nb15W10,0.999943,0.999934,41.17,60.69
DFT_0352,Zr30V20Nb10Mo20W20,0.999997,0.999610,77.90,55.34
DFT_0353,Zr30Hf20Ta5Mo30W15,0.999997,0.999915,66.80,65.80
DFT_0354,Zr30Hf40V20Nb10,0.999799,0.999942,26.10,67.37
DFT_0355,Zr35V25Nb20Ta20,0.999967,0.999953,42.57,53.55
DFT_0356,Zr40Hf10V20Mo15W15,0.999986,0.999911,54.04,56.25
DFT_0357,Ti5Zr15Hf40V15Ta25,0.999633,0.999984,28.78,76.56
DFT_0358,Ti10Zr10Ta30Mo30W20,0.999931,0.999205,98.46,76.34
DFT_0359,Ti10Zr25V25Ta25W15,0.999977,0.117215,54.19,-17170.25
DFT_0360,Ti10Zr40Hf10Nb20Ta20,0.999972,0.999958,34.17,74.96
DFT_0361,Ti10Zr40Hf25V5Ta10Mo10,0.999942,0.999864,33.69,83.86
DFT_0362,Ti10Zr40Hf40V10,0.997487,0.999935,17.25,74.21
DFT_0363,Ti15Ta40Mo30W15,0.999899,0.999161,99.05,79.95
DFT_0364,Ti15Nb15Ta25Mo25W20,0.999833,0.998913,100.66,75.04
DFT_0365,Ti15V15Nb15Ta15Mo20W20,0.999965,0.999340,96.22,69.37
DFT_0366,Ti15Hf10V10Nb15Mo30W20,0.999981,0.999277,97.27,69.64
DFT_0367,Ti15Zr5Nb20Mo30W30,0.999884,0.998332,115.04,76.46
DFT_0368,Ti15Zr5V25Ta10Mo30W15,0.999986,0.046819,96.85,3106.85
DFT_0369,Ti15Zr10Hf20V20Mo15W20,0.999990,0.999961,64.21,67.29
DFT_0370,Ti15Zr15Hf40V10Ta10W10,0.999975,0.000069,30.58,-10570.70
DFT_0371,Ti15Zr20Hf25V10Nb10Ta20,0.999965,0.999974,29.88,69.67
DFT_0372,Ti15Zr40Hf15Ta20W10,0.154757,0.211746,-242879.42,207703.37
DFT_0373,Ti15Zr40Hf40Nb5,0.995730,0.999991,15.93,76.62
DFT_0374,Ti20Hf40Nb10Ta30,0.999320,0.999276,-6.05,71.46
DFT_0375,Ti20Zr15Hf20V30Mo15,0.000069,0.811547,-5826.99,798175.89
DFT_0376,Ti20Zr20Hf40Ta10Mo10,0.999988,0.999985,27.42,74.78
DFT_0377,Ti20Zr25Hf15V20Nb20,0.999913,0.999955,30.26,57.35
DFT_0378,Ti20Zr35Hf15V5Nb25,0.999844,0.999953,26.37,59.84
DFT_0379,Ti25Ta15Mo30W30,0.999978,0.999335,108.01,84.41
DFT_0380,Ti25Zr10Hf30Nb35,0.999965,0.999944,31.02,65.31
DFT_0381,Ti25Zr15Hf30Nb15Ta15,0.999973,0.999983,26.49,72.71
DFT_0382,Ti25Zr30Hf15V25W5,0.999917,0.999983,25.79,61.77
DFT_0383,Ti25Zr40V10Mo15W10,0.999980,0.999912,42.73,55.23
DFT_0384,Ti25Zr40Hf25Nb10,0.998409,0.999974,16.62,69.90
DFT_0385,Ti30Zr15Hf25V5Ta15W10,0.999983,0.999992,30.09,74.00
DFT_0386,Ti30Zr40V20Mo10,0.999929,0.999973,29.16,53.72
DFT_0387,Ti30Zr40Hf5Ta15W10,0.999962,0.999989,26.77,66.92
DFT_0388,Ti35Zr15Hf25V15W10,0.999981,0.999996,26.83,68.75
DFT_0389,Ti35Zr35Hf10Mo10W10,0.999982,0.999980,31.38,62.93
DFT_0390,Ti40Hf20V10Nb15Ta15,0.999963,0.999996,30.09,68.36
DFT_0391,Ti40Zr10Hf40W10,0.999723,0.999987,20.60,77.56
DFT_0392,Ti40Zr15Hf15Nb15Ta15,0.999951,0.999994,25.39,68.35
DFT_0393,Ti40Zr20Nb35Ta5,0.999895,0.999963,32.35,56.21
DFT_0394,Ti40Zr20V35W5,0.999920,0.999989,32.17,56.76
DFT_0395,Ti40Zr20Hf10Ta20W10,0.169099,0.999995,15359.70,71.83
DFT_0396,Ti40Zr25Ta30Mo5,0.999971,0.999994,29.38,67.92
DFT_0397,Ti40Zr25V20Nb15,0.999887,0.999982,26.99,55.63
DFT_0398,Ti40Zr25Hf25V10,0.998505,0.999974,12.95,70.11
DFT_0399,Ti40Zr40V5Mo15,0.999946,0.999977,27.52,56.10
DFT_0400,Nb5Ta35Mo30W30,0.999828,0.999101,137.51,95.93
DFT_0401,Nb20Ta50Mo15W15,0.999880,0.999719,92.31,72.25
DFT_0402,Nb30Ta35Mo30W5,0.999548,0.996947,100.18,64.35
DFT_0403,Nb35Ta20Mo20W25,0.998833,0.993035,116.80,72.69
DFT_0404,Nb50Ta10Mo30W10,0.999573,0.994291,114.68,62.93
DFT_0405,Nb50Ta30Mo10W10,0.999294,0.999856,86.26,58.18
DFT_0406,V5Nb5Ta30Mo30W30,0.999877,0.999124,138.13,94.84
DFT_0407,V5Nb25Ta25Mo30W15,0.999016,0.993655,116.90,72.05
DFT_0408,V5Nb30Ta35W30,0.999932,0.999671,92.43,71.03
DFT_0409,V5Nb30Ta40Mo15W10,0.999865,0.999917,88.77,64.67
DFT_0410,V15Ta50Mo10W25,0.999746,0.999542,95.25,79.27
DFT_0411,V15Nb10Ta45Mo30,0.999942,0.999333,93.23,65.62
DFT_0412,V15Nb50Ta20Mo5W10,0.999315,0.999725,81.71,53.79
DFT_0413,V20Nb15Ta50W15,0.999768,0.999795,82.36,74.71
DFT_0414,V20Nb25Mo25W30,0.999933,0.998858,137.09,83.31
DFT_0415,V20Nb40Ta25W15,0.999067,0.633219,82.44,-83297.98
DFT_0416,V20Nb45Ta5Mo30,0.999737,0.993227,99.06,49.54
DFT_0417,V20Nb50Mo15W15,0.999728,0.994220,98.13,51.76
DFT_0418,V25Ta30Mo30W15,0.999620,0.998015,112.47,75.69
DFT_0419,V25Nb5Ta20Mo30W20,0.999965,0.997661,123.51,79.49
DFT_0420,V25Nb5Ta40Mo25W5,,,,
DFT_0421,V25Nb20Ta25Mo15W15,0.999941,0.998801,94.32,62.61
DFT_0422,V25Nb25Ta5Mo15W30,0.999445,0.994604,117.63,71.28
DFT_0423,V25Nb50Ta15Mo10,0.999667,0.999376,76.79,46.37
DFT_0424,V30Nb20Ta20W30,0.999958,0.999127,93.79,66.66
DFT_0425,V30Nb20Ta30Mo20,,,,
DFT_0426,V35Ta20Mo15W30,0.999885,0.997322,112.12,76.92
DFT_0427,V35Nb45Ta5Mo5W10,0.999712,0.999891,81.41,46.07
DFT_0428,V40Ta40Mo5W15,,,,
DFT_0429,V40Nb20Mo30W10,0.999468,0.994207,114.87,59.68
DFT_0430,V40Nb35Mo5W20,0.999981,0.997891,91.80,51.17
DFT_0431,Hf5Nb5Ta50Mo25W15,0.999817,0.998722,92.90,76.88
DFT_0432,Hf5V10Nb40Mo30W15,0.999685,0.996417,114.31,65.14
DFT_0433,Hf5V15Nb25Ta20Mo5W30,0.070406,0.474325,60354.67,-156590.71
DFT_0434,Hf5V25Nb15Ta45W10,0.999505,0.999970,70.68,72.15
DFT_0435,Hf5V25Nb25Ta20Mo25,0.999882,0.999634,86.65,55.15
DFT_0436,Hf10Ta40Mo20W30,0.999939,0.999158,91.75,81.87
DFT_0437,Hf10Nb40Ta10Mo15W25,0.999921,0.998678,97.20,67.41
DFT_0438,Hf10Nb40Ta20Mo30,0.999904,0.000067,87.65,-2838.61
DFT_0439,Hf10V10Ta30Mo30W20,0.999882,0.998611,99.17,81.73
DFT_0440,Hf10V10Nb20Mo30W30,0.999981,0.998505,125.11,81.73
DFT_0441,Hf10V20Nb35Mo5W30,0.999994,0.999229,92.09,63.59
DFT_0442,Hf10V25Ta35W30,0.999973,0.999825,76.95,79.70
DFT_0443,Hf10V35Ta25Mo20W10,0.999967,0.999881,86.33,67.23
DFT_0444,Hf10V35Ta50Mo5,0.999811,0.999947,55.35,69.64
DFT_0445,Hf10V40Ta5Mo20W25,0.999913,0.998459,102.55,70.61
DFT_0446,Hf10V40Nb10Mo30W10,0.999956,0.998170,99.27,59.47
DFT_0447,Hf15Nb25Ta20Mo30W10,0.999969,0.811554,92.34,593561.32
DFT_0448,Hf15Nb25Ta25Mo5W30,0.999998,0.168677,86.85,211071.00
DFT_0449,Hf15Nb25Ta45W15,0.999367,0.999942,57.22,72.29
DFT_0450,Hf15Nb35Mo30W20,0.999854,0.998243,105.48,69.33
DFT_0451,Hf15Nb35Ta30Mo10W10,0.000068,0.999959,-4323.38,65.06
DFT_0452,Hf15Nb50Ta15W20,0.168448,0.811554,-207121.90,575162.98
DFT_0453,Hf15Nb50Ta25Mo10,0.999790,0.212261,67.23,-229085.25
DFT_0454,Hf15V5Ta50Mo30,0.999986,0.999872,62.81,66.42
DFT_0455,Hf15V5Nb5Ta25Mo20W30,0.999945,0.999130,99.82,81.80
DFT_0456,Hf15V5Nb50Ta10W20,0.999816,0.999976,75.74,64.87
DFT_0457,Hf15V10Nb15Ta45Mo15,0.999645,0.999980,55.64,66.65
DFT_0458,Hf15V10Nb45Ta15Mo15,0.999923,0.999928,70.45,58.42
DFT_0459,Hf15V15Ta35Mo30W5,0.999976,0.999734,67.86,64.73
DFT_0460,Hf15V20Ta15Mo20W30,0.212566,0.002851,253968.75,37206.30
DFT_0461,Hf15V20Nb15Ta20W30,0.710720,0.999048,-602350.09,105.01
DFT_0462,Hf15V20Nb25Mo20W20,0.999989,0.999156,92.93,63.95
DFT_0463,Hf15V20Nb45W20,0.999895,0.999987,74.94,59.33
DFT_0464,Hf15V25Nb40Mo5W15,0.999915,0.118071,74.64,183906.98
DFT_0465,Hf15V30Nb30Mo25,0.999982,0.999818,78.58,51.01
DFT_0466,Hf15V35Mo20W30,0.999942,0.998801,102.40,73.70
DFT_0467,Hf15V35Nb25Ta20W5,0.118077,0.999931,183176.45,62.29
DFT_0468,Hf15V40Ta25Mo20,0.999857,0.999991,73.77,63.64
DFT_0469,Hf15V40Ta30W15,0.999716,0.999999,55.30,68.82
DFT_0470,Hf15V40Ta35Mo5W5,0.999846,0.999989,50.52,66.00
DFT_0471,Hf15V40Nb30W15,0.999886,0.999982,70.66,56.54
DFT_0472,Hf20Ta30Mo30W20,0.004372,0.179636,-60540.29,-388054.75
DFT_0473,Hf20Ta50Mo15W15,0.999979,0.999855,52.59,68.89
DFT_0474,Hf20V15Ta35Mo10W20,0.999968,0.999861,59.96,75.01
DFT_0475,Hf20V20Nb35Ta25,0.999906,0.999848,54.25,65.56
DFT_0476,Hf20V40Nb20Ta20,0.007052,0.002794,77865.08,-47329.42
DFT_0477,Hf25Nb25Ta25Mo25,0.999912,0.999995,71.32,69.68
DFT_0478,Hf25Nb50Mo15W10,0.999992,0.999975,71.99,62.52
DFT_0479,Hf25V15Ta30Mo30,0.999802,0.999822,42.59,54.91
DFT_0480,Hf25V15Ta50W10,0.999967,0.999905,25.93,61.08
DFT_0481,Hf25V15Nb20Ta20Mo20,0.212299,0.474508,-394876.38,-746738.25
DFT_0482,Hf25V15Nb25Ta20W15,0.999978,0.999981,62.95,72.40
DFT_0483,Hf25V20Nb25W30,0.999929,0.999964,74.93,70.09
DFT_0484,Hf25V30Mo30W15,0.999996,0.999679,87.71,67.95
DFT_0485,Hf25V30Ta15Mo10W20,0.999958,0.086623,73.51,-339418.32
DFT_0486,Hf25V30Nb5Ta5Mo15W20,0.999954,0.999906,78.29,69.33
DFT_0487,Hf25V35Ta10W30,0.067423,0.999965,-236834.11,75.86
DFT_0488,Hf25V40Nb15Mo10W10,0.999972,0.999986,66.09,59.96
DFT_0489,Hf30Ta25Mo15W30,1.000000,0.999910,82.15,86.00
DFT_0490,Hf30Nb15Ta15Mo20W20,0.154909,0.070258,537617.35,341771.31
DFT_0491,Hf30Nb35Ta5W30,0.999935,0.999984,72.40,75.07
DFT_0492,Hf30Nb35Ta5Mo5W25,0.999939,0.999987,72.46,73.20
DFT_0493,Hf30V5Nb5Mo30W30,0.999947,0.999391,97.20,79.80
DFT_0494,Hf30V15Nb30Mo15W10,0.862278,0.999988,58.29,63.81
DFT_0495,Hf35Ta5Mo30W30,0.071150,0.999633,-319292.18,82.82
DFT_0496,Hf35Nb5Ta30Mo25W5,0.999918,0.999947,34.09,64.76
DFT_0497,Hf35Nb25Mo20W20,0.999892,0.999657,33.33,48.37
DFT_0498,Hf35V5Ta45Mo10W5,0.999719,0.999980,20.31,66.84
DFT_0499,Hf35V10Nb45Mo10,0.999977,0.999949,53.30,60.99
DFT_0500,Hf35V20Nb15Ta20Mo5W5,0.999983,0.633592,50.72,936226.35
DFT_0501,Hf35V25Nb5Ta5Mo30,0.999988,0.999973,66.15,63.97
DFT_0502,Hf35V25Nb20Mo20,0.653811,0.794335,-1296146.84,-1428766.72
DFT_0503,Hf35V25Nb30W10,0.999993,0.999976,51.65,64.56
DFT_0504,Hf35V40Ta10W15,,,,
DFT_0505,Hf40Ta30Mo20W10,0.999944,0.999964,25.70,65.51
DFT_0506,Hf40Nb25Ta25W10,0.483245,0.004419,-1163012.54,-101895.11
DFT_0507,Hf40V5Nb5Ta30W20,,,,
DFT_0508,Hf40V5Nb15Mo30W10,,,,
DFT_0509,Hf40V5Nb25Mo30,0.999974,0.999982,64.49,65.23
DFT_0510,Hf40V10Ta20Mo15W15,0.999961,0.999992,62.66,79.64
DFT_0511,Hf40V10Ta25W25,0.999954,0.999953,58.29,85.64
DFT_0512,Hf40V10Nb10Mo10W30,0.999980,0.999955,71.13,77.79
DFT_0513,Hf40V20Mo15W25,0.999985,0.999950,70.20,75.59
DFT_0514,Hf40V20Ta20Mo20,0.999829,0.048447,54.87,-337179.98
DFT_0515,Hf40V20Nb20Ta20,0.999963,0.999993,40.54,71.67
DFT_0516,Zr5Ta50Mo30W15,0.999788,0.998004,103.83,78.18
DFT_0517,Zr5V15Nb50W30,0.999973,0.998436,91.35,55.86
DFT_0518,Zr5V25Nb20Mo30W20,0.999723,0.996305,121.20,69.48
DFT_0519,Zr5V40Mo30W25,0.999970,0.997951,127.45,76.84
DFT_0520,Zr5V40Ta25Mo30,0.999991,0.999172,91.46,57.63
DFT_0521,Zr5V40Nb5Ta20W30,0.999960,0.999822,90.06,68.63
DFT_0522,Zr5Hf5V40Nb25W25,0.999855,0.999908,82.91,57.04
DFT_0523,Zr5Hf10V30Nb50Mo5,0.999935,0.999884,62.76,45.16
DFT_0524,Zr5Hf10V35Nb30Mo20,0.999960,0.999893,74.15,46.95
DFT_0525,Zr5Hf15Nb5Ta50W25,0.999929,0.999969,60.45,80.79
DFT_0526,Zr5Hf15V30Nb30Ta5W15,0.999944,0.999981,66.32,59.40
DFT_0527,Zr5Hf20Ta45W30,0.999973,0.633623,55.99,551328.40
DFT_0528,Zr5Hf20V20Ta50W5,0.999838,0.999981,32.71,70.77
DFT_0529,Zr5Hf25Nb15Ta50W5,0.999666,0.999952,19.47,57.75
DFT_0530,Zr5Hf25Nb20Ta50,0.998704,0.999884,21.46,67.14
DFT_0531,Zr5Hf25Nb25Ta10Mo30W5,0.811543,0.999936,960917.26,65.86
DFT_0532,Zr5Hf25V5Ta35Mo15W15,0.999869,0.999896,47.08,70.74
DFT_0533,Zr5Hf25V5Nb5Mo30W30,0.999950,0.999335,97.40,77.67
DFT_0534,Zr5Hf30Nb30Ta25Mo10,0.074167,0.704700,-330379.33,1079066.82
DFT_0535,Zr5Hf30V40Ta20Mo5,0.177312,0.710737,-714540.63,-1182916.12
DFT_0536,Zr5Hf40Nb40W15,0.999976,0.998673,51.20,71.04
DFT_0537,Zr5Hf40V5Nb5Ta15W30,0.998752,0.004306,1284560.59,90383.81
DFT_0538,Zr5Hf40V40Mo15,0.999980,0.369269,46.66,-919449.61
DFT_0539,Zr10Nb20Ta25Mo20W25,0.999723,0.998037,101.21,71.04
DFT_0540,Zr10Nb20Ta50Mo20,0.999511,0.999964,78.44,67.98
DFT_0541,Zr10V15Nb25Ta50,0.999548,0.999886,61.69,68.31
DFT_0542,Zr10V15Nb30Ta25W20,0.999632,0.999963,78.26,63.82
DFT_0543,Zr10V20Nb40Ta25Mo5,0.999917,0.999847,66.00,54.51
DFT_0544,Zr10V25Nb5Ta25Mo20W15,0.999997,0.999513,90.45,64.58
DFT_0545,Zr10V40Nb35Ta5W10,0.999741,0.999894,70.42,47.46
DFT_0546,Zr10Hf5V5Nb5Ta50W25,0.999950,0.999981,71.14,78.48
DFT_0547,Zr10Hf5V25Nb5Ta50Mo5,0.999929,0.999926,55.79,68.93
DFT_0548,Zr10Hf5V40Nb45,0.212116,0.295052,-82658.42,-130803.24
DFT_0549,Zr10Hf15V25Ta30Mo20,0.387764,0.999988,413439.57,56.05
DFT_0550,Zr10Hf15V40Mo15W20,0.999966,0.999853,78.30,62.29
DFT_0551,Zr10Hf30V25Nb5W30,0.999982,0.999984,61.81,72.01
DFT_0552,Zr10Hf40Nb20Ta15W15,0.639705,0.999728,-1180900.60,715.60
DFT_0553,Zr15Nb5Ta45Mo15W20,0.999950,0.999953,85.56,75.13
DFT_0554,Zr15Nb40Mo15W30,0.999919,0.997884,99.02,62.40
DFT_0555,Zr15Nb40Ta10Mo30W5,0.999962,0.998912,87.29,53.94
DFT_0556,Zr15Nb50Mo25W10,0.999891,0.998489,87.79,51.62
DFT_0557,Zr15V5Nb30Ta20Mo15W15,0.999920,0.999889,82.26,60.43
DFT_0558,Zr15V15Ta30Mo10W30,0.999999,0.999742,89.61,73.68
DFT_0559,Zr15V20Ta20Mo30W15,0.999954,0.998796,96.46,65.91
DFT_0560,Zr15V20Ta45Mo15W5,0.999827,0.999988,73.03,68.42
DFT_0561,Zr15V20Nb20Mo15W30,0.999933,0.998236,97.93,62.96
DFT_0562,Zr15V20Nb25Mo30W10,0.999946,0.997975,93.45,53.55
DFT_0563,Zr15V20Nb45Ta20,0.999950,0.999874,58.36,51.25
DFT_0564,Zr15V20Nb50Mo15,0.999852,0.999904,69.66,40.51
DFT_0565,Zr15V30Nb20Ta35,0.999813,0.999898,57.24,60.36
DFT_0566,Zr15V40Mo30W15,0.999939,0.997943,99.39,58.44
DFT_0567,Zr15V40Ta20Mo10W15,0.999878,0.999969,77.61,60.95
DFT_0568,Zr15V40Nb15W30,0.999927,0.999822,82.54,57.99
DFT_0569,Zr15Hf5Nb45Mo5W30,0.999976,0.999756,83.64,60.91
DFT_0570,Zr15Hf5V25Nb5Mo20W30,0.999961,0.998810,97.57,67.02
DFT_0571,Zr15Hf10V40Mo30W5,0.999988,0.070257,78.54,125568.34
DFT_0572,Zr15Hf15Ta30Mo25W15,0.811557,0.633633,598198.92,417846.68
DFT_0573,Zr15Hf15Nb40Ta20W10,0.999945,0.118089,55.60,165853.12
DFT_0574,Zr15Hf15V10Nb50W10,0.999988,0.999939,55.99,54.79
DFT_0575,Zr15Hf15V15Nb25Mo30,0.999998,0.999853,70.27,52.34
DFT_0576,Zr15Hf15V20Mo25W25,0.474460,0.633443,-468920.10,-428345.75
DFT_0577,Zr15Hf15V20Ta10Mo30W10,0.999982,0.999827,77.96,63.25
DFT_0578,Zr15Hf15V20Ta25W25,0.999958,0.999988,65.06,74.76
DFT_0579,Zr15Hf25Ta20Mo10W30,0.109646,0.168889,-346934.41,340477.67
DFT_0580,Zr15Hf25Nb40Ta20,0.999841,0.999942,42.81,66.58
DFT_0581,Zr15Hf25V15Ta45,0.999600,0.999997,14.80,66.63
DFT_0582,Zr15Hf25V40Nb20,0.999888,0.999902,40.26,55.45
DFT_0583,Zr15Hf30V20Nb25Mo10,0.999961,0.999965,45.55,58.26
DFT_0584,Zr15Hf35V20Mo30,0.999993,0.999958,55.41,61.56
DFT_0585,Zr15Hf40Nb15W30,0.999988,0.999991,54.12,77.53
DFT_0586,Zr15Hf40V15Nb30,0.999936,0.999865,34.85,63.98
DFT_0587,Zr20Ta30Mo20W30,0.999951,0.999352,95.15,75.72
DFT_0588,Zr20Ta40Mo30W10,0.999966,0.999800,85.94,69.80
DFT_0589,Zr20Ta50Mo10W20,0.999872,0.999986,77.50,77.79
DFT_0590,Zr20Nb25Ta40Mo5W10,0.999912,0.999975,66.13,68.57
DFT_0591,Zr20Nb30Ta25Mo25,0.999969,0.999953,73.38,56.84
DFT_0592,Zr20Nb30Ta30W20,0.999891,0.999974,70.61,67.93
DFT_0593,Zr20Nb50Ta10Mo10W10,0.999967,0.999928,69.95,52.83
DFT_0594,Zr20V10Nb15Ta25Mo30,0.999978,0.999876,77.20,57.14
DFT_0595,Zr20V20Ta40Mo20,0.999929,0.999985,68.55,63.63
DFT_0596,Zr20V20Ta50W10,0.999938,0.999968,60.50,73.12
DFT_0597,Zr20V20Nb30Mo30,0.999995,0.999166,78.15,44.59
DFT_0598,Zr20V25Mo25W30,0.999907,0.998597,103.81,64.70
DFT_0599,Zr20V25Nb20Ta20Mo15,0.999941,0.999968,65.19,52.44
DFT_0600,Zr20V25Nb30Mo10W15,0.999955,0.999863,73.75,49.74
DFT_0601,Zr20V35Nb30Mo15,0.999858,0.999892,66.07,40.79
DFT_0602,Zr20V40Nb10Mo30,0.999994,0.999255,78.66,44.04
DFT_0603,Zr20Hf5Ta15Mo30W30,0.999910,0.008534,102.25,-20415.46
DFT_0604,Zr20Hf5V5Nb35Ta5W30,0.999944,0.999955,74.71,62.77
DFT_0605,Zr20Hf10V40Ta15Mo15,0.118104,0.633647,122451.91,283669.11
DFT_0606,Zr20Hf15V5Nb20Mo20W20,0.999991,0.999859,74.91,62.87
DFT_0607,Zr20Hf15V35W30,0.070251,0.429903,178893.44,-469342.17
DFT_0608,Zr20Hf20Ta45Mo15,0.999792,0.999980,31.11,66.96
DFT_0609,Zr20Hf20Nb15Ta30W15,0.999852,0.999980,32.03,66.34
DFT_0610,Zr20Hf20Nb20Ta10W30,0.999974,0.999983,63.51,72.81
DFT_0611,Zr20Hf20Nb40Ta5Mo15,0.999973,0.999950,53.11,56.77
DFT_0612,Zr20Hf20Nb45Mo15,0.999950,0.999943,53.46,54.21
DFT_0613,Zr20Hf20V15Nb25W20,0.999990,0.999977,55.39,62.61
DFT_0614,Zr20Hf20V25Ta25W10,0.255840,0.782743,-451034.54,-779291.95
DFT_0615,Zr20Hf20V40Ta20,0.999876,0.999947,38.16,63.24
DFT_0616,Zr20Hf25Nb15Mo20W20,0.999996,0.999942,67.67,67.48
DFT_0617,Zr20Hf25V30Mo15W10,0.999988,0.999968,54.24,60.65
DFT_0618,Zr20Hf30V40Nb5Ta5,0.999869,0.999966,33.30,61.09
DFT_0619,Zr20Hf35Ta20Mo15W10,0.999510,0.999960,85.41,399.15
DFT_0620,Zr20Hf35V25W20,0.999963,0.999981,44.08,69.57
DFT_0621,Zr20Hf40Mo20W20,0.999992,0.999977,57.49,74.02
DFT_0622,Zr20Hf40Ta25Mo15,0.335143,0.999984,943969.08,76.52
DFT_0623,Zr20Hf40Nb25Mo15,0.999971,0.999931,42.61,65.47
DFT_0624,Zr20Hf40V5Mo30W5,0.999957,0.999964,53.72,67.39
DFT_0625,Zr20Hf40V5Ta5W30,0.999768,0.999990,49.68,79.18
DFT_0626,Zr20Hf40V20Ta10W10,0.999985,0.118041,35.05,439353.91
DFT_0627,Zr25Nb20Ta15Mo10W30,0.999965,0.999821,82.73,66.35
DFT_0628,Zr25Nb50Ta20W5,0.999976,0.999880,54.93,54.88
DFT_0629,Zr25V5Nb50W20,0.999953,0.999944,66.47,52.10
DFT_0630,Zr25V10Nb10Mo30W25,0.999958,0.998617,98.62,64.26
DFT_0631,Zr25V20Ta30W25,0.999936,0.999981,68.82,70.10
DFT_0632,Zr25V20Nb15Ta10W30,0.999936,0.999944,73.53,62.59
DFT_0633,Zr25V20Nb45Ta5Mo5,0.999911,0.999908,55.04,43.51
DFT_0634,Zr25V25Ta20Mo30,0.069645,0.632948,-17033.83,-41110.88
DFT_0635,Zr25V25Nb5Ta15Mo30,0.999986,0.999809,72.97,51.91
DFT_0636,Zr25V40Mo15W20,0.999975,0.999704,78.09,54.60
DFT_0637,Zr25V40Ta30W5,0.999974,0.999970,52.68,61.27
DFT_0638,Zr25V40Nb5Ta5Mo5W20,0.999927,0.999932,69.51,55.42
DFT_0639,Zr25Hf10V35Nb5W25,0.999972,0.999946,61.44,60.26
DFT_0640,Zr25Hf15Nb5Ta45Mo10,0.999868,0.999968,32.12,66.75
DFT_0641,Zr25Hf15Nb30W30,0.999985,0.999969,63.63,65.80
DFT_0642,Zr25Hf15V10Nb35Ta15,0.067420,0.062531,-123441.66,143235.76
DFT_0643,Zr25Hf25Ta35W15,0.999735,0.999981,20.56,68.70
DFT_0644,Zr25Hf25Nb20Mo30,0.999949,0.999930,56.83,58.32
DFT_0645,Zr25Hf25V15Ta15Mo20,0.999980,0.999975,47.63,63.79
DFT_0646,Zr25Hf35Nb25W15,0.999976,0.999946,41.73,69.31
DFT_0647,Zr25Hf35Nb25Mo5W10,0.999976,0.999943,41.91,67.26
DFT_0648,Zr30Nb15Ta15Mo25W15,0.999996,0.999794,77.98,60.71
DFT_0649,Zr30Nb20Mo30W20,0.999989,0.999160,88.19,59.25
DFT_0650,Zr30V5Ta40Mo10W15,0.999961,0.999983,64.83,70.58
DFT_0651,Zr30V5Nb5Ta25Mo30W5,0.999988,0.999887,72.94,60.19
DFT_0652,Zr30V5Nb35Ta5Mo25,0.999960,0.999796,65.75,46.64
DFT_0653,Zr30V15Nb20Ta25W10,0.281330,0.810158,37025.89,53940.97
DFT_0654,Zr30V20Ta20Mo15W15,0.999960,0.000088,68.64,559.42
DFT_0655,Zr30V25Nb30W15,0.999951,0.999914,58.27,49.18
DFT_0656,Zr30V40Nb15Mo10W5,0.999938,0.999756,58.17,44.44
DFT_0657,Zr30Hf5V5Nb10Ta30W20,0.999974,0.999985,52.82,68.03
DFT_0658,Zr30Hf10V20Nb20Mo20,0.999967,0.999896,54.77,48.42
DFT_0659,Zr30Hf15V15Mo10W30,0.999994,0.999918,65.72,66.00
DFT_0660,Zr30Hf20Ta20Mo30,0.710809,0.633615,726044.97,510962.54
DFT_0661,Zr30Hf20V15Nb10Ta25,0.212316,0.295129,-289059.65,-457228.56
DFT_0662,Zr30Hf20V20Nb30,0.999812,0.999820,35.95,54.43
DFT_0663,Zr30Hf25V10Nb25Ta5W5,0.999888,0.999893,36.77,61.82
DFT_0664,Zr30Hf25V20Ta25,0.062386,0.999948,-250619.71,68.65
DFT_0665,Zr30Hf30Nb5Ta5Mo25W5,0.999988,0.999965,50.14,65.29
DFT_0666,Zr30Hf30V10Ta5Mo5W20,0.999975,0.999979,45.37,70.45
DFT_0667,Zr30Hf40Ta15W15,0.067448,0.999977,-315312.35,78.80
DFT_0668,Zr30Hf40V15Mo15,0.999982,0.999941,34.56,65.43
DFT_0669,Zr35Ta50Mo5W10,0.999920,0.999981,53.59,73.00
DFT_0670,Zr35Nb50Mo10W5,0.999841,0.999829,55.53,45.46
DFT_0671,Zr35V5Ta25Mo5W30,0.999983,0.999962,68.98,70.33
DFT_0672,Zr35V10Nb30Ta25,0.999903,0.999940,43.23,55.81
DFT_0673,Zr35V15Nb25Ta5Mo5W15,0.999975,0.999920,57.96,52.53
DFT_0674,Zr35Hf5Nb30Ta5W25,0.999905,0.999950,59.11,60.60
DFT_0675,Zr35Hf10Nb20Ta20Mo15,0.999971,0.999961,47.95,59.25
DFT_0676,Zr35Hf10Nb40Mo5W10,0.999943,0.999940,49.30,53.68
DFT_0677,Zr35Hf10V15Mo30W10,0.999997,0.999820,65.52,55.45
DFT_0678,Zr35Hf15Mo20W30,0.999997,0.999875,70.58,67.83
DFT_0679,Zr35Hf15Ta15Mo15W20,0.117929,0.999729,-165977.29,84.81
DFT_0680,Zr35Hf15V5Ta35W10,0.999976,0.999969,25.87,67.01
DFT_0681,Zr35Hf15V5Ta45,0.999940,0.999890,15.01,62.07
DFT_0682,Zr35Hf20V25Mo20,0.999973,0.999937,44.23,54.37
DFT_0683,Zr35Hf25Ta10W30,0.999983,0.999984,48.96,75.00
DFT_0684,Zr35Hf25Nb15Ta25,0.002804,0.999870,-50153.97,70.08
DFT_0685,Zr35Hf40V5Nb5W15,0.999983,0.999961,32.78,72.83
DFT_0686,Zr40Ta25Mo20W15,0.999985,0.999932,64.92,64.30
DFT_0687,Zr40Nb15Ta15W30,0.999984,0.999958,61.86,65.33
DFT_0688,Zr40Nb15Ta15Mo30,0.999982,0.999854,61.27,52.72
DFT_0689,Zr40V5Ta5Mo20W30,0.999997,0.999732,77.76,63.54
DFT_0690,Zr40V5Nb5Ta5Mo15W30,0.999995,0.999808,73.58,62.45
DFT_0691,Zr40V5Nb10Ta15Mo30,0.999986,0.999861,61.06,52.43
DFT_0692,Zr40V5Nb20Mo15W20,0.999989,0.999838,65.78,54.37
DFT_0693,Zr40V10Nb30Mo20,0.999906,0.999833,54.66,43.53
DFT_0694,Zr40V15Ta35W10,0.999977,0.999964,45.09,65.46
DFT_0695,Zr40V20Mo30W10,0.999995,0.999640,69.05,50.62
DFT_0696,Zr40V20Ta25Mo15,0.633163,0.999959,-58272.41,56.01
DFT_0697,Zr40V20Nb5Ta20Mo15,0.999979,0.999950,49.45,53.49
DFT_0698,Zr40V25Mo5W30,0.999977,0.999866,64.91,58.29
DFT_0699,Zr40V40Mo10W10,0.999960,0.999903,53.66,48.37
DFT_0700,Zr40Hf5V15Ta20W20,0.168343,0.003193,-66811.01,12346.35
DFT_0701,Zr40Hf5V20Nb25W10,0.999962,0.999913,44.09,50.91
DFT_0702,Zr40Hf20Nb15Ta15W10,0.999977,0.999865,42.03,84.39
DFT_0703,Zr40Hf20V15W25,0.999969,0.999964,44.37,65.51
DFT_0704,Zr40Hf20V30W10,0.999924,0.999936,33.95,59.59
DFT_0705,Zr40Hf25Nb5Ta5Mo25,0.999978,0.999926,43.59,61.02
DFT_0706,Zr40Hf25Nb20Mo15,0.999920,0.999842,43.50,82.42
DFT_0707,Zr40Hf25V10Mo10W15,0.999978,0.999953,42.39,64.23
DFT_0708,Zr40Hf25V25Mo5W5,0.999955,0.999932,32.00,60.42
DFT_0709,Zr40Hf30Mo15W15,0.999984,0.999961,44.04,67.57
DFT_0710,Zr40Hf40Ta10Mo10,0.999934,0.212310,28.20,-544234.34
DFT_0711,Zr40Hf40Nb10Ta5Mo5,0.999991,0.999771,30.67,99.12
DFT_0712,Zr40Hf40V10W10,0.999941,0.999963,26.97,72.46
DFT_0713,Ti5Nb5Ta50Mo10W30,0.999859,0.999454,97.60,83.56
DFT_0714,Ti5Nb30Ta5Mo30W30,0.999915,0.999136,136.24,86.25
DFT_0715,Ti5Nb45Ta15Mo20W15,0.999886,0.997614,98.93,61.23
DFT_0716,Ti5V5Nb5Ta25Mo30W30,0.999959,0.998782,130.07,91.25
DFT_0717,Ti5V5Nb30Ta40Mo10W10,0.999424,0.999980,83.76,67.87
DFT_0718,Ti5V5Nb50Ta10W30,0.999972,0.999250,92.58,62.16
DFT_0719,Ti5V5Nb50Ta10Mo30,0.999955,0.997108,94.05,52.37
DFT_0720,Ti5V20Ta45Mo10W20,0.999897,0.999799,90.04,77.73
DFT_0721,Ti5V20Nb15Ta30W30,0.999980,0.999794,90.89,73.97
DFT_0722,Ti5V40Nb5Ta10Mo30W10,0.999748,0.997099,106.24,62.64
DFT_0723,Ti5V40Nb5Ta40Mo10,,,,
DFT_0724,Ti5V40Nb10Mo30W15,0.999681,0.996094,114.82,64.64
DFT_0725,Ti5V40Nb20Ta20W15,0.999567,0.999972,80.19,61.07
DFT_0726,Ti5V40Nb30Mo20W5,0.999991,0.998549,89.74,46.98
DFT_0727,Ti5V40Nb30Ta25,0.999867,0.999740,67.59,55.66
DFT_0728,Ti5V40Nb35Ta10Mo5W5,0.999732,0.999889,75.65,48.87
DFT_0729,Ti5Hf5V20Nb25Ta30Mo15,0.999837,0.999987,70.17,60.23
DFT_0730,Ti5Hf5V40Nb5Ta15W30,0.118286,0.999857,65532.48,71.50
DFT_0731,Ti5Hf10V5Nb5Ta45Mo30,0.999939,0.999881,70.47,67.14
DFT_0732,Ti5Hf15V30Nb5Ta30W15,0.999852,0.999995,51.51,68.71
DFT_0733,Ti5Hf25V5Nb35Mo30,0.988807,0.999933,55.05,59.51
DFT_0734,Ti5Hf25V20Nb40Ta10,0.999974,0.999959,48.49,61.09
DFT_0735,Ti5Hf25V40Mo30,0.999988,0.999936,71.02,57.99
DFT_0736,Ti5Hf30Nb50Mo10W5,0.999963,0.999956,57.92,62.48
DFT_0737,Ti5Hf30V5Nb35Mo5W20,0.999967,0.999993,64.88,69.13
DFT_0738,Ti5Hf30V30Ta35,0.387713,0.999973,831796.83,65.06
DFT_0739,Ti5Hf40Ta40W15,0.999844,0.999981,9.80,68.91
DFT_0740,Ti5Hf40V15Nb25W15,0.999990,0.999988,49.45,70.46
DFT_0741,Ti5Hf40V20Ta25Mo10,0.999982,0.999990,43.53,74.89
DFT_0742,Ti5Hf40V25Mo15W15,0.999978,0.999989,58.99,70.89
DFT_0743,Ti5Hf40V40Nb5W10,0.999978,0.633583,43.01,1122825.70
DFT_0744,Ti5Zr5V10Nb45Ta5Mo30,0.999949,0.998320,88.87,49.95
DFT_0745,Ti5Zr5V15Nb25Mo25W25,0.999725,0.996999,113.60,68.99
DFT_0746,Ti5Zr5Hf10Nb50Ta30,0.999654,0.999645,45.20,60.04
DFT_0747,Ti5Zr5Hf10V5Nb50Ta25,0.000213,0.999859,148.35,74.10
DFT_0748,Ti5Zr5Hf20Nb25Ta30W15,0.999880,0.999975,40.34,67.08
DFT_0749,Ti5Zr5Hf20V15Nb40Mo15,0.999992,0.999959,60.04,54.00
DFT_0750,Ti5Zr5Hf25V40Nb25,0.000069,0.999944,-7300.17,55.78
DFT_0751,Ti5Zr5Hf40Nb10Ta20Mo20,0.999985,0.999987,50.16,74.59
DFT_0752,Ti5Zr5Hf40V10Nb35Ta5,0.999953,0.999921,37.80,66.57
DFT_0753,Ti5Zr5Hf40V15Ta5Mo30,0.999990,0.999986,56.20,67.23
DFT_0754,Ti5Zr5Hf40V35Nb5W10,0.999967,0.999986,40.20,67.60
DFT_0755,Ti5Zr10V5Ta50Mo30,0.999776,0.999952,82.16,70.57
DFT_0756,Ti5Zr10V15Nb50Mo20,0.999993,0.999709,74.87,43.39
DFT_0757,Ti5Zr10V35Nb15Ta35,0.999870,0.999910,57.95,62.09
DFT_0758,Ti5Zr10Hf40Ta45,0.999479,0.999265,-10.21,52.90
DFT_0759,Ti5Zr10Hf40Nb5Ta40,0.997418,0.999156,-4.21,71.13
DFT_0760,Ti5Zr10Hf40V5Mo20W20,0.999996,0.999980,60.72,74.32
DFT_0761,Ti5Zr15Nb15Ta35W30,0.999884,0.999980,79.26,76.13
DFT_0762,Ti5Zr15Nb30Mo25W25,0.999954,0.998432,100.89,64.61
DFT_0763,Ti5Zr15Nb30Ta30Mo20,0.999949,0.999967,70.56,60.27
DFT_0764,Ti5Zr15Hf5V40Nb5Mo30,0.999983,0.999688,75.50,48.20
DFT_0765,Ti5Zr15Hf5V40Nb35,0.999964,0.999945,52.23,45.01
DFT_0766,Ti5Zr15Hf10V40Ta30,0.811551,0.999962,413765.44,62.56
DFT_0767,Ti5Zr15Hf15V20Ta15W30,0.999977,0.999974,65.99,73.73
DFT_0768,Ti5Zr15Hf40Nb15Ta10W15,0.999987,0.999986,41.13,76.34
DFT_0769,Ti5Zr20V5Nb50Mo10W10,0.999962,0.999911,67.26,48.73
DFT_0770,Ti5Zr20Hf5Nb20Ta40Mo10,0.999955,0.999965,49.61,65.15
DFT_0771,Ti5Zr20Hf5V30Nb35Mo5,0.999966,0.710898,52.14,196111.85
DFT_0772,Ti5Zr20Hf20V30Mo15W10,0.999985,0.999964,54.77,59.45
DFT_0773,Ti5Zr25V20Nb5Ta45,0.999948,0.999959,45.37,67.30
DFT_0774,Ti5Zr25Hf5V5Nb30Mo30,0.999991,0.999759,67.19,48.86
DFT_0775,Ti5Zr25Hf15Ta25Mo30,0.999988,0.999971,58.90,65.86
DFT_0776,Ti5Zr30Nb20Ta45,0.999903,0.999953,43.04,67.17
DFT_0777,Ti5Zr30Nb35Ta25W5,0.012851,0.999951,24200.59,59.23
DFT_0778,Ti5Zr30V25Nb5Ta20Mo15,0.999972,0.999964,53.90,54.48
DFT_0779,Ti5Zr30V40Nb25,0.999971,0.999953,44.46,44.48
DFT_0780,Ti5Zr30Hf15V30Nb20,0.999845,0.999893,34.81,53.19
DFT_0781,Ti5Zr30Hf30Ta30Mo5,0.990440,0.999834,2.71,68.23
DFT_0782,Ti5Zr30Hf30Nb35,0.999853,0.999820,31.27,62.92
DFT_0783,Ti5Zr30Hf40V10Mo15,0.999983,0.999953,32.52,67.13
DFT_0784,Ti5Zr30Hf40V10Ta15,0.999941,0.633592,23.47,960537.42
DFT_0785,Ti5Zr35Hf5V30Mo25,0.000065,0.118172,-1405.77,59926.14
DFT_0786,Ti5Zr35Hf10V30Ta20,0.999848,0.999957,32.63,60.48
DFT_0787,Ti5Zr35Hf40Nb5Ta10W5,0.999955,0.999959,25.53,76.65
DFT_0788,Ti5Zr40V5Ta35Mo15,0.999988,0.999209,46.27,62.82
DFT_0789,Ti5Zr40Hf10V5Ta35Mo5,0.999982,0.999994,21.48,60.54
DFT_0790,Ti5Zr40Hf10V35Nb5Mo5,0.999899,0.999902,33.88,51.82
DFT_0791,Ti5Zr40Hf10V40Mo5,0.999961,0.999985,21.63,48.38
DFT_0792,Ti5Zr40Hf20Nb5W30,0.999978,0.999971,46.30,69.18
DFT_0793,Ti5Zr40Hf20Nb25Mo10,0.999956,0.999858,41.85,79.29
DFT_0794,Ti5Zr40Hf25Mo30,0.999977,0.999937,44.12,59.78
DFT_0795,Ti5Zr40Hf25V15Nb15,0.999928,0.999859,32.12,80.89
DFT_0796,Ti10Nb35Ta50W5,0.999826,0.999935,69.30,73.12
DFT_0797,Ti10Nb50Mo10W30,0.999912,0.998070,101.74,64.63
DFT_0798,Ti10Nb50Ta25Mo10W5,0.999811,0.999935,76.60,60.13
DFT_0799,Ti10V5Nb20Ta35Mo30,0.999862,0.999700,89.35,64.81
DFT_0800,Ti10V5Nb35Ta45Mo5,0.999840,0.999898,68.56,68.41
DFT_0801,Ti10V5Nb50Ta5Mo5W25,0.999916,0.999425,90.60,60.42
DFT_0802,Ti10V15Nb35Ta25Mo15,0.999854,0.999969,76.07,57.65
DFT_0803,Ti10V15Nb40Ta35,0.999592,0.999824,63.72,62.81
DFT_0804,Ti10V35Nb25Ta20Mo10,0.999865,0.999963,72.29,54.69
DFT_0805,Ti10V40Nb10Mo10W30,0.999943,0.998674,101.16,67.13
DFT_0806,Ti10Hf5Nb20Ta50W15,0.999808,0.999990,67.89,77.99
DFT_0807,Ti10Hf10Nb50Mo15W15,0.999971,0.999810,81.96,59.73
DFT_0808,Ti10Hf10V40Ta20W20,0.999940,0.999992,71.65,71.96
DFT_0809,Ti10Hf15Ta25Mo20W30,0.999983,0.176668,91.70,-93997.06
DFT_0810,Ti10Hf20V5Nb5Ta50Mo10,0.999228,0.999976,35.54,70.61
DFT_0811,Ti10Hf20V15Nb20Ta35,0.999762,0.999930,27.55,64.48
DFT_0812,Ti10Hf25Nb20Ta30W15,0.999559,0.999974,31.95,68.19
DFT_0813,Ti10Hf40V10Nb20Ta20,0.999962,0.999992,36.12,73.75
DFT_0814,Ti10Hf40V15Ta10W25,0.999965,0.999992,51.84,80.24
DFT_0815,Ti10Zr5V15Nb50W20,0.999939,0.999959,76.66,54.37
DFT_0816,Ti10Zr5V40Ta15Mo30,0.999951,0.999694,85.96,56.02
DFT_0817,Ti10Zr5V40Nb5Ta25Mo15,0.999897,0.999988,71.99,58.65
DFT_0818,Ti10Zr5Hf15V40Nb5Ta25,0.070160,0.117906,-178805.61,-183247.62
DFT_0819,Ti10Zr5Hf40Nb25Mo20,0.999984,0.999982,48.81,66.33
DFT_0820,Ti10Zr5Hf40Nb45,0.999956,0.999872,37.22,66.01
DFT_0821,Ti10Zr5Hf40V5Ta35W5,0.962974,0.999346,-1.70,70.29
DFT_0822,Ti10Zr5Hf40V5Nb40,0.999968,0.999896,36.35,65.66
DFT_0823,Ti10Zr10V10Nb20Ta50,0.999968,0.999894,54.65,71.19
DFT_0824,Ti10Zr15V40Nb5W30,0.999956,0.999900,76.46,62.22
DFT_0825,Ti10Zr15Hf20V40W15,0.255839,0.212656,-482312.47,327818.05
DFT_0826,Ti10Zr15Hf40V15Nb20,0.999946,0.999936,29.20,67.20
DFT_0827,Ti10Zr20V25Mo30W15,0.999998,0.999456,85.39,58.29
DFT_0828,Ti10Zr20V35Nb20W15,0.999962,0.999958,59.98,52.47
DFT_0829,Ti10Zr20Hf25Nb25Ta20,0.999980,0.999939,34.35,68.41
DFT_0830,Ti10Zr25Nb35Mo30,0.999993,0.999690,68.13,47.72
DFT_0831,Ti10Zr25Hf35V30,0.999742,0.999985,23.48,66.03
DFT_0832,Ti10Zr40Ta5Mo30W15,0.999999,0.999794,67.05,58.47
DFT_0833,Ti10Zr40Ta35Mo15,0.999977,0.999958,43.65,63.37
DFT_0834,Ti10Zr40V10Nb10W30,0.999986,0.999927,55.55,60.26
DFT_0835,Ti10Zr40V15Nb5Ta30,0.999835,0.999954,33.05,61.17
DFT_0836,Ti10Zr40V30Ta5W15,0.999967,0.999931,43.57,56.31
DFT_0837,Ti10Zr40V30Ta20,0.999844,0.999948,32.62,57.38
DFT_0838,Ti10Zr40Hf5Nb5Ta40,0.999945,0.999980,26.36,66.89
DFT_0839,Ti10Zr40Hf5Nb35Ta5Mo5,0.999869,0.999816,36.92,52.17
DFT_0840,Ti10Zr40Hf5Nb45,0.999820,0.999683,34.57,50.18
DFT_0841,Ti10Zr40Hf5V5Nb40,0.999820,0.999756,34.01,50.22
DFT_0842,Ti15Nb5Ta50Mo15W15,0.999990,0.999918,85.03,80.68
DFT_0843,Ti15Nb20Ta25Mo10W30,0.999948,0.999474,95.05,76.87
DFT_0844,Ti15Nb50Ta10Mo25,0.999965,0.999737,81.99,53.93
DFT_0845,Ti15V5Nb35Mo15W30,0.999901,0.998606,103.05,68.69
DFT_0846,Ti15V10Ta25Mo20W30,0.999979,0.999253,103.99,82.63
DFT_0847,Ti15V20Ta45Mo20,0.999837,0.999984,76.71,71.07
DFT_0848,Ti15V20Nb25Ta10W30,0.999960,0.999837,86.70,68.34
DFT_0849,Ti15V20Nb30Mo20W15,0.999976,0.999196,92.76,58.33
DFT_0850,Ti15V30Ta20Mo15W20,0.999996,0.999686,91.00,71.49
DFT_0851,Ti15V40Nb25Mo20,0.999955,0.999872,78.73,46.20
DFT_0852,Ti15V40Nb40W5,0.999670,0.999909,66.25,46.66
DFT_0853,Ti15Hf5V20Mo30W30,0.999995,0.999014,113.09,79.68
DFT_0854,Ti15Hf10Ta40Mo25W10,0.999978,0.999872,71.83,75.83
DFT_0855,Ti15Hf10Nb35Ta20W20,0.999914,0.999991,69.88,71.26
DFT_0856,Ti15Hf10V20Nb15Ta10Mo30,0.999975,0.999887,77.47,59.06
DFT_0857,Ti15Hf15Nb40Mo30,0.633639,0.999880,414118.86,57.11
DFT_0858,Ti15Hf15V15Nb40Mo15,0.633624,0.999968,417894.28,53.74
DFT_0859,Ti15Hf15V20Nb20W30,0.387765,0.118085,425644.86,185696.05
DFT_0860,Ti15Hf15V30Nb10Mo30,0.118085,0.999900,192898.88,55.94
DFT_0861,Ti15Hf20Nb50W15,0.999971,0.999979,58.69,63.73
DFT_0862,Ti15Hf20V5Nb45Ta15,0.999959,0.999964,46.70,63.50
DFT_0863,Ti15Hf20V20Mo30W15,0.999990,0.999803,81.91,68.38
DFT_0864,Ti15Hf20V20Nb45,0.999956,0.999950,46.56,55.22
DFT_0865,Ti15Hf20V25Nb25W15,0.999976,0.999992,56.86,63.04
DFT_0866,Ti15Hf20V40Ta10Mo15,0.118052,0.999985,254268.25,61.30
DFT_0867,Ti15Hf25Ta15Mo30W15,0.000069,0.999900,-7210.11,76.49
DFT_0868,Ti15Hf25Nb25Mo20W15,0.999986,0.999963,70.11,68.07
DFT_0869,Ti15Hf25V15Ta15Mo30,0.000069,0.999986,-7319.29,67.51
DFT_0870,Ti15Hf25V20Ta25W15,0.179755,0.999989,462362.41,77.38
DFT_0871,Ti15Hf25V30Nb10Ta20,0.003882,0.000076,-67016.86,7509.49
DFT_0872,Ti15Hf35V20W30,0.999969,0.999982,55.95,76.67
DFT_0873,Ti15Hf35V40Ta10,0.067449,0.999921,-318379.93,66.75
DFT_0874,Ti15Hf40Mo15W30,,,,
DFT_0875,Ti15Zr5Ta50W30,0.999979,0.999946,79.87,87.29
DFT_0876,Ti15Zr5Nb20Ta20Mo30W10,0.999973,0.999514,91.53,66.24
DFT_0877,Ti15Zr5Hf40V25Mo15,0.999993,0.999541,38.81,67.14
DFT_0878,Ti15Zr10Ta45Mo30,0.999919,0.999951,76.33,71.06
DFT_0879,Ti15Zr10V25Ta35W15,0.999959,0.999987,63.30,72.57
DFT_0880,Ti15Zr10Hf25Mo20W30,0.999992,0.999904,73.28,75.71
DFT_0881,Ti15Zr15Ta50Mo5W15,0.999946,0.999991,63.48,78.95
DFT_0882,Ti15Zr15Nb5Ta20Mo15W30,0.999992,0.999779,85.66,74.51
DFT_0883,Ti15Zr15V25Mo15W30,0.999994,0.999659,86.34,66.59
DFT_0884,Ti15Zr20Ta35W30,0.999962,0.999979,67.75,78.58
DFT_0885,Ti15Zr20Nb30Mo20W15,0.999997,0.999788,73.39,56.58
DFT_0886,Ti15Zr20Nb35Ta10W20,0.999984,0.999976,61.13,61.28
DFT_0887,Ti15Zr20V15Ta50,0.999924,0.999976,42.50,71.43
DFT_0888,Ti15Zr20V15Nb50,0.999936,0.999931,46.84,45.50
DFT_0889,Ti15Zr20V25Nb20Ta20,0.708641,0.064234,52639.49,-16214.38
DFT_0890,Ti15Zr20Hf15Nb20Mo30,0.999995,0.999919,57.94,55.93
DFT_0891,Ti15Zr20Hf20V10Nb35,0.999897,0.999910,34.75,57.41
DFT_0892,Ti15Zr20Hf20V15Mo30,0.999992,0.999943,53.20,57.66
DFT_0893,Ti15Zr20Hf40Mo25,0.999995,0.998078,39.57,66.76
DFT_0894,Ti15Zr20Hf40Ta25,0.999895,0.999988,23.71,80.57
DFT_0895,Ti15Zr25Hf10Ta20W30,0.999976,0.999985,56.24,75.40
DFT_0896,Ti15Zr25Hf30Ta15W15,0.999986,0.999987,33.98,75.98
DFT_0897,Ti15Zr25Hf30V15Ta5Mo10,0.999982,0.999972,30.55,65.66
DFT_0898,Ti15Zr30V20Nb30Mo5,0.999946,0.999885,42.54,47.03
DFT_0899,Ti15Zr35Nb5Ta15Mo15W15,0.999990,0.999945,56.10,62.17
DFT_0900,Ti15Zr35V15Mo15W20,0.999986,0.999871,59.82,57.74
DFT_0901,Ti15Zr35Hf15V20Mo15,0.999964,0.999937,35.64,55.90
DFT_0902,Ti15Zr40Ta25W20,0.999974,0.633006,44.49,-57633.34
DFT_0903,Ti15Zr40Nb10Ta20W15,0.999964,0.224902,41.58,10785.07
DFT_0904,Ti15Zr40Nb20Mo15W10,0.999957,0.999900,49.71,52.56
DFT_0905,Ti15Zr40Nb25W20,0.999963,0.999934,46.36,56.75
DFT_0906,Ti15Zr40Hf5V5Nb5Mo30,0.999968,0.999871,49.47,51.09
DFT_0907,Ti15Zr40Hf5V40,0.999754,0.999981,27.49,53.65
DFT_0908,Ti20Ta30Mo20W30,0.999954,0.999449,99.95,84.94
DFT_0909,Ti20Ta50Mo20W10,0.999993,0.999932,81.67,79.98
DFT_0910,Ti20Nb35Mo30W15,0.999980,0.998947,100.03,63.74
DFT_0911,Ti20Nb45Ta20W15,0.999918,0.999977,70.65,65.16
DFT_0912,Ti20V5Nb5Ta40Mo5W25,0.999997,0.999900,81.68,82.11
DFT_0913,Ti20V5Nb30Ta15Mo30,0.999968,0.999767,83.39,58.63
DFT_0914,Ti20V10Ta25Mo30W15,0.999928,0.999352,96.76,74.90
DFT_0915,Ti20V10Nb50Ta5Mo15,0.999979,0.999943,70.21,50.12
DFT_0916,Ti20V15Ta45Mo15W5,0.999905,0.999989,73.21,74.59
DFT_0917,Ti20V20Mo30W30,0.999991,0.999110,114.85,79.87
DFT_0918,Ti20V20Ta50W10,0.999922,0.999979,64.06,79.31
DFT_0919,Ti20V20Nb10Ta20Mo30,0.999915,0.999809,83.18,61.16
DFT_0920,Ti20V20Nb25Ta25W10,0.999939,0.999948,65.40,65.66
DFT_0921,Ti20V20Nb50Mo10,0.999974,0.999939,66.43,46.19
DFT_0922,Ti20V25Ta25W30,0.999969,0.999845,81.95,78.75
DFT_0923,Ti20V25Nb5Ta5Mo15W30,0.999959,0.999318,97.88,73.17
DFT_0924,Ti20V25Nb5Ta35Mo5W10,,,,
DFT_0925,Ti20V30Ta20Mo30,0.999911,0.999820,83.47,61.55
DFT_0926,Ti20V40Mo20W20,0.999988,0.999428,94.87,64.57
DFT_0927,Ti20V40Nb5Mo20W15,0.999983,0.999603,89.97,60.17
DFT_0928,Ti20Hf5V25Nb45Ta5,0.004420,0.999948,14989.26,51.14
DFT_0929,Ti20Hf10Nb20Ta40Mo10,0.999915,0.999946,47.25,69.07
DFT_0930,Ti20Hf15Nb15Mo20W30,0.999995,0.999748,88.09,75.04
DFT_0931,Ti20Hf15V5Ta30Mo30,0.118067,0.999957,187100.78,67.70
DFT_0932,Ti20Hf15V35W30,0.999981,0.999968,69.19,71.94
DFT_0933,Ti20Hf15V40Ta25,0.999949,0.999990,42.80,66.84
DFT_0934,Ti20Hf15V40Nb5W20,0.999974,0.999990,60.82,65.79
DFT_0935,Ti20Hf20Mo30W30,0.000068,0.999629,-5935.52,79.78
DFT_0936,Ti20Hf20Ta40Mo10W10,0.999928,0.999965,31.97,64.65
DFT_0937,Ti20Hf20Ta45Mo15,0.999947,0.999977,33.35,71.36
DFT_0938,Ti20Hf20Nb25Ta15Mo20,0.999974,0.118065,58.29,232105.81
DFT_0939,Ti20Hf25Nb5Ta20W30,0.000069,0.999988,-7031.22,83.53
DFT_0940,Ti20Hf25Nb25Ta30,0.999531,0.999856,16.10,65.47
DFT_0941,Ti20Hf30Nb20Mo30,0.999989,0.999977,59.24,63.96
DFT_0942,Ti20Hf40Nb5Mo15W20,0.999982,0.999991,55.27,76.49
DFT_0943,Ti20Hf40Nb5Ta20W15,0.999982,0.999991,39.93,81.89
DFT_0944,Ti20Hf40Nb25W15,0.999983,0.999994,42.12,73.56
DFT_0945,Ti20Hf40V15Ta25,0.998375,0.999373,113.88,767.16
DFT_0946,Ti20Hf40V20Nb20,0.999968,0.999978,30.59,66.89
DFT_0947,Ti20Zr5V20Nb45Ta5Mo5,0.999965,0.999883,58.95,48.75
DFT_0948,Ti20Zr5V40Nb25W10,0.999964,0.998954,61.98,51.42
DFT_0949,Ti20Zr5Hf25Nb30W20,0.999986,0.999988,51.73,69.29
DFT_0950,Ti20Zr5Hf35Ta20Mo20,0.811496,0.999831,-1302227.40,518.10
DFT_0951,Ti20Zr10Nb20Ta50,0.999986,0.999946,48.33,72.71
DFT_0952,Ti20Zr10V25Ta15W30,0.999974,0.999953,73.25,72.41
DFT_0953,Ti20Zr10V35Ta20Mo15,0.999971,0.999985,60.57,58.82
DFT_0954,Ti20Zr10V40Mo15W15,0.999965,0.999888,74.85,57.93
DFT_0955,Ti20Zr10Hf10V5Ta35W20,0.117869,0.999994,-120361.84,72.36
DFT_0956,Ti20Zr10Hf30Mo30W10,0.999990,0.999964,58.73,68.72
DFT_0957,Ti20Zr10Hf30V20W20,0.999984,0.999989,41.94,71.01
DFT_0958,Ti20Zr15Ta25Mo20W20,0.475952,0.475268,27518.72,27227.50
DFT_0959,Ti20Zr15Nb35W30,0.999975,0.999933,70.51,63.30
DFT_0960,Ti20Zr15Nb40Ta25,0.999959,0.999954,46.38,59.99
DFT_0961,Ti20Zr15Nb50Mo15,0.999759,0.999907,58.93,47.49
DFT_0962,Ti20Zr15V15Nb30Mo20,0.999979,0.999869,61.91,48.00
DFT_0963,Ti20Zr15Hf10Nb45Mo10,0.999942,0.999948,48.34,52.63
DFT_0964,Ti20Zr15Hf10V20Ta35,0.999953,0.999982,24.39,63.33
DFT_0965,Ti20Zr15Hf15Nb5Ta45,0.999937,0.999901,16.59,65.46
DFT_0966,Ti20Zr15Hf15V40Nb10,0.999877,0.999979,34.54,55.99
DFT_0967,Ti20Zr15Hf30Nb5W30,0.999948,0.999979,48.37,75.93
DFT_0968,Ti20Zr15Hf40Nb15W10,0.999990,0.999981,30.74,73.69
DFT_0969,Ti20Zr20Nb15Ta20Mo25,0.999990,0.999949,60.97,59.10
DFT_0970,Ti20Zr20V5Ta40Mo15,0.999980,0.999985,51.84,68.03
DFT_0971,Ti20Zr20V15Ta15Mo30,0.999986,0.999897,64.57,57.22
DFT_0972,Ti20Zr20V15Nb30W15,0.999974,0.999961,53.96,54.94
DFT_0973,Ti20Zr20V30Nb10Mo20,0.999968,0.999935,57.54,48.17
DFT_0974,Ti20Zr20V40W20,0.999894,0.999955,56.69,59.21
DFT_0975,Ti20Zr20Hf5V5Mo30W20,0.999996,0.999765,78.05,64.90
DFT_0976,Ti20Zr20Hf10V20W30,0.811558,0.999968,399274.12,67.80
DFT_0977,Ti20Zr20Hf15Ta45,0.999960,0.999918,17.62,72.81
DFT_0978,Ti20Zr20Hf30V20Ta10,0.999874,0.999993,23.46,69.41
DFT_0979,Ti20Zr25Hf15Nb20W20,0.999976,0.999972,44.26,64.95
DFT_0980,Ti20Zr25Hf20Mo15W20,0.999991,0.999596,50.88,67.25
DFT_0981,Ti20Zr25Hf25Nb15Mo15,0.999978,0.999950,35.96,61.95
DFT_0982,Ti20Zr25Hf40W15,0.999985,0.999988,27.45,76.70
DFT_0983,Ti20Zr25Hf40Nb15,0.999132,0.999983,21.52,73.87
DFT_0984,Ti20Zr30Ta20Mo15W15,0.999988,0.999967,56.52,65.69
DFT_0985,Ti20Zr30V20W30,0.999979,0.999950,56.54,63.35
DFT_0986,Ti20Zr30Hf20V15W15,0.999985,0.999974,32.80,65.77
DFT_0987,Ti20Zr35Hf15V10Ta20,0.179397,0.008936,206658.14,59632.27
DFT_0988,Ti20Zr40Mo20W20,0.999992,0.999883,57.04,59.26
DFT_0989,Ti20Zr40V10Ta30,0.999881,0.999977,27.62,64.46
DFT_0990,Ti20Zr40V15Nb25,0.999850,0.999925,29.96,51.06
DFT_0991,Ti20Zr40V20Nb10Ta10,0.999854,0.999969,28.52,55.92
DFT_0992,Ti20Zr40Hf5Ta20Mo15,0.999970,0.118242,35.73,54264.70
DFT_0993,Ti20Zr40Hf5V5Mo30,0.999976,0.999900,46.43,52.28
DFT_0994,Ti20Zr40Hf5V10Nb5W20,0.999975,0.999943,39.02,60.76
DFT_0995,Ti20Zr40Hf20W20,0.999984,0.999974,31.46,68.94
DFT_0996,Ti20Zr40Hf20Ta20,0.999504,0.999988,19.95,72.47
DFT_0997,Ti20Zr40Hf20Nb10W10,0.999967,0.999855,32.44,82.54
DFT_0998,Ti20Zr40Hf25V15,0.999964,0.999912,23.78,82.46
DFT_0999,Ti25Nb20Ta5Mo30W20,0.999968,0.999261,100.16,70.76
DFT_1000,Ti25Nb30Ta20Mo15W10,0.999932,0.999965,75.49,65.42
DFT_1001,Ti25Nb30Ta25Mo20,0.004184,0.718151,-5196.82,-105697.46
DFT_1002,Ti25V20Nb10Mo15W30,0.999984,0.999489,94.65,71.20
DFT_1003,Ti25V20Nb35W20,0.999953,0.999979,71.56,59.33
DFT_1004,Ti25V30Nb20Ta5Mo20,0.999970,0.999956,71.38,52.06
DFT_1005,Ti25Hf5Nb25Ta25Mo10W10,0.999970,0.999927,69.33,78.02
DFT_1006,Ti25Hf5Nb50Ta10W10,0.999913,0.999964,59.10,60.89
DFT_1007,Ti25Hf5V15Nb30Ta5W20,0.429766,0.811409,-157947.84,-204602.95
DFT_1008,Ti25Hf5V20Nb5Ta45,0.474422,0.212072,-156163.50,-82538.01
DFT_1009,Ti25Hf5V35Nb10Ta25,,,,
DFT_1010,Ti25Hf10V40Nb25,0.212265,0.999915,-170660.46,80.25
DFT_1011,Ti25Hf15V5Nb10Mo15W30,0.999992,0.999858,79.58,74.51
DFT_1012,Ti25Hf25Ta30W20,0.999980,0.999995,26.32,74.25
DFT_1013,Ti25Hf25Nb20W30,0.999974,0.999990,59.28,75.22
DFT_1014,Ti25Hf25V20Nb25Mo5,0.999974,0.811449,40.01,-979213.04
DFT_1015,Ti25Hf25V25Mo25,0.999985,0.999984,53.76,61.10
DFT_1016,Ti25Hf25V25Nb5Mo15W5,0.474521,0.474512,-780488.73,-780478.93
DFT_1017,Ti25Hf30Nb5Ta5Mo25W10,0.067434,0.999986,-266783.14,71.55
DFT_1018,Ti25Hf35Ta20Mo20,0.064666,0.999997,476420.10,74.71
DFT_1019,Ti25Hf35Nb20Ta10Mo10,0.999988,0.999988,38.62,70.30
DFT_1020,Ti25Hf35V30Nb5W5,0.999921,0.999988,31.47,67.05
DFT_1021,Ti25Zr5V10Ta30W30,0.999983,0.999954,73.82,80.61
DFT_1022,Ti25Zr5V40Mo30,0.999973,0.999851,76.61,51.03
DFT_1023,Ti25Zr5Hf5Nb10Ta50W5,0.999940,0.999985,42.25,73.57
DFT_1024,Ti25Zr5Hf10Nb35Mo20W5,0.999987,0.999947,63.35,57.55
DFT_1025,Ti25Zr5Hf30V10Ta30,0.959208,0.999673,1.26,71.41
DFT_1026,Ti25Zr5Hf40W30,0.999984,0.999956,44.44,80.87
DFT_1027,Ti25Zr10Ta5Mo30W30,0.999984,0.999421,98.44,76.36
DFT_1028,Ti25Zr10Nb30Mo30W5,0.999996,0.999743,75.60,55.17
DFT_1029,Ti25Zr10V5Nb35Ta25,0.048266,0.999979,-21318.48,60.92
DFT_1030,Ti25Zr10Hf40V5Mo20,0.999995,0.999982,35.67,68.86
DFT_1031,Ti25Zr15V20Nb5Mo5W30,0.999985,0.999914,70.34,66.08
DFT_1032,Ti25Zr15Hf10V30Ta5W15,0.000068,0.999983,-2938.13,64.14
DFT_1033,Ti25Zr20Mo25W30,0.999997,0.999712,83.65,69.64
DFT_1034,Ti25Zr20Ta30Mo25,0.999986,0.999981,57.11,64.94
DFT_1035,Ti25Zr20Nb15Mo10W30,0.999993,0.999885,70.73,65.78
DFT_1036,Ti25Zr20V30Ta10W15,0.999963,0.999955,48.71,62.66
DFT_1037,Ti25Zr20V30Nb25,0.999914,0.999911,39.56,49.53
DFT_1038,Ti25Zr20V35Ta20,0.999891,0.998759,37.13,60.06
DFT_1039,Ti25Zr20Hf5Mo30W20,0.999996,0.999822,74.65,65.56
DFT_1040,Ti25Zr25V30Mo20,0.999976,0.999932,50.10,49.98
DFT_1041,Ti25Zr25Hf5Nb15Ta25W5,0.999971,0.999977,36.02,66.08
DFT_1042,Ti25Zr25Hf40Nb5Ta5,0.998081,0.999994,17.58,77.31
DFT_1043,Ti25Zr30Nb30Mo15,0.999955,0.999885,44.45,49.76
DFT_1044,Ti25Zr30V35Mo5W5,0.999957,0.999947,38.40,53.31
DFT_1045,Ti25Zr40V5Mo30,0.999974,0.999889,46.68,50.94
DFT_1046,Ti25Zr40Hf5V5W25,0.999987,0.999951,39.48,63.98
DFT_1047,Ti30Nb5Ta30Mo15W20,0.999995,0.999888,79.99,78.05
DFT_1048,Ti30Nb5Ta50W15,0.999857,0.999990,63.02,82.76
DFT_1049,Ti30Nb10Ta30W30,0.999994,0.999943,75.60,81.61
DFT_1050,Ti30Nb10Ta50Mo5W5,0.999607,0.999987,57.77,77.50
DFT_1051,Ti30Nb45Mo15W10,0.999975,0.999934,72.68,56.78
DFT_1052,Ti30V20Nb5Mo30W15,0.999995,0.999562,91.50,65.08
DFT_1053,Ti30V35Ta30W5,0.999952,0.999968,52.44,68.43
DFT_1054,Ti30V35Nb5W30,0.999979,0.999915,77.07,68.68
DFT_1055,Ti30V35Nb5Mo5W25,0.999962,0.999921,77.21,65.95
DFT_1056,Ti30V35Nb5Ta5Mo10W15,0.999949,0.999957,72.31,62.25
DFT_1057,Ti30Hf10Nb35Mo15W10,0.999978,0.999977,64.19,60.95
DFT_1058,Ti30Hf10V15Ta45,0.999959,0.999971,30.79,72.81
DFT_1059,Ti30Hf10V20Ta25W15,0.474468,0.657343,-311249.36,283875.33
DFT_1060,Ti30Hf15Ta20Mo15W20,0.003148,0.710721,-39440.20,-592492.16
DFT_1061,Ti30Hf15Nb20Mo5W30,0.999981,0.999967,67.94,73.07
DFT_1062,Ti30Hf15V5Mo30W20,0.999992,0.999824,80.41,72.36
DFT_1063,Ti30Hf15V15Ta25Mo15,0.718359,0.999829,-722187.41,89.90
DFT_1064,Ti30Hf15V20Mo10W25,0.999976,0.999962,66.71,71.42
DFT_1065,Ti30Hf15V30Mo15W10,0.999978,0.999983,58.26,62.86
DFT_1066,Ti30Hf15V40Ta10W5,0.999956,0.999995,40.76,63.66
DFT_1067,Ti30Hf20Nb25Ta20W5,0.999980,0.999984,40.56,70.72
DFT_1068,Ti30Hf25Mo30W15,0.999990,0.999952,67.55,71.77
DFT_1069,Ti30Hf25Nb10Ta20Mo5W10,0.999982,0.999992,43.67,75.30
DFT_1070,Ti30Hf25Nb30Mo15,0.999985,0.999982,45.94,62.03
DFT_1071,Ti30Hf25V15Nb5Mo25,0.999986,0.999984,51.17,62.11
DFT_1072,Ti30Hf25V30W15,0.999983,0.999988,41.58,68.18
DFT_1073,Ti30Hf35V25Mo10,0.999985,0.999990,32.27,65.79
DFT_1074,Ti30Hf40Ta20W10,0.999978,0.999996,30.53,81.61
DFT_1075,Ti30Zr5V5Nb35W25,0.999972,0.999969,68.17,63.23
DFT_1076,Ti30Zr5Hf5Nb5Ta30Mo25,0.999971,0.999990,55.86,65.47
DFT_1077,Ti30Zr5Hf30V5Mo5W25,0.999983,0.999990,47.53,75.36
DFT_1078,Ti30Zr10Hf10Nb50,0.999889,0.999913,39.35,54.63
DFT_1079,Ti30Zr10Hf15V10Nb30Ta5,0.999945,0.999975,34.48,59.97
DFT_1080,Ti30Zr15Nb15Ta25W15,0.808262,0.004065,-33394.38,-2453.41
DFT_1081,Ti30Zr15Nb40W15,0.999975,0.999967,52.36,57.26
DFT_1082,Ti30Zr15Hf40V15,0.998739,0.999966,16.83,73.21
DFT_1083,Ti30Zr20Ta35W15,0.999980,0.999985,45.60,73.90
DFT_1084,Ti30Zr20Nb35Ta5W10,0.999974,0.999939,44.78,57.34
DFT_1085,Ti30Zr20V15Ta20Mo15,0.068017,0.068196,10490.46,10459.12
DFT_1086,Ti30Zr20Hf25V10Nb15,0.999901,0.999991,23.03,65.72
DFT_1087,Ti30Zr25Nb10Mo30W5,0.999992,0.999874,59.12,54.72
DFT_1088,Ti30Zr25V10Ta25W10,0.999973,0.999981,38.19,67.27
DFT_1089,Ti30Zr25V20Nb5Ta5Mo15,0.999968,0.999933,43.08,53.57
DFT_1090,Ti30Zr30Nb20Ta20,0.999920,0.999971,30.36,61.49
DFT_1091,Ti30Zr30V10Nb15Mo15,0.999957,0.999902,40.50,51.32
DFT_1092,Ti30Zr30Hf5Nb15Ta20,0.387789,0.059471,123782.64,51415.49
DFT_1093,Ti30Zr30Hf25Mo15,0.999959,0.999984,26.86,65.81
DFT_1094,Ti30Zr40V5Nb20W5,0.999887,0.999969,27.78,56.15
DFT_1095,Ti30Zr40V15W15,0.999966,0.999971,32.35,59.48
DFT_1096,Ti35Nb25Mo10W30,0.999975,0.999810,82.59,70.21
DFT_1097,Ti35Nb25Ta35W5,0.999973,0.999967,50.88,70.63
DFT_1098,Ti35V5Nb5Ta5Mo30W20,0.999997,0.999619,91.72,71.80
DFT_1099,Ti35V20Nb20Mo10W15,0.999974,0.999959,68.78,60.20
DFT_1100,Ti35Hf5Ta35Mo20W5,0.154975,0.474818,95137.83,157020.79
DFT_1101,Ti35Hf5V5Ta40W15,0.999891,0.999987,47.12,76.41
DFT_1102,Ti35Hf10V10Nb20Mo25,0.118108,0.999974,123740.58,56.94
DFT_1103,Ti35Hf10V10Nb35W10,0.179795,0.118111,187072.87,119874.15
DFT_1104,Ti35Hf20Mo15W30,0.999988,0.999942,67.92,77.23
DFT_1105,Ti35Hf20V20Nb25,0.710758,0.710743,-780775.69,-780750.08
DFT_1106,Ti35Hf40V5Mo5W15,0.999991,0.999993,34.50,75.88
DFT_1107,Ti35Hf40V5Nb5Ta5Mo10,0.999992,0.999997,28.93,72.40
DFT_1108,Ti35Hf40V10W15,0.999988,0.999995,30.39,75.65
DFT_1109,Ti35Zr5V35Nb20Ta5,0.171265,0.068406,4527.13,-3617.57
DFT_1110,Ti35Zr5Hf5V40Nb10Ta5,0.999918,0.999994,38.84,55.50
DFT_1111,Ti35Zr5Hf20Ta25W15,0.118042,0.999993,227988.37,78.34
DFT_1112,Ti35Zr5Hf40V15Mo5,0.999886,0.999989,21.68,71.31
DFT_1113,Ti35Zr10Nb25Mo30,0.999992,0.999868,64.61,53.39
DFT_1114,Ti35Zr10Hf25Ta30,0.698056,0.999585,0.28,73.57
DFT_1115,Ti35Zr15Nb10Ta40,0.999956,0.999991,35.46,70.27
DFT_1116,Ti35Zr15Nb25Ta10Mo15,0.999987,0.999963,48.49,56.48
DFT_1117,Ti35Zr15Hf5V25Ta20,0.003142,0.000063,-13021.13,-1124.17
DFT_1118,Ti35Zr20Hf20Ta15Mo10,0.999985,0.999994,28.16,69.50
DFT_1119,Ti35Zr25Nb5Ta10W25,0.999974,0.999979,47.41,68.32
DFT_1120,Ti35Zr25Hf15Nb25,0.999866,0.999984,24.10,62.73
DFT_1121,Ti35Zr30Mo5W30,0.999984,0.999955,51.43,66.47
DFT_1122,Ti40Ta5Mo30W25,0.999977,0.999611,92.37,76.21
DFT_1123,Ti40Ta25Mo15W20,0.999980,0.999929,72.88,77.53
DFT_1124,Ti40Nb5Ta5Mo20W30,0.999996,0.999717,87.50,76.54
DFT_1125,Ti40Nb20Ta5Mo25W10,0.999978,0.999913,74.08,63.18
DFT_1126,Ti40Nb25Ta15W20,0.999959,0.999994,60.69,70.10
DFT_1127,Ti40Nb45Ta10Mo5,0.999986,0.999963,49.54,56.56
DFT_1128,Ti40V5Ta25Mo30,0.999960,0.999958,68.38,67.32
DFT_1129,Ti40V5Ta45Mo10,0.999953,0.999994,50.07,74.13
DFT_1130,Ti40V5Nb25Ta15W15,0.999965,0.999990,56.24,67.30
DFT_1131,Ti40V5Nb35Ta10Mo5W5,0.999984,0.999974,52.85,59.43
DFT_1132,Ti40V5Nb40Ta5Mo10,0.999990,0.999971,53.37,54.34
DFT_1133,Ti40V15Ta20Mo10W15,0.999951,0.999977,63.74,71.38
DFT_1134,Ti40V15Ta25W20,0.999922,0.999978,58.84,75.56
DFT_1135,Ti40V15Nb20Ta25,0.999967,0.999985,43.14,63.78
DFT_1136,Ti40V15Nb35W10,0.999980,0.999981,52.90,56.68
DFT_1137,Ti40V20Ta25Mo15,0.999976,0.999996,54.71,65.10
DFT_1138,Ti40V20Nb20Ta15Mo5,0.999982,0.999979,47.52,58.99
DFT_1139,Ti40V20Nb25Mo15,0.999980,0.999976,56.86,51.86
DFT_1140,Ti40V25Mo20W15,0.999958,0.999893,74.17,63.12
DFT_1141,Ti40V35Ta10Mo5W10,0.999973,0.999972,54.96,62.09
DFT_1142,Ti40V40Nb5W15,0.999979,0.999967,55.60,59.21
DFT_1143,Ti40Hf5Nb10Ta15W30,0.004426,0.137367,14887.09,-82911.11
DFT_1144,Ti40Hf15Ta30Mo15,0.999956,0.999935,29.81,69.79
DFT_1145,Ti40Hf15Nb10Mo20W15,0.999982,0.999981,60.94,68.05
DFT_1146,Ti40Hf15Nb25W20,0.474498,0.811472,-448884.03,-586999.25
DFT_1147,Ti40Hf15Nb30Ta15,0.999988,0.212259,35.04,-229001.89
DFT_1148,Ti40Hf15V15W30,0.999975,0.999979,55.17,74.30
DFT_1149,Ti40Hf15V40Nb5,0.999923,0.999997,31.23,57.98
DFT_1150,Ti40Hf20Nb5Ta25Mo10,0.999975,0.999992,36.95,72.72
DFT_1151,Ti40Hf20V20Ta10W10,0.999976,0.999994,35.09,70.01
DFT_1152,Ti40Hf25Nb15Ta5W15,0.999985,0.999990,38.26,72.58
DFT_1153,Ti40Hf25V20Ta15,0.999887,0.633604,24.72,679537.47
DFT_1154,Ti40Hf30Mo15W15,0.999980,0.999994,45.40,72.98
DFT_1155,Ti40Hf30Ta5Mo20W5,0.999991,0.999993,41.95,70.73
DFT_1156,Ti40Hf35Nb20Ta5,0.999934,0.999991,24.23,72.36
DFT_1157,Ti40Hf40Nb5Ta10Mo5,0.999881,0.999987,23.27,76.33
DFT_1158,Ti40Hf40V5Mo15,0.999991,0.999994,29.11,71.01
DFT_1159,Ti40Zr5Nb15Ta30Mo10,0.999982,0.999982,47.62,66.90
DFT_1160,Ti40Zr5V5Ta20Mo30,0.999977,0.999975,63.99,64.52
DFT_1161,Ti40Zr5V40Mo15,0.999982,0.999963,51.96,51.13
DFT_1162,Ti40Zr5Hf5Nb5Ta15W30,0.067286,0.811638,-42721.64,199654.44
DFT_1163,Ti40Zr5Hf5V15Ta30Mo5,0.999966,0.999978,33.88,67.91
DFT_1164,Ti40Zr5Hf5V40Mo10,0.999966,0.999983,43.33,53.53
DFT_1165,Ti40Zr5Hf10V10Nb5Mo30,0.999985,0.999970,56.50,58.28
DFT_1166,Ti40Zr5Hf20Ta5W30,0.999819,0.999992,48.03,77.65
DFT_1167,Ti40Zr5Hf20Nb25Mo10,0.999988,0.999981,36.27,62.07
DFT_1168,Ti40Zr5Hf20V30Nb5,0.999924,0.999985,25.32,62.18
DFT_1169,Ti40Zr10Ta5Mo30W15,0.999992,0.999873,73.13,66.49
DFT_1170,Ti40Zr10V15Nb10W25,0.999954,0.999978,55.88,65.66
DFT_1171,Ti40Zr10V20Mo25W5,0.999820,0.999951,60.62,56.47
DFT_1172,Ti40Zr10V20Mo30,0.999986,0.999937,60.56,53.89
DFT_1173,Ti40Zr10Hf5V10Ta35,0.811566,0.044798,198956.74,-46734.19
DFT_1174,Ti40Zr15Mo30W15,0.999996,0.999884,68.76,63.44
DFT_1175,Ti40Zr15Ta15W30,0.999971,0.999979,55.42,74.76
DFT_1176,Ti40Zr15V15Ta30,0.999945,0.999994,31.33,67.47
DFT_1177,Ti40Zr15V15Nb25W5,0.999945,0.999972,37.76,55.23
DFT_1178,Ti40Zr15V15Nb30,0.999900,0.999970,34.65,53.16
DFT_1179,Ti40Zr15V25W20,0.999981,0.999970,47.27,63.12
DFT_1180,Ti40Zr15Hf5Mo15W25,0.999987,0.999950,60.27,68.64
DFT_1181,Ti40Zr15Hf15Mo30,0.999989,0.999972,45.67,60.52
DFT_1182,Ti40Zr15Hf15Nb5Mo25,0.999992,0.999964,42.23,60.28
DFT_1183,Ti40Zr20Hf5Nb10Mo10W15,0.999985,0.999971,45.27,62.55
DFT_1184,Ti40Zr20Hf15V15Mo10,0.999966,0.999991,27.20,61.53
DFT_1185,Ti40Zr20Hf15V25,0.999856,0.999986,19.54,63.09
DFT_1186,Ti40Zr20Hf20Nb5W15,0.999986,0.999994,28.75,70.07
DFT_1187,Ti40Zr20Hf25W15,0.999975,0.999996,25.71,72.58
DFT_1188,Ti40Zr20Hf35Ta5,0.999675,0.999536,21.08,106.98
DFT_1189,Ti40Zr25Ta10Mo15W10,0.999990,0.999962,44.31,62.82
DFT_1190,Ti40Zr25Hf10Nb20Mo5,0.999904,0.999983,26.41,60.51
DFT_1191,Ti40Zr30Ta15Mo15,0.999981,0.999987,33.70,61.05
DFT_1192,Ti40Zr30Nb15W15,0.999969,0.999972,34.66,60.78
DFT_1193,Ti40Zr30V10Ta15Mo5,0.999937,0.999990,26.18,62.32
DFT_1194,Ti40Zr30V10Nb5W15,0.999970,0.999985,33.51,61.11
DFT_1195,Ti40Zr35Hf10V5Nb5Ta5,0.999259,0.999981,15.85,65.89
DFT_1196,Ti40Zr40V15Nb5,0.999650,0.999985,17.40,59.10
DFT_1197,Ti40Zr40Hf10V5Nb5,0.998697,0.999960,13.02,65.17
DFT_1198,Ti40Zr40Hf15Ta5,0.997116,0.999988,10.36,70.19
DFT_1199,V2Nb36Ta48W14,0.998888,0.999675,82.77,72.17
DFT_1200,V12Nb34Ta26Mo28,0.999841,0.997568,93.73,55.53
DFT_1201,V16Nb34Ta42W8,0.998940,0.999587,78.51,66.77
DFT_1202,V18Nb24Ta46Mo12,0.999049,0.999744,80.34,64.25
DFT_1203,V34Ta36Mo2W28,,,,
DFT_1204,Hf6V32Nb46Ta16,0.154634,0.003138,-112795.12,-16067.90
DFT_1205,Hf8Nb36Mo26W30,0.008536,0.179883,-33533.77,153962.91
DFT_1206,Hf8V30Nb28Ta34,0.999821,0.999813,52.63,57.85
DFT_1207,Hf10V26Ta46Mo18,0.999682,0.999966,65.37,67.38
DFT_1208,Hf10V32Ta24Mo10W24,0.999993,0.999797,89.12,73.73
DFT_1209,Hf12Nb14Ta50Mo18W6,0.999717,0.999956,69.36,73.25
DFT_1210,Hf12Nb28Ta36Mo24,0.999724,0.999883,69.99,64.33
DFT_1211,Hf12Nb28Ta50Mo10,0.999607,0.044876,57.67,-110801.03
DFT_1212,Hf12V18Nb40Mo30,0.000067,0.999099,-3534.32,51.56
DFT_1213,Hf12V20Ta50Mo8W10,0.999797,0.999973,63.20,74.95
DFT_1214,Hf12V20Nb30Ta16Mo6W16,0.000067,0.999992,-3480.12,64.07
DFT_1215,Hf12V34Nb16Ta16W22,0.999808,0.999988,78.41,67.95
DFT_1216,Hf12V38Nb16Ta10Mo12W12,0.999836,0.999963,80.24,59.99
DFT_1217,Hf14V24Nb32Ta16Mo14,0.000086,0.169204,778.40,34425.87
DFT_1218,Hf16V12Nb18Ta40W14,0.999553,0.999980,53.55,69.82
DFT_1219,Hf16V14Nb22Ta48,0.999372,0.999897,40.17,67.09
DFT_1220,Hf18V18Nb22Ta32Mo10,0.999876,0.999976,45.26,61.10
DFT_1221,Hf18V28Nb14Ta40,0.999785,0.999977,31.05,57.79
DFT_1222,Hf20Nb38Ta14Mo20W8,0.999895,0.999972,78.14,65.34
DFT_1223,Hf20V36Nb16Ta12Mo16,0.118062,0.633603,248795.77,576517.90
DFT_1224,Hf22V6Nb38Ta34,0.998376,0.999869,30.41,60.59
DFT_1225,Hf22V34Nb34Mo10,0.168497,0.070146,-321572.95,-262473.29
DFT_1226,Hf24Nb20Ta14Mo12W30,0.999992,0.999864,85.87,77.98
DFT_1227,Hf26Nb4Ta50Mo20,0.999664,0.999958,40.84,68.50
DFT_1228,Hf26V22Ta28W24,0.999977,0.999992,67.46,81.22
DFT_1229,Hf26V24Ta40Mo10,0.999603,0.999982,30.50,65.28
DFT_1230,Hf26V28Ta18Mo24W4,0.212300,0.474510,-429952.62,-813077.47
DFT_1231,Hf28Nb16Ta30W26,0.999698,0.999902,43.77,71.10
DFT_1232,Hf28Nb48Ta12W12,0.212307,0.474509,-420106.31,-794430.57
DFT_1233,Hf28V12Nb50W10,0.998596,0.999953,56.78,61.66
DFT_1234,Hf28V18Nb24Mo30,0.999989,0.999932,72.41,58.92
DFT_1235,Hf30Nb20Ta28Mo12W10,0.000069,0.999990,-8221.55,77.15
DFT_1236,Hf32V10Ta12Mo20W26,0.999996,0.999879,81.56,79.58
DFT_1237,Hf32V22Nb12Mo22W12,0.999975,0.999945,72.22,66.10
DFT_1238,Hf34Ta18Mo30W18,0.999993,0.999876,82.14,80.26
DFT_1239,Hf34V14Nb12Ta40,0.995336,0.999939,10.01,63.35
DFT_1240,Hf34V36Mo22W8,0.999984,0.999990,66.64,64.55
DFT_1241,Hf36V26Nb16Mo2W20,0.999976,0.999990,59.40,69.67
DFT_1242,Hf38Nb30Ta12Mo20,0.999122,0.999980,59.15,69.73
DFT_1243,Hf38Nb46Ta14W2,0.070216,0.999960,402866.70,71.11
DFT_1244,Hf40Nb14Ta34Mo12,0.992235,0.999910,10.85,61.42
DFT_1245,Hf40Nb22Ta14W24,0.999811,0.999891,13.29,47.28
DFT_1246,Hf40V32Nb24Mo4,0.999949,0.999975,43.66,61.95
DFT_1247,Zr2Nb50Ta26Mo22,0.999781,0.999584,85.45,53.48
DFT_1248,Zr4V14Nb12Ta34Mo16W20,0.999865,0.998953,95.60,70.06
DFT_1249,Zr4V36Nb46Mo14,0.999913,0.999790,77.41,38.67
DFT_1250,Zr8Nb38Ta28Mo14W12,0.999732,0.999966,84.91,61.17
DFT_1251,Zr8Nb38Ta40Mo14,0.999671,0.999768,75.28,63.37
DFT_1252,Zr8Nb44Ta38W10,0.999696,0.999788,73.38,67.82
DFT_1253,Zr8V12Nb18Ta36Mo26,0.999804,0.999933,84.20,60.59
DFT_1254,Zr8V34Nb34Mo12W12,0.999979,0.999388,83.27,47.57
DFT_1255,Zr8Hf16Nb50Mo26,0.999979,0.999903,72.55,53.30
DFT_1256,Zr10V26Nb50W14,0.999807,0.999912,73.03,46.55
DFT_1257,Zr10V30Nb16Ta14Mo30,0.999998,0.999059,86.89,51.63
DFT_1258,Zr10V36Ta32W22,0.999834,0.999984,79.20,70.49
DFT_1259,Zr10Hf16V32Ta42,0.999963,0.999967,27.06,59.98
DFT_1260,Zr10Hf30Nb22Mo8W30,1.000000,0.999971,70.51,73.86
DFT_1261,Zr10Hf32V8Ta36Mo14,0.998956,0.999975,17.98,63.69
DFT_1262,Zr12Nb22Ta46W20,0.999651,0.999960,77.52,75.50
DFT_1263,Zr12V16Nb34Ta16Mo22,0.999964,0.999921,77.18,50.57
DFT_1264,Zr12V38Ta40W10,0.999908,0.999983,67.77,68.75
DFT_1265,Zr12Hf16V38Nb24W10,0.999967,0.999622,55.97,54.54
DFT_1266,Zr12Hf24Ta32Mo30W2,0.999958,0.999937,44.27,65.15
DFT_1267,Zr12Hf28V22Mo20W18,0.000069,0.999933,-8131.58,66.97
DFT_1268,Zr12Hf30V10Nb20Ta28,0.999941,0.999993,39.76,71.89
DFT_1269,Zr12Hf36Nb26Mo14W12,0.999962,0.999984,56.15,68.41
DFT_1270,Zr12Hf38V10Nb18Mo22,0.999995,0.999977,51.36,63.24
DFT_1271,Zr12Hf40V32Ta16,0.643928,1.000000,-1424360.40,70.60
DFT_1272,Zr14Nb48Ta26Mo12,0.999965,0.999785,68.27,56.39
DFT_1273,Zr14V18Nb14Ta24W30,0.000124,0.999970,335.03,69.10
DFT_1274,Zr14V20Ta42W24,0.999885,0.999987,77.18,75.87
DFT_1275,Zr14V24Nb32W30,0.999945,0.999748,83.33,57.04
DFT_1276,Zr14Hf6Nb36Ta44,0.999671,0.999831,48.53,66.61
DFT_1277,Zr14Hf14Nb36Mo22W14,0.999992,0.999825,77.82,59.84
DFT_1278,Zr14Hf14V28Nb18W26,0.999970,0.999966,68.40,62.54
DFT_1279,Zr14Hf22Nb42W22,0.999972,0.999982,61.23,65.44
DFT_1280,Zr14Hf22V22Nb42,0.999923,0.999940,44.69,53.65
DFT_1281,Zr14Hf24V18Mo14W30,0.633608,0.999890,667138.82,71.25
DFT_1282,Zr14Hf26V20Ta30Mo10,0.999738,0.999975,21.74,61.94
DFT_1283,Zr14Hf28V12Nb6Ta22W18,0.999632,0.619330,100.65,-716565.74
DFT_1284,Zr14Hf32V28Ta12Mo14,0.118032,0.999981,370042.43,64.84
DFT_1285,Zr16Nb50Ta14W20,0.999869,0.999912,73.75,59.25
DFT_1286,Zr16V22Nb32Ta12W18,0.000110,0.999968,353.91,56.60
DFT_1287,Zr16V28Nb16Ta26W14,0.632367,0.999984,-26868.90,62.52
DFT_1288,Zr16V38Ta28Mo18,0.999889,0.999982,70.68,57.14
DFT_1289,Zr16Hf6V10Nb32Ta36,0.999890,0.999911,46.36,61.72
DFT_1290,Zr16Hf8Nb18Ta34Mo16W8,0.999941,0.999977,62.32,66.07
DFT_1291,Zr16Hf12Ta46Mo26,0.999945,0.999966,56.39,68.69
DFT_1292,Zr16Hf14V18Ta38W14,0.999960,0.999986,38.08,63.86
DFT_1293,Zr16Hf18Nb16Ta28Mo22,0.811541,0.999985,668895.46,67.54
DFT_1294,Zr16Hf36Ta20Mo28,0.999990,0.999990,53.67,72.57
DFT_1295,Zr16Hf40V26Nb16W2,0.999954,0.999930,33.50,64.46
DFT_1296,Zr18V34Nb18Mo20W10,0.999991,0.999468,80.00,48.70
DFT_1297,Zr18Hf10V10Nb12Ta50,0.999983,0.999951,33.79,64.73
DFT_1298,Zr18Hf10V36Ta18W18,0.000067,0.633664,-2900.99,281428.74
DFT_1299,Zr18Hf28V6Nb48,0.999795,0.999804,40.55,57.87
DFT_1300,Zr18Hf30Mo30W22,,,,
DFT_1301,Zr18Hf30Nb12Mo30W10,0.999995,0.999948,65.64,65.84
DFT_1302,Zr18Hf36Ta22W24,0.999476,0.999993,94.76,425.88
DFT_1303,Zr18Hf38Nb34Ta10,0.999829,0.998386,62.67,240.92
DFT_1304,Zr18Hf40V12Nb16W14,0.999985,0.999966,40.77,70.00
DFT_1305,Zr20Hf14Ta44W22,0.999950,0.999990,46.93,75.28
DFT_1306,Zr20Hf24V16Nb14Mo24W2,0.999993,0.999937,56.86,57.07
DFT_1307,Zr22V12Nb28Mo20W18,0.999996,0.999344,83.72,54.61
DFT_1308,Zr22Hf12V28Mo22W16,0.118109,0.168456,147143.85,-175707.45
DFT_1309,Zr22Hf16V6Nb20Ta28Mo8,0.999969,0.999973,47.50,65.73
DFT_1310,Zr22Hf20Nb20Ta38,0.999695,0.999947,20.68,63.77
DFT_1311,Zr24V6Nb38Ta18W14,0.999978,0.999958,62.16,58.46
DFT_1312,Zr24Hf16V10Nb26Mo14W10,0.999993,0.999941,58.41,56.66
DFT_1313,Zr24Hf18V26Mo28W4,0.999990,0.999887,61.78,55.31
DFT_1314,Zr26Nb40Ta20Mo14,0.999984,0.999919,60.37,53.35
DFT_1315,Zr26V10Nb20Ta32Mo12,0.999979,0.999951,57.98,59.15
DFT_1316,Zr26V16Nb36Mo16W6,0.999932,0.999858,66.62,45.55
DFT_1317,Zr26V28Ta36Mo10,0.999967,0.999970,55.61,61.31
DFT_1318,Zr26Hf8Ta20Mo16W30,0.710888,0.811592,304744.75,307002.89
DFT_1319,Zr26Hf10Ta16Mo30W18,0.999989,0.999800,80.02,68.36
DFT_1320,Zr26Hf18V4Ta22W30,0.633615,0.999987,466268.21,76.94
DFT_1321,Zr26Hf30V10Ta24W10,0.999979,0.999454,43.37,111.64
DFT_1322,Zr28Nb6Ta38W28,0.999933,0.999985,69.73,75.41
DFT_1323,Zr28Nb34Mo14W24,0.999997,0.999725,78.69,57.03
DFT_1324,Zr28V2Ta50Mo20,0.999959,0.999981,62.21,68.97
DFT_1325,Zr28V34Mo28W10,0.999996,0.999467,78.09,50.66
DFT_1326,Zr28Hf10V26Nb2Ta34,0.999915,0.999945,30.29,62.43
DFT_1327,Zr28Hf20V40Mo12,0.999971,0.999927,42.60,53.83
DFT_1328,Zr28Hf28Nb22Ta12Mo10,0.999938,0.999913,40.07,64.95
DFT_1329,Zr28Hf30V10Nb20Mo12,0.999943,0.999899,39.89,59.85
DFT_1330,Zr30Hf6V28Nb12Ta12W12,0.073881,0.118179,-60948.22,69736.77
DFT_1331,Zr30Hf8Nb8Ta34Mo20,0.999974,0.999966,47.64,62.00
DFT_1332,Zr30Hf12V10Nb48,0.999849,0.999793,41.45,49.59
DFT_1333,Zr32V12Nb44W12,0.999933,0.999910,55.11,47.72
DFT_1334,Zr32V28Nb12Mo18W10,0.999961,0.999811,66.21,48.29
DFT_1335,Zr32Hf26V12Mo30,0.999983,0.999937,50.22,58.07
DFT_1336,Zr34Nb22Ta16Mo10W18,0.999986,0.999948,64.97,60.68
DFT_1337,Zr34Hf38V8Nb20,0.999791,0.999915,27.14,67.64
DFT_1338,Zr36Hf16Nb14Mo10W24,0.999994,0.999950,57.37,64.06
DFT_1339,Zr36Hf20Nb24W20,0.999967,0.999961,45.88,63.93
DFT_1340,Zr38V24Nb28Mo10,0.999948,0.999887,48.84,42.75
DFT_1341,Zr38V28Ta26W8,0.212817,0.999965,32670.93,60.46
DFT_1342,Zr38Hf12Nb22Mo28,0.999959,0.999884,54.39,51.54
DFT_1343,Zr40Nb16Ta34Mo8W2,0.999977,0.999956,46.35,61.61
DFT_1344,Zr40Nb20Mo28W12,0.999998,0.999699,69.83,52.35
DFT_1345,Zr40V4Nb28Ta16W12,0.999973,0.999966,48.61,56.96
DFT_1346,Zr40V16Nb40Ta4,0.999915,0.999831,40.96,45.54
DFT_1347,Zr40V34Ta14Mo12,0.999979,0.999938,47.19,50.75
DFT_1348,Zr40V36Nb14W10,0.999974,0.999926,46.69,48.33
DFT_1349,Zr40Hf10V28W22,0.999970,0.999954,47.86,59.12
DFT_1350,Zr40Hf14Nb8Ta18W20,0.212438,0.811559,201139.28,497318.82
DFT_1351,Zr40Hf16Nb10Mo22W12,0.999859,0.999920,54.69,59.20
DFT_1352,Zr40Hf20V14Ta10Mo16,0.999957,0.999924,38.82,59.84
DFT_1353,Zr40Hf22Ta22Mo14W2,0.067435,0.999946,-174885.40,67.79
DFT_1354,Ti2Hf10V40Nb14Ta10Mo24,0.000336,0.118093,8595.91,130120.65
DFT_1355,Ti2Zr22Hf26Ta50,0.998351,0.999823,3.77,60.13
DFT_1356,Ti2Zr40V22Nb14W22,0.999951,0.999917,54.16,54.12
DFT_1357,Ti4Nb22Ta50Mo24,0.999660,0.999978,86.69,68.06
DFT_1358,Ti4V10Nb34Ta20Mo12W20,0.999978,0.999023,94.60,63.86
DFT_1359,Ti4Hf18Nb10Ta34Mo10W24,0.999977,0.999870,65.41,77.20
DFT_1360,Ti4Hf22Ta38Mo26W10,0.999914,0.999828,59.76,73.98
DFT_1361,Ti4Zr10V14Ta34Mo30W8,0.999997,0.999579,90.59,67.97
DFT_1362,Ti4Zr22Hf22Ta24Mo10W18,0.999829,0.999990,55.73,75.62
DFT_1363,Ti6Hf38Nb22Ta34,0.944112,0.999642,3.96,63.69
DFT_1364,Ti6Zr36Nb10Ta36W12,0.999984,0.999971,46.90,68.18
DFT_1365,Ti8Zr8V26Ta34Mo24,0.999883,0.999969,77.51,63.43
DFT_1366,Ti8Zr22Hf32Mo10W28,0.999936,0.999997,16.95,50.36
DFT_1367,Ti8Zr24Ta38Mo30,0.999970,0.999959,68.64,65.75
DFT_1368,Ti8Zr32Ta6Mo30W24,0.999999,0.999632,83.41,65.21
DFT_1369,Ti10V26Nb40Ta6Mo18,0.999966,0.999882,78.83,47.68
DFT_1370,Ti10V28Nb18Ta44,0.999843,0.999888,62.93,68.12
DFT_1371,Ti10Hf12Nb22Ta32W24,0.999823,0.999954,63.32,74.41
DFT_1372,Ti10Hf12Nb30Ta44W4,0.999743,0.999884,45.38,69.63
DFT_1373,Ti10Hf16Nb36Mo14W24,0.633644,0.999797,442875.04,67.60
DFT_1374,Ti10Hf16V24Ta12Mo20W18,0.999984,0.999854,82.02,71.43
DFT_1375,Ti10Hf18V6Ta50W16,0.999979,0.999952,38.49,69.60
DFT_1376,Ti10Hf24V14Ta22Mo20W10,0.633603,0.633607,667753.95,667921.91
DFT_1377,Ti10Hf26V38Mo4W22,0.999971,0.999989,63.04,69.44
DFT_1378,Ti10Hf30Ta34W26,0.999953,0.999960,32.88,74.57
DFT_1379,Ti10Zr8V38Nb14Mo30,0.999994,0.999365,83.71,47.70
DFT_1380,Ti10Zr10V30Mo26W24,0.999965,0.998833,101.33,66.90
DFT_1381,Ti10Zr12V30Nb38Ta10,0.999973,0.999933,54.79,48.90
DFT_1382,Ti10Zr16V16Nb18Ta12Mo28,0.213912,0.811482,15782.44,-38914.55
DFT_1383,Ti10Zr20Hf16V10Mo30W14,0.999994,0.999861,70.48,63.43
DFT_1384,Ti12Nb30Ta36W22,0.999791,0.999991,81.46,74.67
DFT_1385,Ti12Nb34Ta36Mo18,0.999834,0.999988,77.67,64.24
DFT_1386,Ti12V14Nb26Ta32W16,0.999724,0.999996,76.33,69.86
DFT_1387,Ti12V20Nb46Mo10W12,0.999960,0.999814,81.53,51.76
DFT_1388,Ti12Hf6V16Nb26Mo12W28,0.999996,0.999444,93.22,66.98
DFT_1389,Ti12Hf10V40Mo10W28,0.999996,0.999761,87.22,69.50
DFT_1390,Ti12Hf18Nb30Ta28Mo12,0.999898,0.999118,58.23,68.36
DFT_1391,Ti12Hf24Nb26Ta14W24,,,,
DFT_1392,Ti12Hf28V32Nb18Mo10,0.999973,0.999981,48.55,58.74
DFT_1393,Ti12Hf36Ta22Mo30,0.999976,0.999995,58.77,75.16
DFT_1394,Ti12Hf40Nb20W28,0.999972,0.999995,55.55,78.17
DFT_1395,Ti12Hf40V14Nb20Mo14,0.999979,0.999985,44.93,65.15
DFT_1396,Ti12Zr4V16Ta42W26,0.999983,0.999955,79.58,81.25
DFT_1397,Ti12Zr8V30Nb34W16,0.999940,0.999973,69.67,52.91
DFT_1398,Ti12Zr12V16Nb32Ta18W10,0.632080,0.212633,-19214.28,71495.81
DFT_1399,Ti12Zr14Nb34Ta32W8,0.999949,0.999941,57.73,65.88
DFT_1400,Ti12Zr14Hf12Nb28Ta34,0.999932,0.999963,31.67,64.09
DFT_1401,Ti12Zr16Hf16Nb42W14,0.999973,0.999967,50.98,60.65
DFT_1402,Ti12Zr18Hf24Ta34Mo12,0.999750,0.999983,18.39,66.16
DFT_1403,Ti12Zr20V30Ta14Mo24,0.999974,0.999907,64.98,54.01
DFT_1404,Ti12Zr22V12Nb20Ta34,0.999949,0.999956,44.55,62.99
DFT_1405,Ti12Zr24V8Nb44Mo12,0.999925,0.998767,54.21,45.18
DFT_1406,Ti12Zr26Nb48W14,0.999962,0.999943,54.48,52.16
DFT_1407,Ti12Zr26V6Nb26W30,0.999982,0.999928,65.98,60.88
DFT_1408,Ti12Zr26Hf20V38W4,0.999918,0.999971,31.37,59.55
DFT_1409,Ti12Zr30Ta12Mo16W30,0.999989,0.999848,75.10,68.93
DFT_1410,Ti12Zr30Nb30Ta16Mo12,0.999959,0.999954,49.12,54.14
DFT_1411,Ti12Zr30V14Ta14W30,0.999977,0.999956,61.32,67.77
DFT_1412,Ti12Zr32Hf10V18Ta8W20,0.999973,0.999970,45.03,64.62
DFT_1413,Ti14V4Nb50Ta32,0.999707,0.999795,61.46,62.39
DFT_1414,Ti14V30Nb18Mo28W10,0.999992,0.998806,97.37,57.69
DFT_1415,Ti14V40Ta32W14,0.999949,0.999996,72.88,71.72
DFT_1416,Ti14Hf6V40Ta40,0.999973,0.999979,46.17,66.65
DFT_1417,Ti14Hf10Nb50Ta14Mo12,0.280687,0.070269,-226474.51,113330.05
DFT_1418,Ti14Hf10V28Ta24Mo12W12,0.999932,0.999981,72.16,70.76
DFT_1419,Ti14Hf12Nb14Ta36Mo24,0.999914,0.999971,59.71,67.49
DFT_1420,Ti14Hf12Nb18Ta22Mo18W16,0.067369,0.633657,-108291.18,332192.01
DFT_1421,Ti14Hf18V24Ta44,0.999940,0.999979,26.84,69.65
DFT_1422,Ti14Hf18V26Ta24Mo18,0.000069,0.999993,-5328.61,67.55
DFT_1423,Ti14Hf18V36Mo16W16,0.999970,0.999935,72.81,65.21
DFT_1424,Ti14Hf20V14Mo22W30,0.999995,0.999669,88.56,76.67
DFT_1425,Ti14Hf24V8Ta34Mo20,0.999859,0.999987,34.20,66.64
DFT_1426,Ti14Hf38Mo28W20,0.999990,0.999942,70.38,76.60
DFT_1427,Ti14Zr6Nb48Mo24W8,0.999986,0.999438,84.26,53.90
DFT_1428,Ti14Zr8V16Nb12Mo20W30,0.999967,0.999035,99.82,69.55
DFT_1429,Ti14Zr10V18Nb32Mo16W10,0.999989,0.999829,74.81,52.37
DFT_1430,Ti14Zr14V34Nb4Ta14W20,0.999960,0.999984,65.52,64.42
DFT_1431,Ti14Zr14Hf22Nb50,0.999835,0.999848,39.19,57.58
DFT_1432,Ti14Zr18Nb36Ta12Mo20,0.999992,0.999929,63.00,53.10
DFT_1433,Ti14Zr20Hf40Mo4W22,0.999991,0.999989,39.81,76.47
DFT_1434,Ti14Zr22Nb18Ta30W16,0.999979,0.999471,56.08,68.24
DFT_1435,Ti14Zr26Hf8Ta34W18,0.999986,0.999987,40.57,72.22
DFT_1436,Ti14Zr30V12Nb20Ta16Mo8,0.999959,0.999936,44.32,54.65
DFT_1437,Ti14Zr30V16Nb16Ta10W14,0.999977,0.999966,48.49,58.31
DFT_1438,Ti14Zr36Hf38Mo12,0.999892,0.999977,25.35,71.05
DFT_1439,Ti14Zr38V34Mo14,0.999968,0.999900,42.58,48.06
DFT_1440,Ti14Zr40V20Nb14Mo12,0.999955,0.999862,40.50,47.90
DFT_1441,Ti16V36Nb26W22,0.999883,0.999939,79.74,58.59
DFT_1442,Ti16Hf12Nb44W28,0.633662,0.999967,329797.12,67.11
DFT_1443,Ti16Hf12V16Nb44W12,0.004403,0.999983,35228.06,57.76
DFT_1444,Ti16Hf16V30Nb22Mo16,0.999980,0.999981,60.18,54.31
DFT_1445,Ti16Hf32Ta20Mo12W20,0.999967,0.999989,60.23,81.46
DFT_1446,Ti16Hf32V8Nb34Mo10,0.999974,0.999981,45.85,62.27
DFT_1447,Ti16Hf38Nb30Ta16,0.999971,0.999989,35.85,72.90
DFT_1448,Ti16Zr10V40Nb20Ta14,0.999989,0.999959,51.71,53.70
DFT_1449,Ti16Zr12Nb32Mo14W26,0.999986,0.999660,84.77,63.12
DFT_1450,Ti16Zr12V10Ta32Mo30,0.999957,0.999927,73.84,65.23
DFT_1451,Ti16Zr14V24Ta36Mo10,0.999979,0.999981,54.91,65.61
DFT_1452,Ti16Zr22V30Mo14W18,0.999979,0.999877,67.76,57.56
DFT_1453,Ti16Zr24V16Nb14Mo30,0.999986,0.999748,64.70,48.52
DFT_1454,Ti16Zr26Ta50W8,0.999962,0.999981,44.26,74.87
DFT_1455,Ti16Zr34Nb22Mo28,0.999973,0.999834,55.79,48.54
DFT_1456,Ti18V40Nb2Ta16W24,0.999968,0.999944,79.58,70.55
DFT_1457,Ti18Hf10Ta36Mo14W22,0.999995,0.999835,66.97,75.54
DFT_1458,Ti18Hf24Nb44Mo14,0.999987,0.999973,53.41,59.40
DFT_1459,Ti18Hf34Ta38Mo10,0.998166,0.999701,8.90,69.02
DFT_1460,Ti18Zr12V38Ta32,0.999955,0.999967,46.91,64.32
DFT_1461,Ti18Zr26Hf24Nb24W8,0.999964,0.999958,32.88,64.83
DFT_1462,Ti18Zr30V10Ta28Mo14,0.999984,0.999960,45.07,61.67
DFT_1463,Ti18Zr38V12Ta20W12,0.999945,0.999955,38.01,63.42
DFT_1464,Ti20Nb16Ta46Mo18,0.999828,0.999992,72.21,71.72
DFT_1465,Ti20Hf6V14Ta12Mo22W26,0.999975,0.999548,93.81,76.62
DFT_1466,Ti20Hf8V10Nb34Ta16Mo12,0.688203,0.999852,284982.59,74.64
DFT_1467,Ti20Hf8V16Nb8Ta36Mo12,0.999962,0.999981,51.54,67.71
DFT_1468,Ti20Hf12V14Nb22Mo20W12,0.999985,0.999913,74.54,61.85
DFT_1469,Ti20Hf14V16Ta22W28,0.067396,0.811561,-129236.44,567371.32
DFT_1470,Ti20Hf40V16Nb12W12,0.999987,0.999989,37.71,71.45
DFT_1471,Ti20Zr8Nb14Ta40W18,0.999935,0.999996,65.17,76.66
DFT_1472,Ti20Zr10V14Nb18Ta14W24,0.116073,0.999976,-7293.64,67.26
DFT_1473,Ti20Zr10V18Ta20Mo16W16,0.999968,0.999917,74.96,68.18
DFT_1474,Ti20Zr14Nb16Ta20W30,0.999961,0.999967,70.46,72.96
DFT_1475,Ti20Zr14Hf20Nb26Mo10W10,0.999979,0.999975,48.84,62.79
DFT_1476,Ti20Zr18Nb24Ta28Mo10,0.999989,0.999976,50.98,61.89
DFT_1477,Ti20Zr20Hf12Ta12Mo12W24,0.999984,0.999966,60.43,71.82
DFT_1478,Ti20Zr22V10Nb32Ta16,0.999925,0.999996,41.09,56.11
DFT_1479,Ti20Zr22V12Ta24W22,0.648356,0.810102,34530.92,50148.55
DFT_1480,Ti20Zr24Nb48Ta8,0.999844,0.999872,41.43,51.59
DFT_1481,Ti20Zr24Hf14V14Ta18W10,0.999977,0.999978,35.97,68.18
DFT_1482,Ti20Zr28Hf24Mo28,0.999991,0.999941,42.27,61.35
DFT_1483,Ti20Zr36Ta8Mo8W28,0.999987,0.999944,56.81,65.95
DFT_1484,Ti22Nb26Ta38W14,0.999883,0.999994,67.95,74.30
DFT_1485,Ti22V12Nb50Ta16,0.999967,0.999896,56.57,55.29
DFT_1486,Ti22V14Nb32Ta10Mo10W12,0.999943,0.999968,74.94,60.16
DFT_1487,Ti22Hf6V28Nb22Mo10W12,0.999967,0.999974,69.80,57.87
DFT_1488,Ti22Hf8Ta50Mo6W14,0.154677,0.633361,-147351.66,-222207.85
DFT_1489,Ti22Hf8Nb38Ta32,0.999926,0.999909,41.99,64.86
DFT_1490,Ti22Hf12Ta40W26,0.999977,0.999961,55.73,82.02
DFT_1491,Ti22Hf16V16Nb24Ta22,0.999976,0.067404,43.16,-141306.86
DFT_1492,Ti22Hf22V14Nb24Mo18,0.179767,0.118053,410822.08,263247.53
DFT_1493,Ti22Hf26Ta48W4,0.999918,0.999772,13.76,74.16
DFT_1494,Ti22Hf26V12Nb30W10,0.999979,0.999988,45.21,64.78
DFT_1495,Ti22Hf40V10Mo28,0.999992,0.999988,48.35,67.52
DFT_1496,Ti22Hf40V12Mo14W12,0.999982,0.999994,45.33,71.00
DFT_1497,Ti22Zr6V20Nb20Ta20Mo12,0.999304,0.999975,59.73,58.51
DFT_1498,Ti22Zr8V28Nb18W24,0.999962,0.999966,69.66,61.29
DFT_1499,Ti22Zr14Hf16V28Ta20,0.999940,0.999992,32.28,66.04
DFT_1500,Ti22Zr14Hf20Nb12Ta24Mo8,0.999988,0.999985,37.99,69.53
DFT_1501,Ti22Zr18Hf18Ta30W12,0.999967,0.999978,21.69,71.15
DFT_1502,Ti22Zr20Hf32Mo14W12,0.999994,0.999975,39.85,70.08
DFT_1503,Ti22Zr28Hf12Ta16W22,0.293588,0.999986,-159459.15,72.00
DFT_1504,Ti22Zr30V10Mo28W10,0.999989,0.999825,62.00,55.50
DFT_1505,Ti24Nb44Mo10W22,0.999957,0.999793,83.37,62.18
DFT_1506,Ti24Nb48Ta16Mo12,0.999949,0.999977,65.05,56.98
DFT_1507,Ti24V30Ta34Mo12,0.999985,0.999990,63.99,67.13
DFT_1508,Ti24Hf8V28Ta16Mo18W6,0.999960,0.999979,67.29,65.17
DFT_1509,Ti24Zr6V32Mo26W12,0.999981,0.999746,83.12,59.46
DFT_1510,Ti24Zr10V16Nb18Ta32,0.999973,0.999969,45.69,64.52
DFT_1511,Ti24Zr10Hf6V24Nb36,0.179835,0.070297,112280.45,70200.18
DFT_1512,Ti24Zr12Ta38Mo16W10,0.999959,0.999986,65.13,73.47
DFT_1513,Ti24Zr12V10Ta46W8,0.999959,0.999979,49.35,75.27
DFT_1514,Ti24Zr12Hf20Nb10Ta12W22,0.999972,0.999990,47.79,74.09
DFT_1515,Ti24Zr30V22Mo8W16,0.999969,0.999946,49.53,57.67
DFT_1516,Ti24Zr40Hf12Nb8Mo16,0.999963,0.999947,31.82,57.84
DFT_1517,Ti26Nb50Ta22W2,0.999953,0.999896,55.67,60.82
DFT_1518,Ti26V2Ta44Mo28,0.999903,0.999955,76.15,73.69
DFT_1519,Ti26V22Ta24Mo20W8,0.999928,0.999935,76.81,68.20
DFT_1520,Ti26V26Nb28Ta20,0.999987,0.999942,52.81,58.71
DFT_1521,Ti26Hf12Nb16Ta30W16,0.118071,0.633657,145062.28,336035.08
DFT_1522,Ti26Hf14V26Nb26W8,0.999979,0.999981,48.81,59.04
DFT_1523,Ti26Hf18V26Ta10W20,0.999961,0.118074,53.39,222962.98
DFT_1524,Ti26Hf22V40Nb2Mo10,0.999976,0.999980,42.98,58.76
DFT_1525,Ti26Hf24Nb44W6,0.999980,0.999972,43.03,63.09
DFT_1526,Ti26Hf30V14Ta18Mo12,0.999985,0.999990,39.40,71.06
DFT_1527,Ti26Zr8V4Ta50Mo12,0.999955,0.999983,54.83,74.36
DFT_1528,Ti26Zr10V4Ta22Mo28W10,0.999978,0.999884,76.20,68.52
DFT_1529,Ti26Zr10V38W26,0.999971,0.999967,66.61,64.63
DFT_1530,Ti26Zr12Nb14Mo30W18,0.999994,0.999654,84.77,64.22
DFT_1531,Ti26Zr14V38Nb12W10,0.999976,0.999955,50.21,54.64
DFT_1532,Ti26Zr16Hf16Ta20Mo22,0.999989,0.999985,46.24,67.11
DFT_1533,Ti26Zr26Nb22W26,0.999985,0.999949,54.18,61.99
DFT_1534,Ti26Zr28V8Nb38,0.999872,0.999879,35.07,50.46
DFT_1535,Ti28Nb28Ta16W28,0.999934,0.999962,76.24,72.72
DFT_1536,Ti28V12Nb18Ta42,0.999974,0.999964,50.45,70.49
DFT_1537,Ti28V28Ta24W20,0.999959,0.999983,67.84,73.85
DFT_1538,Ti28V34Nb30Mo8,0.999976,0.999964,59.41,48.16
DFT_1539,Ti28Hf6V38Ta12W16,0.999963,0.999945,58.83,67.35
DFT_1540,Ti28Hf12V40Mo20,0.633630,0.999983,367855.06,55.33
DFT_1541,Ti28Zr6Nb26Mo20W20,0.999985,0.999760,81.87,63.82
DFT_1542,Ti28Zr8V24Nb14Mo26,0.999982,0.999864,67.45,51.17
DFT_1543,Ti28Zr22Nb26Mo12W12,0.999978,0.999940,54.67,56.16
DFT_1544,Ti28Zr24V6Ta42,0.999948,0.999994,32.70,70.11
DFT_1545,Ti28Zr24V14Nb16Ta18,0.999919,0.999976,34.29,59.36
DFT_1546,Ti28Zr30Ta16Mo26,0.999986,0.999951,48.80,58.73
DFT_1547,Ti30V14Nb18Ta18Mo20,0.999967,0.999990,67.11,60.35
DFT_1548,Ti30V40Ta14Mo16,0.999971,0.998896,63.64,56.70
DFT_1549,Ti30Hf14Nb38Ta10Mo8,0.999979,0.999981,47.87,61.37
DFT_1550,Ti30Hf18V24Nb2Ta26,0.999861,0.999995,34.52,70.11
DFT_1551,Ti30Zr4Hf16V14Nb16W20,0.212289,0.168468,-257814.96,-229667.83
DFT_1552,Ti30Zr10Hf24V10Nb14Mo12,0.999987,0.999973,36.55,61.90
DFT_1553,Ti30Zr18V12Nb30Mo10,0.999957,0.999919,45.91,50.10
DFT_1554,Ti30Zr18Hf16V14Mo22,0.999989,0.999951,42.35,58.49
DFT_1555,Ti30Zr20Hf14V6Ta30,0.999763,0.999893,10.22,63.56
DFT_1556,Ti30Zr24Hf28V6Ta12,0.999205,0.999981,18.50,73.47
DFT_1557,Ti32V6Nb38Mo24,0.999982,0.999889,70.27,52.24
DFT_1558,Ti32V30Nb26W12,0.999752,0.999987,59.89,56.28
DFT_1559,Ti32Hf12V12Ta14Mo30,0.999976,0.999977,63.62,64.98
DFT_1560,Ti32Hf12V18Mo24W14,0.168442,0.255794,-183360.42,-303161.48
DFT_1561,Ti32Zr14V14Nb4Ta18W18,0.999965,0.999985,51.46,68.69
DFT_1562,Ti32Zr24V12Ta2Mo30,0.999979,0.999908,54.78,53.19
DFT_1563,Ti32Zr24Hf18W26,0.999993,0.999980,38.88,71.41
DFT_1564,Ti34Ta26Mo28W12,0.999989,0.999910,81.83,74.84
DFT_1565,Ti34V14Nb14Ta28W10,0.999972,0.999992,55.76,69.99
DFT_1566,Ti34V14Nb50Ta2,0.999968,0.999954,49.63,50.41
DFT_1567,Ti34Hf10V26Nb16Mo14,0.999984,0.999980,51.40,55.14
DFT_1568,Ti34Hf16Nb8Ta42,0.999901,0.999671,16.49,68.39
DFT_1569,Ti34Hf22Ta18Mo18W8,0.999822,0.999995,51.29,73.84
DFT_1570,Ti34Hf24Nb16Mo26,0.999991,0.999984,51.53,63.01
DFT_1571,Ti34Zr8Ta18Mo16W24,0.069604,0.999912,4468.79,74.80
DFT_1572,Ti34Zr16Ta18Mo18W14,0.999981,0.999970,60.42,68.19
DFT_1573,Ti34Zr16Hf14V16W20,0.999987,0.999978,40.23,67.35
DFT_1574,Ti34Zr16Hf20Mo12W18,0.999982,0.999985,44.82,69.27
DFT_1575,Ti36Nb42Ta2W20,0.999969,0.999992,64.36,62.83
DFT_1576,Ti36V12Ta14Mo10W28,0.999999,0.999856,78.66,76.61
DFT_1577,Ti36V26Ta10Mo28,0.999971,0.999941,70.21,58.53
DFT_1578,Ti36Zr2V12Nb16Ta4W30,0.999965,0.999958,70.31,70.30
DFT_1579,Ti36Zr14Ta36Mo14,0.999987,0.999985,45.73,69.09
DFT_1580,Ti38Hf8Nb22Ta12Mo20,0.999711,0.484597,55.92,225302.55
DFT_1581,Ti38Hf10V20Nb8Mo10W14,0.999018,0.999988,55.93,64.00
DFT_1582,Ti38Hf34V12Nb16,0.999964,0.999994,24.16,68.56
DFT_1583,Ti38Zr6Hf14V26Mo16,0.999985,0.999979,41.97,58.24
DFT_1584,Ti38Zr10Mo24W28,0.999995,0.999798,81.01,71.56
DFT_1585,Ti38Zr10V26Ta12Mo14,0.999983,0.999969,47.71,58.16
DFT_1586,Ti38Zr12Hf10Ta20Mo14W6,0.244667,0.999882,207392.45,84.39
DFT_1587,Ti38Zr14Nb22W26,0.999980,0.999976,55.85,65.12
DFT_1588,Ti38Zr16V16Mo14W16,0.999982,0.999960,56.43,61.31
DFT_1589,Ti40Nb6Ta32W22,0.999944,0.999985,61.22,79.61
DFT_1590,Ti40V6Nb20Mo14W20,0.999972,0.999917,73.28,65.10
DFT_1591,Ti40Hf4V24Nb32,0.999941,0.999978,41.83,52.86
DFT_1592,Ti40Hf4V32Ta24,0.999944,0.999998,38.20,64.71
DFT_1593,Ti40Hf6V30W24,0.999956,0.999970,57.71,67.89
DFT_1594,Ti40Hf16V10Ta14W20,0.999978,0.168459,46.01,-229790.65
DFT_1595,Ti40Hf18V18Ta12Mo12,0.999981,0.999994,38.68,65.62
DFT_1596,Ti40Zr10Nb24Mo12W14,0.999983,0.999965,57.94,60.21
DFT_1597,Ti40Zr18Nb14Ta22W6,0.999973,0.999987,35.59,66.08
DFT_1598,Ti40Zr30Hf4Mo26,0.999985,0.999938,39.54,55.96
